index,position_x,position_y,position_z,Caten-length_walltowall,Bulbcablelength(M),CatenToFloor,lineID,bulbonline,Universe,cat_sagcenter_pt_x,cat_sagcenter_pt_y,cat_sagcenter_pt_z,cat_endpoint1_x,cat_endpoint1_y,cat_endpoint1_z,cat_endpoint2_x,cat_endpoint2_y,cat_endpoint2_z,globalposition_x,globalposition_y,globalposition_z,AmI_0axis_IndicatorGlobal,AmI_Yaxis_indicatorGlobal,AmI_Zaxis_indicatorGlobal,AmI_Xaxis_indicatorGlobal,AmI_Xaxis_indicatorLocal,AmI_Zaxis_indicatorLocal,AmI_0axis_IndicatorLocal,AmI_Yaxis_indicatorLocal
0,-0.0478,0.2250,6.1643,11.3021,2.4708,-2.4708,0,0,2,-1.0776,5.0696,4.8950,0.0419,-0.1970,6.3946,-2.1970,10.3362,6.3946,184.9017,20.5289,3.0099,FALSE,FALSE,FALSE,FALSE,FALSE,FALSE,FALSE,FALSE
1,-0.1144,0.5380,6.0055,11.3021,1.8660,-1.8660,0,1,2,-1.0776,5.0696,4.8950,0.0419,-0.1970,6.3946,-2.1970,10.3362,6.3946,184.9017,20.5289,3.0099,FALSE,FALSE,FALSE,FALSE,FALSE,FALSE,FALSE,FALSE
2,-0.1809,0.8510,5.8574,11.3021,1.3265,-1.3265,0,2,2,-1.0776,5.0696,4.8950,0.0419,-0.1970,6.3946,-2.1970,10.3362,6.3946,184.9017,20.5289,3.0099,FALSE,FALSE,FALSE,FALSE,FALSE,FALSE,FALSE,FALSE
3,-0.2474,1.1640,5.7197,11.3021,1.0064,-1.0064,0,3,2,-1.0776,5.0696,4.8950,0.0419,-0.1970,6.3946,-2.1970,10.3362,6.3946,184.9017,20.5289,3.0099,FALSE,FALSE,FALSE,FALSE,FALSE,FALSE,FALSE,FALSE
4,-0.3139,1.4770,5.5926,11.3021,0.9046,-0.9046,0,4,2,-1.0776,5.0696,4.8950,0.0419,-0.1970,6.3946,-2.1970,10.3362,6.3946,184.9017,20.5289,3.0099,FALSE,FALSE,FALSE,FALSE,FALSE,FALSE,FALSE,FALSE
5,-0.3805,1.7900,5.4764,11.3021,0.9558,-0.9558,0,5,2,-1.0776,5.0696,4.8950,0.0419,-0.1970,6.3946,-2.1970,10.3362,6.3946,184.9017,20.5289,3.0099,FALSE,FALSE,FALSE,FALSE,FALSE,FALSE,FALSE,FALSE
6,-0.4470,2.1030,5.3708,11.3021,1.1576,-1.1576,0,6,2,-1.0776,5.0696,4.8950,0.0419,-0.1970,6.3946,-2.1970,10.3362,6.3946,184.9017,20.5289,3.0099,FALSE,FALSE,FALSE,FALSE,FALSE,FALSE,FALSE,FALSE
7,-0.5135,2.4160,5.2758,11.3021,1.5355,-1.5355,0,7,2,-1.0776,5.0696,4.8950,0.0419,-0.1970,6.3946,-2.1970,10.3362,6.3946,184.9017,20.5289,3.0099,FALSE,FALSE,FALSE,FALSE,FALSE,FALSE,FALSE,FALSE
8,-0.5801,2.7290,5.1913,11.3021,1.8789,-1.8789,0,8,2,-1.0776,5.0696,4.8950,0.0419,-0.1970,6.3946,-2.1970,10.3362,6.3946,184.9017,20.5289,3.0099,FALSE,FALSE,FALSE,FALSE,FALSE,FALSE,FALSE,FALSE
9,-0.6466,3.0420,5.1173,11.3021,2.0827,-2.0827,0,9,2,-1.0776,5.0696,4.8950,0.0419,-0.1970,6.3946,-2.1970,10.3362,6.3946,184.9017,20.5289,3.0099,FALSE,FALSE,FALSE,FALSE,FALSE,FALSE,FALSE,FALSE
10,-0.7131,3.3550,5.0539,11.3021,2.0099,-2.0099,0,10,2,-1.0776,5.0696,4.8950,0.0419,-0.1970,6.3946,-2.1970,10.3362,6.3946,184.9017,20.5289,3.0099,FALSE,FALSE,FALSE,FALSE,FALSE,FALSE,FALSE,FALSE
11,-0.7797,3.6681,5.0010,11.3021,1.7897,-1.7897,0,11,2,-1.0776,5.0696,4.8950,0.0419,-0.1970,6.3946,-2.1970,10.3362,6.3946,184.9017,20.5289,3.0099,FALSE,FALSE,FALSE,FALSE,FALSE,FALSE,FALSE,FALSE
12,-0.8462,3.9811,4.9587,11.3021,1.4974,-1.4974,0,12,2,-1.0776,5.0696,4.8950,0.0419,-0.1970,6.3946,-2.1970,10.3362,6.3946,184.9017,20.5289,3.0099,FALSE,FALSE,FALSE,FALSE,FALSE,FALSE,FALSE,FALSE
13,-0.9127,4.2941,4.9273,11.3021,1.2731,-1.2731,0,13,2,-1.0776,5.0696,4.8950,0.0419,-0.1970,6.3946,-2.1970,10.3362,6.3946,184.9017,20.5289,3.0099,FALSE,FALSE,FALSE,FALSE,FALSE,FALSE,FALSE,FALSE
14,-0.9793,4.6071,4.9065,11.3021,1.1171,-1.1171,0,14,2,-1.0776,5.0696,4.8950,0.0419,-0.1970,6.3946,-2.1970,10.3362,6.3946,184.9017,20.5289,3.0099,FALSE,FALSE,FALSE,FALSE,FALSE,FALSE,FALSE,FALSE
15,-1.0458,4.9201,4.8962,11.3021,0.9656,-0.9656,0,15,1,-1.0776,5.0696,4.8950,0.0419,-0.1970,6.3946,-2.1970,10.3362,6.3946,184.9017,20.5289,3.0099,FALSE,FALSE,FALSE,FALSE,FALSE,FALSE,FALSE,FALSE
16,-1.1123,5.2331,4.8965,11.3021,0.7983,-0.7983,0,16,1,-1.0776,5.0696,4.8950,0.0419,-0.1970,6.3946,-2.1970,10.3362,6.3946,184.9017,20.5289,3.0099,FALSE,FALSE,FALSE,FALSE,FALSE,FALSE,FALSE,FALSE
17,-1.1789,5.5461,4.9073,11.3021,0.6196,-0.6196,0,17,1,-1.0776,5.0696,4.8950,0.0419,-0.1970,6.3946,-2.1970,10.3362,6.3946,184.9017,20.5289,3.0099,FALSE,FALSE,FALSE,FALSE,FALSE,FALSE,FALSE,FALSE
18,-1.2454,5.8591,4.9286,11.3021,0.4553,-0.4553,0,18,1,-1.0776,5.0696,4.8950,0.0419,-0.1970,6.3946,-2.1970,10.3362,6.3946,184.9017,20.5289,3.0099,FALSE,FALSE,FALSE,FALSE,FALSE,FALSE,FALSE,FALSE
19,-1.3119,6.1721,4.9605,11.3021,0.3343,-0.3343,0,19,1,-1.0776,5.0696,4.8950,0.0419,-0.1970,6.3946,-2.1970,10.3362,6.3946,184.9017,20.5289,3.0099,FALSE,FALSE,FALSE,FALSE,FALSE,FALSE,FALSE,FALSE
20,-1.3785,6.4851,5.0031,11.3021,0.2987,-0.2987,0,20,1,-1.0776,5.0696,4.8950,0.0419,-0.1970,6.3946,-2.1970,10.3362,6.3946,184.9017,20.5289,3.0099,FALSE,FALSE,FALSE,FALSE,FALSE,FALSE,FALSE,FALSE
21,-1.4450,6.7981,5.0564,11.3021,0.3417,-0.3417,0,21,1,-1.0776,5.0696,4.8950,0.0419,-0.1970,6.3946,-2.1970,10.3362,6.3946,184.9017,20.5289,3.0099,FALSE,FALSE,FALSE,FALSE,FALSE,FALSE,FALSE,FALSE
22,-1.5115,7.1111,5.1204,11.3021,0.4606,-0.4606,0,22,1,-1.0776,5.0696,4.8950,0.0419,-0.1970,6.3946,-2.1970,10.3362,6.3946,184.9017,20.5289,3.0099,FALSE,FALSE,FALSE,FALSE,FALSE,FALSE,FALSE,FALSE
23,-1.5780,7.4241,5.1948,11.3021,0.6255,-0.6255,0,23,1,-1.0776,5.0696,4.8950,0.0419,-0.1970,6.3946,-2.1970,10.3362,6.3946,184.9017,20.5289,3.0099,FALSE,FALSE,FALSE,FALSE,FALSE,FALSE,FALSE,FALSE
24,-1.6446,7.7371,5.2798,11.3021,0.8462,-0.8462,0,24,1,-1.0776,5.0696,4.8950,0.0419,-0.1970,6.3946,-2.1970,10.3362,6.3946,184.9017,20.5289,3.0099,FALSE,FALSE,FALSE,FALSE,FALSE,FALSE,FALSE,FALSE
25,-1.7111,8.0502,5.3754,11.3021,1.1221,-1.1221,0,25,1,-1.0776,5.0696,4.8950,0.0419,-0.1970,6.3946,-2.1970,10.3362,6.3946,184.9017,20.5289,3.0099,FALSE,FALSE,FALSE,FALSE,FALSE,FALSE,FALSE,FALSE
26,-1.7776,8.3632,5.4815,11.3021,1.4486,-1.4486,0,26,1,-1.0776,5.0696,4.8950,0.0419,-0.1970,6.3946,-2.1970,10.3362,6.3946,184.9017,20.5289,3.0099,FALSE,FALSE,FALSE,FALSE,FALSE,FALSE,FALSE,FALSE
27,-1.8442,8.6762,5.5982,11.3021,1.8086,-1.8086,0,27,1,-1.0776,5.0696,4.8950,0.0419,-0.1970,6.3946,-2.1970,10.3362,6.3946,184.9017,20.5289,3.0099,FALSE,FALSE,FALSE,FALSE,FALSE,FALSE,FALSE,FALSE
28,-1.9107,8.9892,5.7256,11.3021,2.1832,-2.1832,0,28,1,-1.0776,5.0696,4.8950,0.0419,-0.1970,6.3946,-2.1970,10.3362,6.3946,184.9017,20.5289,3.0099,FALSE,FALSE,FALSE,FALSE,FALSE,FALSE,FALSE,FALSE
29,-1.9772,9.3022,5.8637,11.3021,2.5530,-2.5530,0,29,1,-1.0776,5.0696,4.8950,0.0419,-0.1970,6.3946,-2.1970,10.3362,6.3946,184.9017,20.5289,3.0099,FALSE,FALSE,FALSE,FALSE,FALSE,FALSE,FALSE,FALSE
30,-2.0438,9.6152,6.0124,11.3021,2.9125,-2.9125,0,30,1,-1.0776,5.0696,4.8950,0.0419,-0.1970,6.3946,-2.1970,10.3362,6.3946,184.9017,20.5289,3.0099,FALSE,FALSE,FALSE,FALSE,FALSE,FALSE,FALSE,FALSE
31,-2.1103,9.9282,6.1716,11.3021,3.2565,-3.2565,0,31,1,-1.0776,5.0696,4.8950,0.0419,-0.1970,6.3946,-2.1970,10.3362,6.3946,184.9017,20.5289,3.0099,FALSE,FALSE,FALSE,FALSE,FALSE,FALSE,FALSE,FALSE
32,0.4256,0.1620,6.2119,11.3429,2.6634,-2.6634,1,0,2,-0.6276,5.1169,4.8950,0.4963,-0.1706,6.3946,-1.7515,10.4044,6.3946,184.9017,20.5289,3.0099,FALSE,FALSE,FALSE,FALSE,FALSE,FALSE,FALSE,FALSE
33,0.3591,0.4750,6.0509,11.3429,2.1560,-2.1560,1,1,2,-0.6276,5.1169,4.8950,0.4963,-0.1706,6.3946,-1.7515,10.4044,6.3946,184.9017,20.5289,3.0099,FALSE,FALSE,FALSE,FALSE,FALSE,FALSE,FALSE,FALSE
34,0.2925,0.7880,5.9003,11.3429,1.6998,-1.6998,1,2,2,-0.6276,5.1169,4.8950,0.4963,-0.1706,6.3946,-1.7515,10.4044,6.3946,184.9017,20.5289,3.0099,FALSE,FALSE,FALSE,FALSE,FALSE,FALSE,FALSE,FALSE
35,0.2260,1.1011,5.7603,11.3429,1.3236,-1.3236,1,3,2,-0.6276,5.1169,4.8950,0.4963,-0.1706,6.3946,-1.7515,10.4044,6.3946,184.9017,20.5289,3.0099,FALSE,FALSE,FALSE,FALSE,FALSE,FALSE,FALSE,FALSE
36,0.1595,1.4141,5.6306,11.3429,1.2005,-1.2005,1,4,2,-0.6276,5.1169,4.8950,0.4963,-0.1706,6.3946,-1.7515,10.4044,6.3946,184.9017,20.5289,3.0099,FALSE,FALSE,FALSE,FALSE,FALSE,FALSE,FALSE,FALSE
37,0.0930,1.7271,5.5115,11.3429,1.3143,-1.3143,1,5,2,-0.6276,5.1169,4.8950,0.4963,-0.1706,6.3946,-1.7515,10.4044,6.3946,184.9017,20.5289,3.0099,FALSE,FALSE,FALSE,FALSE,FALSE,FALSE,FALSE,FALSE
38,0.0264,2.0401,5.4028,11.3429,1.4851,-1.4851,1,6,2,-0.6276,5.1169,4.8950,0.4963,-0.1706,6.3946,-1.7515,10.4044,6.3946,184.9017,20.5289,3.0099,FALSE,FALSE,FALSE,FALSE,FALSE,FALSE,FALSE,FALSE
39,-0.0401,2.3531,5.3045,11.3429,1.7512,-1.7512,1,7,2,-0.6276,5.1169,4.8950,0.4963,-0.1706,6.3946,-1.7515,10.4044,6.3946,184.9017,20.5289,3.0099,FALSE,FALSE,FALSE,FALSE,FALSE,FALSE,FALSE,FALSE
40,-0.1066,2.6661,5.2170,11.3429,2.0712,-2.0712,1,8,2,-0.6276,5.1169,4.8950,0.4963,-0.1706,6.3946,-1.7515,10.4044,6.3946,184.9017,20.5289,3.0099,FALSE,FALSE,FALSE,FALSE,FALSE,FALSE,FALSE,FALSE
41,-0.1732,2.9791,5.1401,11.3429,2.2573,-2.2573,1,9,2,-0.6276,5.1169,4.8950,0.4963,-0.1706,6.3946,-1.7515,10.4044,6.3946,184.9017,20.5289,3.0099,FALSE,FALSE,FALSE,FALSE,FALSE,FALSE,FALSE,FALSE
42,-0.2397,3.2921,5.0736,11.3429,2.1942,-2.1942,1,10,2,-0.6276,5.1169,4.8950,0.4963,-0.1706,6.3946,-1.7515,10.4044,6.3946,184.9017,20.5289,3.0099,FALSE,FALSE,FALSE,FALSE,FALSE,FALSE,FALSE,FALSE
43,-0.3062,3.6051,5.0176,11.3429,2.0074,-2.0074,1,11,2,-0.6276,5.1169,4.8950,0.4963,-0.1706,6.3946,-1.7515,10.4044,6.3946,184.9017,20.5289,3.0099,FALSE,FALSE,FALSE,FALSE,FALSE,FALSE,FALSE,FALSE
44,-0.3728,3.9181,4.9721,11.3429,1.7280,-1.7280,1,12,2,-0.6276,5.1169,4.8950,0.4963,-0.1706,6.3946,-1.7515,10.4044,6.3946,184.9017,20.5289,3.0099,FALSE,FALSE,FALSE,FALSE,FALSE,FALSE,FALSE,FALSE
45,-0.4393,4.2311,4.9370,11.3429,1.4469,-1.4469,1,13,2,-0.6276,5.1169,4.8950,0.4963,-0.1706,6.3946,-1.7515,10.4044,6.3946,184.9017,20.5289,3.0099,FALSE,FALSE,FALSE,FALSE,FALSE,FALSE,FALSE,FALSE
46,-0.5058,4.5441,4.9124,11.3429,1.2544,-1.2544,1,14,2,-0.6276,5.1169,4.8950,0.4963,-0.1706,6.3946,-1.7515,10.4044,6.3946,184.9017,20.5289,3.0099,FALSE,FALSE,FALSE,FALSE,FALSE,FALSE,FALSE,FALSE
47,-0.5724,4.8571,4.8983,11.3429,1.0831,-1.0831,1,15,1,-0.6276,5.1169,4.8950,0.4963,-0.1706,6.3946,-1.7515,10.4044,6.3946,184.9017,20.5289,3.0099,FALSE,FALSE,FALSE,FALSE,FALSE,FALSE,FALSE,FALSE
48,-0.6389,5.1701,4.8950,11.3429,0.9143,-0.9143,1,16,1,-0.6276,5.1169,4.8950,0.4963,-0.1706,6.3946,-1.7515,10.4044,6.3946,184.9017,20.5289,3.0099,FALSE,FALSE,FALSE,FALSE,FALSE,FALSE,FALSE,FALSE
49,-0.7054,5.4832,4.9022,11.3429,0.7398,-0.7398,1,17,1,-0.6276,5.1169,4.8950,0.4963,-0.1706,6.3946,-1.7515,10.4044,6.3946,184.9017,20.5289,3.0099,FALSE,FALSE,FALSE,FALSE,FALSE,FALSE,FALSE,FALSE
50,-0.7720,5.7962,4.9198,11.3429,0.5622,-0.5622,1,18,1,-0.6276,5.1169,4.8950,0.4963,-0.1706,6.3946,-1.7515,10.4044,6.3946,184.9017,20.5289,3.0099,FALSE,FALSE,FALSE,FALSE,FALSE,FALSE,FALSE,FALSE
51,-0.8385,6.1092,4.9478,11.3429,0.3961,-0.3961,1,19,1,-0.6276,5.1169,4.8950,0.4963,-0.1706,6.3946,-1.7515,10.4044,6.3946,184.9017,20.5289,3.0099,FALSE,FALSE,FALSE,FALSE,FALSE,FALSE,FALSE,FALSE
52,-0.9050,6.4222,4.9864,11.3429,0.2866,-0.2866,1,20,1,-0.6276,5.1169,4.8950,0.4963,-0.1706,6.3946,-1.7515,10.4044,6.3946,184.9017,20.5289,3.0099,FALSE,FALSE,FALSE,FALSE,FALSE,FALSE,FALSE,FALSE
53,-0.9716,6.7352,5.0353,11.3429,0.2931,-0.2931,1,21,1,-0.6276,5.1169,4.8950,0.4963,-0.1706,6.3946,-1.7515,10.4044,6.3946,184.9017,20.5289,3.0099,FALSE,FALSE,FALSE,FALSE,FALSE,FALSE,FALSE,FALSE
54,-1.0381,7.0482,5.0948,11.3429,0.3737,-0.3737,1,22,1,-0.6276,5.1169,4.8950,0.4963,-0.1706,6.3946,-1.7515,10.4044,6.3946,184.9017,20.5289,3.0099,FALSE,FALSE,FALSE,FALSE,FALSE,FALSE,FALSE,FALSE
55,-1.1046,7.3612,5.1651,11.3429,0.5057,-0.5057,1,23,1,-0.6276,5.1169,4.8950,0.4963,-0.1706,6.3946,-1.7515,10.4044,6.3946,184.9017,20.5289,3.0099,FALSE,FALSE,FALSE,FALSE,FALSE,FALSE,FALSE,FALSE
56,-1.1711,7.6742,5.2458,11.3429,0.6639,-0.6639,1,24,1,-0.6276,5.1169,4.8950,0.4963,-0.1706,6.3946,-1.7515,10.4044,6.3946,184.9017,20.5289,3.0099,FALSE,FALSE,FALSE,FALSE,FALSE,FALSE,FALSE,FALSE
57,-1.2377,7.9872,5.3370,11.3429,0.9012,-0.9012,1,25,1,-0.6276,5.1169,4.8950,0.4963,-0.1706,6.3946,-1.7515,10.4044,6.3946,184.9017,20.5289,3.0099,FALSE,FALSE,FALSE,FALSE,FALSE,FALSE,FALSE,FALSE
58,-1.3042,8.3002,5.4387,11.3429,1.2039,-1.2039,1,26,1,-0.6276,5.1169,4.8950,0.4963,-0.1706,6.3946,-1.7515,10.4044,6.3946,184.9017,20.5289,3.0099,FALSE,FALSE,FALSE,FALSE,FALSE,FALSE,FALSE,FALSE
59,-1.3707,8.6132,5.5509,11.3429,1.5493,-1.5493,1,27,1,-0.6276,5.1169,4.8950,0.4963,-0.1706,6.3946,-1.7515,10.4044,6.3946,184.9017,20.5289,3.0099,FALSE,FALSE,FALSE,FALSE,FALSE,FALSE,FALSE,FALSE
60,-1.4373,8.9262,5.6734,11.3429,1.9289,-1.9289,1,28,1,-0.6276,5.1169,4.8950,0.4963,-0.1706,6.3946,-1.7515,10.4044,6.3946,184.9017,20.5289,3.0099,FALSE,FALSE,FALSE,FALSE,FALSE,FALSE,FALSE,FALSE
61,-1.5038,9.2392,5.8065,11.3429,2.3253,-2.3253,1,29,1,-0.6276,5.1169,4.8950,0.4963,-0.1706,6.3946,-1.7515,10.4044,6.3946,184.9017,20.5289,3.0099,FALSE,FALSE,FALSE,FALSE,FALSE,FALSE,FALSE,FALSE
62,-1.5703,9.5522,5.9502,11.3429,2.6807,-2.6807,1,30,1,-0.6276,5.1169,4.8950,0.4963,-0.1706,6.3946,-1.7515,10.4044,6.3946,184.9017,20.5289,3.0099,FALSE,FALSE,FALSE,FALSE,FALSE,FALSE,FALSE,FALSE
63,-1.6369,9.8653,6.1046,11.3429,3.0863,-3.0863,1,31,1,-0.6276,5.1169,4.8950,0.4963,-0.1706,6.3946,-1.7515,10.4044,6.3946,184.9017,20.5289,3.0099,FALSE,FALSE,FALSE,FALSE,FALSE,FALSE,FALSE,FALSE
64,0.8325,0.4121,6.0973,11.3859,2.3451,-2.3451,2,0,2,-0.1779,5.1657,4.8950,0.9507,-0.1438,6.3946,-1.3065,10.4752,6.3946,184.9017,20.5289,3.0099,FALSE,FALSE,FALSE,FALSE,FALSE,FALSE,FALSE,FALSE
65,0.7660,0.7251,5.9441,11.3859,1.9536,-1.9536,2,1,2,-0.1779,5.1657,4.8950,0.9507,-0.1438,6.3946,-1.3065,10.4752,6.3946,184.9017,20.5289,3.0099,FALSE,FALSE,FALSE,FALSE,FALSE,FALSE,FALSE,FALSE
66,0.6994,1.0381,5.8012,11.3859,1.5947,-1.5947,2,2,2,-0.1779,5.1657,4.8950,0.9507,-0.1438,6.3946,-1.3065,10.4752,6.3946,184.9017,20.5289,3.0099,FALSE,FALSE,FALSE,FALSE,FALSE,FALSE,FALSE,FALSE
67,0.6329,1.3511,5.6691,11.3859,1.4679,-1.4679,2,3,2,-0.1779,5.1657,4.8950,0.9507,-0.1438,6.3946,-1.3065,10.4752,6.3946,184.9017,20.5289,3.0099,FALSE,FALSE,FALSE,FALSE,FALSE,FALSE,FALSE,FALSE
68,0.5664,1.6641,5.5473,11.3859,1.5185,-1.5185,2,4,2,-0.1779,5.1657,4.8950,0.9507,-0.1438,6.3946,-1.3065,10.4752,6.3946,184.9017,20.5289,3.0099,FALSE,FALSE,FALSE,FALSE,FALSE,FALSE,FALSE,FALSE
69,0.4999,1.9771,5.4360,11.3859,1.7066,-1.7066,2,5,2,-0.1779,5.1657,4.8950,0.9507,-0.1438,6.3946,-1.3065,10.4752,6.3946,184.9017,20.5289,3.0099,FALSE,FALSE,FALSE,FALSE,FALSE,FALSE,FALSE,FALSE
70,0.4333,2.2901,5.3350,11.3859,1.9676,-1.9676,2,6,2,-0.1779,5.1657,4.8950,0.9507,-0.1438,6.3946,-1.3065,10.4752,6.3946,184.9017,20.5289,3.0099,FALSE,FALSE,FALSE,FALSE,FALSE,FALSE,FALSE,FALSE
71,0.3668,2.6031,5.2444,11.3859,2.2331,-2.2331,2,7,2,-0.1779,5.1657,4.8950,0.9507,-0.1438,6.3946,-1.3065,10.4752,6.3946,184.9017,20.5289,3.0099,FALSE,FALSE,FALSE,FALSE,FALSE,FALSE,FALSE,FALSE
72,0.3003,2.9162,5.1641,11.3859,2.3504,-2.3504,2,8,2,-0.1779,5.1657,4.8950,0.9507,-0.1438,6.3946,-1.3065,10.4752,6.3946,184.9017,20.5289,3.0099,FALSE,FALSE,FALSE,FALSE,FALSE,FALSE,FALSE,FALSE
73,0.2337,3.2292,5.0942,11.3859,2.3128,-2.3128,2,9,2,-0.1779,5.1657,4.8950,0.9507,-0.1438,6.3946,-1.3065,10.4752,6.3946,184.9017,20.5289,3.0099,FALSE,FALSE,FALSE,FALSE,FALSE,FALSE,FALSE,FALSE
74,0.1672,3.5422,5.0351,11.3859,2.1663,-2.1663,2,10,2,-0.1779,5.1657,4.8950,0.9507,-0.1438,6.3946,-1.3065,10.4752,6.3946,184.9017,20.5289,3.0099,FALSE,FALSE,FALSE,FALSE,FALSE,FALSE,FALSE,FALSE
75,0.1007,3.8552,4.9863,11.3859,1.9260,-1.9260,2,11,2,-0.1779,5.1657,4.8950,0.9507,-0.1438,6.3946,-1.3065,10.4752,6.3946,184.9017,20.5289,3.0099,FALSE,FALSE,FALSE,FALSE,FALSE,FALSE,FALSE,FALSE
76,0.0341,4.1682,4.9480,11.3859,1.6219,-1.6219,2,12,2,-0.1779,5.1657,4.8950,0.9507,-0.1438,6.3946,-1.3065,10.4752,6.3946,184.9017,20.5289,3.0099,FALSE,FALSE,FALSE,FALSE,FALSE,FALSE,FALSE,FALSE
77,-0.0324,4.4812,4.9199,11.3859,1.3886,-1.3886,2,13,2,-0.1779,5.1657,4.8950,0.9507,-0.1438,6.3946,-1.3065,10.4752,6.3946,184.9017,20.5289,3.0099,FALSE,FALSE,FALSE,FALSE,FALSE,FALSE,FALSE,FALSE
78,-0.0989,4.7942,4.9023,11.3859,1.1937,-1.1937,2,14,2,-0.1779,5.1657,4.8950,0.9507,-0.1438,6.3946,-1.3065,10.4752,6.3946,184.9017,20.5289,3.0099,FALSE,FALSE,FALSE,FALSE,FALSE,FALSE,FALSE,FALSE
79,-0.1655,5.1072,4.8950,11.3859,1.0250,-1.0250,2,15,1,-0.1779,5.1657,4.8950,0.9507,-0.1438,6.3946,-1.3065,10.4752,6.3946,184.9017,20.5289,3.0099,FALSE,FALSE,FALSE,FALSE,FALSE,FALSE,FALSE,FALSE
80,-0.2320,5.4202,4.8981,11.3859,0.8668,-0.8668,2,16,1,-0.1779,5.1657,4.8950,0.9507,-0.1438,6.3946,-1.3065,10.4752,6.3946,184.9017,20.5289,3.0099,FALSE,FALSE,FALSE,FALSE,FALSE,FALSE,FALSE,FALSE
81,-0.2985,5.7332,4.9120,11.3859,0.7032,-0.7032,2,17,1,-0.1779,5.1657,4.8950,0.9507,-0.1438,6.3946,-1.3065,10.4752,6.3946,184.9017,20.5289,3.0099,FALSE,FALSE,FALSE,FALSE,FALSE,FALSE,FALSE,FALSE
82,-0.3651,6.0462,4.9362,11.3859,0.5346,-0.5346,2,18,1,-0.1779,5.1657,4.8950,0.9507,-0.1438,6.3946,-1.3065,10.4752,6.3946,184.9017,20.5289,3.0099,FALSE,FALSE,FALSE,FALSE,FALSE,FALSE,FALSE,FALSE
83,-0.4316,6.3592,4.9708,11.3859,0.3529,-0.3529,2,19,1,-0.1779,5.1657,4.8950,0.9507,-0.1438,6.3946,-1.3065,10.4752,6.3946,184.9017,20.5289,3.0099,FALSE,FALSE,FALSE,FALSE,FALSE,FALSE,FALSE,FALSE
84,-0.4981,6.6722,5.0158,11.3859,0.2463,-0.2463,2,20,1,-0.1779,5.1657,4.8950,0.9507,-0.1438,6.3946,-1.3065,10.4752,6.3946,184.9017,20.5289,3.0099,FALSE,FALSE,FALSE,FALSE,FALSE,FALSE,FALSE,FALSE
85,-0.5647,6.9852,5.0711,11.3859,0.2587,-0.2587,2,21,1,-0.1779,5.1657,4.8950,0.9507,-0.1438,6.3946,-1.3065,10.4752,6.3946,184.9017,20.5289,3.0099,FALSE,FALSE,FALSE,FALSE,FALSE,FALSE,FALSE,FALSE
86,-0.6312,7.2983,5.1368,11.3859,0.3348,-0.3348,2,22,1,-0.1779,5.1657,4.8950,0.9507,-0.1438,6.3946,-1.3065,10.4752,6.3946,184.9017,20.5289,3.0099,FALSE,FALSE,FALSE,FALSE,FALSE,FALSE,FALSE,FALSE
87,-0.6977,7.6113,5.2129,11.3859,0.4163,-0.4163,2,23,1,-0.1779,5.1657,4.8950,0.9507,-0.1438,6.3946,-1.3065,10.4752,6.3946,184.9017,20.5289,3.0099,FALSE,FALSE,FALSE,FALSE,FALSE,FALSE,FALSE,FALSE
88,-0.7642,7.9243,5.2997,11.3859,0.5868,-0.5868,2,24,1,-0.1779,5.1657,4.8950,0.9507,-0.1438,6.3946,-1.3065,10.4752,6.3946,184.9017,20.5289,3.0099,FALSE,FALSE,FALSE,FALSE,FALSE,FALSE,FALSE,FALSE
89,-0.8308,8.2373,5.3969,11.3859,0.8466,-0.8466,2,25,1,-0.1779,5.1657,4.8950,0.9507,-0.1438,6.3946,-1.3065,10.4752,6.3946,184.9017,20.5289,3.0099,FALSE,FALSE,FALSE,FALSE,FALSE,FALSE,FALSE,FALSE
90,-0.8973,8.5503,5.5045,11.3859,1.1482,-1.1482,2,26,1,-0.1779,5.1657,4.8950,0.9507,-0.1438,6.3946,-1.3065,10.4752,6.3946,184.9017,20.5289,3.0099,FALSE,FALSE,FALSE,FALSE,FALSE,FALSE,FALSE,FALSE
91,-0.9638,8.8633,5.6225,11.3859,1.4854,-1.4854,2,27,1,-0.1779,5.1657,4.8950,0.9507,-0.1438,6.3946,-1.3065,10.4752,6.3946,184.9017,20.5289,3.0099,FALSE,FALSE,FALSE,FALSE,FALSE,FALSE,FALSE,FALSE
92,-1.0304,9.1763,5.7508,11.3859,1.8288,-1.8288,2,28,1,-0.1779,5.1657,4.8950,0.9507,-0.1438,6.3946,-1.3065,10.4752,6.3946,184.9017,20.5289,3.0099,FALSE,FALSE,FALSE,FALSE,FALSE,FALSE,FALSE,FALSE
93,-1.0969,9.4893,5.8895,11.3859,2.2356,-2.2356,2,29,1,-0.1779,5.1657,4.8950,0.9507,-0.1438,6.3946,-1.3065,10.4752,6.3946,184.9017,20.5289,3.0099,FALSE,FALSE,FALSE,FALSE,FALSE,FALSE,FALSE,FALSE
94,-1.1634,9.8023,6.0385,11.3859,2.6695,-2.6695,2,30,1,-0.1779,5.1657,4.8950,0.9507,-0.1438,6.3946,-1.3065,10.4752,6.3946,184.9017,20.5289,3.0099,FALSE,FALSE,FALSE,FALSE,FALSE,FALSE,FALSE,FALSE
95,-1.2300,10.1153,6.1984,11.3859,3.0421,-3.0421,2,31,1,-0.1779,5.1657,4.8950,0.9507,-0.1438,6.3946,-1.3065,10.4752,6.3946,184.9017,20.5289,3.0099,FALSE,FALSE,FALSE,FALSE,FALSE,FALSE,FALSE,FALSE
96,1.3059,0.3492,5.9862,11.3959,2.2262,-2.2262,3,0,2,0.2696,5.2246,4.8966,1.4096,-0.1387,6.2246,-0.8618,10.5475,6.3946,184.9017,20.5289,3.0099,FALSE,FALSE,FALSE,FALSE,FALSE,FALSE,FALSE,FALSE
97,1.2394,0.6622,5.8456,11.3959,1.9148,-1.9148,3,1,2,0.2696,5.2246,4.8966,1.4096,-0.1387,6.2246,-0.8618,10.5475,6.3946,184.9017,20.5289,3.0099,FALSE,FALSE,FALSE,FALSE,FALSE,FALSE,FALSE,FALSE
98,1.1729,0.9752,5.7147,11.3959,1.6119,-1.6119,3,2,2,0.2696,5.2246,4.8966,1.4096,-0.1387,6.2246,-0.8618,10.5475,6.3946,184.9017,20.5289,3.0099,FALSE,FALSE,FALSE,FALSE,FALSE,FALSE,FALSE,FALSE
99,1.1064,1.2882,5.5934,11.3959,1.5307,-1.5307,3,3,2,0.2696,5.2246,4.8966,1.4096,-0.1387,6.2246,-0.8618,10.5475,6.3946,184.9017,20.5289,3.0099,FALSE,FALSE,FALSE,FALSE,FALSE,FALSE,FALSE,FALSE
100,1.0398,1.6012,5.4818,11.3959,1.6067,-1.6067,3,4,2,0.2696,5.2246,4.8966,1.4096,-0.1387,6.2246,-0.8618,10.5475,6.3946,184.9017,20.5289,3.0099,FALSE,FALSE,FALSE,FALSE,FALSE,FALSE,FALSE,FALSE
101,0.9733,1.9142,5.3798,11.3959,1.7637,-1.7637,3,5,2,0.2696,5.2246,4.8966,1.4096,-0.1387,6.2246,-0.8618,10.5475,6.3946,184.9017,20.5289,3.0099,FALSE,FALSE,FALSE,FALSE,FALSE,FALSE,FALSE,FALSE
102,0.9068,2.2272,5.2876,11.3959,1.9922,-1.9922,3,6,2,0.2696,5.2246,4.8966,1.4096,-0.1387,6.2246,-0.8618,10.5475,6.3946,184.9017,20.5289,3.0099,FALSE,FALSE,FALSE,FALSE,FALSE,FALSE,FALSE,FALSE
103,0.8402,2.5402,5.2053,11.3959,2.2290,-2.2290,3,7,2,0.2696,5.2246,4.8966,1.4096,-0.1387,6.2246,-0.8618,10.5475,6.3946,184.9017,20.5289,3.0099,FALSE,FALSE,FALSE,FALSE,FALSE,FALSE,FALSE,FALSE
104,0.7737,2.8532,5.1326,11.3959,2.3202,-2.3202,3,8,2,0.2696,5.2246,4.8966,1.4096,-0.1387,6.2246,-0.8618,10.5475,6.3946,184.9017,20.5289,3.0099,FALSE,FALSE,FALSE,FALSE,FALSE,FALSE,FALSE,FALSE
105,0.7072,3.1662,5.0696,11.3959,2.3106,-2.3106,3,9,2,0.2696,5.2246,4.8966,1.4096,-0.1387,6.2246,-0.8618,10.5475,6.3946,184.9017,20.5289,3.0099,FALSE,FALSE,FALSE,FALSE,FALSE,FALSE,FALSE,FALSE
106,0.6406,3.4792,5.0162,11.3959,2.2005,-2.2005,3,10,2,0.2696,5.2246,4.8966,1.4096,-0.1387,6.2246,-0.8618,10.5475,6.3946,184.9017,20.5289,3.0099,FALSE,FALSE,FALSE,FALSE,FALSE,FALSE,FALSE,FALSE
107,0.5741,3.7922,4.9724,11.3959,2.0028,-2.0028,3,11,2,0.2696,5.2246,4.8966,1.4096,-0.1387,6.2246,-0.8618,10.5475,6.3946,184.9017,20.5289,3.0099,FALSE,FALSE,FALSE,FALSE,FALSE,FALSE,FALSE,FALSE
108,0.5076,4.1052,4.9383,11.3959,1.7419,-1.7419,3,12,2,0.2696,5.2246,4.8966,1.4096,-0.1387,6.2246,-0.8618,10.5475,6.3946,184.9017,20.5289,3.0099,FALSE,FALSE,FALSE,FALSE,FALSE,FALSE,FALSE,FALSE
109,0.4410,4.4182,4.9142,11.3959,1.4932,-1.4932,3,13,2,0.2696,5.2246,4.8966,1.4096,-0.1387,6.2246,-0.8618,10.5475,6.3946,184.9017,20.5289,3.0099,FALSE,FALSE,FALSE,FALSE,FALSE,FALSE,FALSE,FALSE
110,0.3745,4.7313,4.8998,11.3959,1.2755,-1.2755,3,14,2,0.2696,5.2246,4.8966,1.4096,-0.1387,6.2246,-0.8618,10.5475,6.3946,184.9017,20.5289,3.0099,FALSE,FALSE,FALSE,FALSE,FALSE,FALSE,FALSE,FALSE
111,0.3080,5.0443,4.8950,11.3959,1.1005,-1.1005,3,15,1,0.2696,5.2246,4.8966,1.4096,-0.1387,6.2246,-0.8618,10.5475,6.3946,184.9017,20.5289,3.0099,FALSE,FALSE,FALSE,FALSE,FALSE,FALSE,FALSE,FALSE
112,0.2414,5.3573,4.8998,11.3959,0.9543,-0.9543,3,16,1,0.2696,5.2246,4.8966,1.4096,-0.1387,6.2246,-0.8618,10.5475,6.3946,184.9017,20.5289,3.0099,FALSE,FALSE,FALSE,FALSE,FALSE,FALSE,FALSE,FALSE
113,0.1749,5.6703,4.9143,11.3959,0.8257,-0.8257,3,17,1,0.2696,5.2246,4.8966,1.4096,-0.1387,6.2246,-0.8618,10.5475,6.3946,184.9017,20.5289,3.0099,FALSE,FALSE,FALSE,FALSE,FALSE,FALSE,FALSE,FALSE
114,0.1084,5.9833,4.9385,11.3959,0.7100,-0.7100,3,18,1,0.2696,5.2246,4.8966,1.4096,-0.1387,6.2246,-0.8618,10.5475,6.3946,184.9017,20.5289,3.0099,FALSE,FALSE,FALSE,FALSE,FALSE,FALSE,FALSE,FALSE
115,0.0418,6.2963,4.9724,11.3959,0.5900,-0.5900,3,19,1,0.2696,5.2246,4.8966,1.4096,-0.1387,6.2246,-0.8618,10.5475,6.3946,184.9017,20.5289,3.0099,FALSE,FALSE,FALSE,FALSE,FALSE,FALSE,FALSE,FALSE
116,-0.0247,6.6093,5.0162,11.3959,0.4452,-0.4452,3,20,1,0.2696,5.2246,4.8966,1.4096,-0.1387,6.2246,-0.8618,10.5475,6.3946,184.9017,20.5289,3.0099,FALSE,FALSE,FALSE,FALSE,FALSE,FALSE,FALSE,FALSE
117,-0.0912,6.9223,5.0697,11.3959,0.3529,-0.3529,3,21,1,0.2696,5.2246,4.8966,1.4096,-0.1387,6.2246,-0.8618,10.5475,6.3946,184.9017,20.5289,3.0099,FALSE,FALSE,FALSE,FALSE,FALSE,FALSE,FALSE,FALSE
118,-0.1578,7.2353,5.1328,11.3959,0.3683,-0.3683,3,22,1,0.2696,5.2246,4.8966,1.4096,-0.1387,6.2246,-0.8618,10.5475,6.3946,184.9017,20.5289,3.0099,FALSE,FALSE,FALSE,FALSE,FALSE,FALSE,FALSE,FALSE
119,-0.2243,7.5483,5.2056,11.3959,0.4788,-0.4788,3,23,1,0.2696,5.2246,4.8966,1.4096,-0.1387,6.2246,-0.8618,10.5475,6.3946,184.9017,20.5289,3.0099,FALSE,FALSE,FALSE,FALSE,FALSE,FALSE,FALSE,FALSE
120,-0.2908,7.8613,5.2880,11.3959,0.5799,-0.5799,3,24,1,0.2696,5.2246,4.8966,1.4096,-0.1387,6.2246,-0.8618,10.5475,6.3946,184.9017,20.5289,3.0099,FALSE,FALSE,FALSE,FALSE,FALSE,FALSE,FALSE,FALSE
121,-0.3573,8.1743,5.3800,11.3959,0.7548,-0.7548,3,25,1,0.2696,5.2246,4.8966,1.4096,-0.1387,6.2246,-0.8618,10.5475,6.3946,184.9017,20.5289,3.0099,FALSE,FALSE,FALSE,FALSE,FALSE,FALSE,FALSE,FALSE
122,-0.4239,8.4873,5.4820,11.3959,0.9754,-0.9754,3,26,1,0.2696,5.2246,4.8966,1.4096,-0.1387,6.2246,-0.8618,10.5475,6.3946,184.9017,20.5289,3.0099,FALSE,FALSE,FALSE,FALSE,FALSE,FALSE,FALSE,FALSE
123,-0.4904,8.8003,5.5938,11.3959,1.2107,-1.2107,3,27,1,0.2696,5.2246,4.8966,1.4096,-0.1387,6.2246,-0.8618,10.5475,6.3946,184.9017,20.5289,3.0099,FALSE,FALSE,FALSE,FALSE,FALSE,FALSE,FALSE,FALSE
124,-0.5569,9.1134,5.7151,11.3959,1.4521,-1.4521,3,28,1,0.2696,5.2246,4.8966,1.4096,-0.1387,6.2246,-0.8618,10.5475,6.3946,184.9017,20.5289,3.0099,FALSE,FALSE,FALSE,FALSE,FALSE,FALSE,FALSE,FALSE
125,-0.6235,9.4264,5.8461,11.3959,1.7373,-1.7373,3,29,1,0.2696,5.2246,4.8966,1.4096,-0.1387,6.2246,-0.8618,10.5475,6.3946,184.9017,20.5289,3.0099,FALSE,FALSE,FALSE,FALSE,FALSE,FALSE,FALSE,FALSE
126,-0.6900,9.7394,5.9867,11.3959,2.0735,-2.0735,3,30,1,0.2696,5.2246,4.8966,1.4096,-0.1387,6.2246,-0.8618,10.5475,6.3946,184.9017,20.5289,3.0099,FALSE,FALSE,FALSE,FALSE,FALSE,FALSE,FALSE,FALSE
127,-0.7565,10.0524,6.1370,11.3959,2.4811,-2.4811,3,31,1,0.2696,5.2246,4.8966,1.4096,-0.1387,6.2246,-0.8618,10.5475,6.3946,184.9017,20.5289,3.0099,FALSE,FALSE,FALSE,FALSE,FALSE,FALSE,FALSE,FALSE
128,1.5133,1.5382,5.8388,10.2239,1.9038,-1.9038,4,0,2,0.5880,5.8912,4.9014,1.6107,1.0796,6.0666,-0.4173,10.6210,6.3946,184.9017,20.5289,3.0099,FALSE,FALSE,FALSE,FALSE,FALSE,FALSE,FALSE,FALSE
129,1.4467,1.8512,5.6975,10.2239,2.0929,-2.0929,4,1,2,0.5880,5.8912,4.9014,1.6107,1.0796,6.0666,-0.4173,10.6210,6.3946,184.9017,20.5289,3.0099,FALSE,FALSE,FALSE,FALSE,FALSE,FALSE,FALSE,FALSE
130,1.3802,2.1643,5.5676,10.2239,2.3457,-2.3457,4,2,2,0.5880,5.8912,4.9014,1.6107,1.0796,6.0666,-0.4173,10.6210,6.3946,184.9017,20.5289,3.0099,FALSE,FALSE,FALSE,FALSE,FALSE,FALSE,FALSE,FALSE
131,1.3137,2.4773,5.4493,10.2239,2.5150,-2.5150,4,3,2,0.5880,5.8912,4.9014,1.6107,1.0796,6.0666,-0.4173,10.6210,6.3946,184.9017,20.5289,3.0099,FALSE,FALSE,FALSE,FALSE,FALSE,FALSE,FALSE,FALSE
132,1.2471,2.7903,5.3423,10.2239,2.5714,-2.5714,4,4,2,0.5880,5.8912,4.9014,1.6107,1.0796,6.0666,-0.4173,10.6210,6.3946,184.9017,20.5289,3.0099,FALSE,FALSE,FALSE,FALSE,FALSE,FALSE,FALSE,FALSE
133,1.1806,3.1033,5.2468,10.2239,2.5227,-2.5227,4,5,2,0.5880,5.8912,4.9014,1.6107,1.0796,6.0666,-0.4173,10.6210,6.3946,184.9017,20.5289,3.0099,FALSE,FALSE,FALSE,FALSE,FALSE,FALSE,FALSE,FALSE
134,1.1141,3.4163,5.1628,10.2239,2.3940,-2.3940,4,6,2,0.5880,5.8912,4.9014,1.6107,1.0796,6.0666,-0.4173,10.6210,6.3946,184.9017,20.5289,3.0099,FALSE,FALSE,FALSE,FALSE,FALSE,FALSE,FALSE,FALSE
135,1.0475,3.7293,5.0902,10.2239,2.1860,-2.1860,4,7,2,0.5880,5.8912,4.9014,1.6107,1.0796,6.0666,-0.4173,10.6210,6.3946,184.9017,20.5289,3.0099,FALSE,FALSE,FALSE,FALSE,FALSE,FALSE,FALSE,FALSE
136,0.9810,4.0423,5.0290,10.2239,1.8677,-1.8677,4,8,2,0.5880,5.8912,4.9014,1.6107,1.0796,6.0666,-0.4173,10.6210,6.3946,184.9017,20.5289,3.0099,FALSE,FALSE,FALSE,FALSE,FALSE,FALSE,FALSE,FALSE
137,0.9145,4.3553,4.9793,10.2239,1.5809,-1.5809,4,9,2,0.5880,5.8912,4.9014,1.6107,1.0796,6.0666,-0.4173,10.6210,6.3946,184.9017,20.5289,3.0099,FALSE,FALSE,FALSE,FALSE,FALSE,FALSE,FALSE,FALSE
138,0.8479,4.6683,4.9410,10.2239,1.3420,-1.3420,4,10,2,0.5880,5.8912,4.9014,1.6107,1.0796,6.0666,-0.4173,10.6210,6.3946,184.9017,20.5289,3.0099,FALSE,FALSE,FALSE,FALSE,FALSE,FALSE,FALSE,FALSE
139,0.7814,4.9813,4.9142,10.2239,1.1416,-1.1416,4,11,2,0.5880,5.8912,4.9014,1.6107,1.0796,6.0666,-0.4173,10.6210,6.3946,184.9017,20.5289,3.0099,FALSE,FALSE,FALSE,FALSE,FALSE,FALSE,FALSE,FALSE
140,0.7149,5.2943,4.8988,10.2239,0.9770,-0.9770,4,12,1,0.5880,5.8912,4.9014,1.6107,1.0796,6.0666,-0.4173,10.6210,6.3946,184.9017,20.5289,3.0099,FALSE,FALSE,FALSE,FALSE,FALSE,FALSE,FALSE,FALSE
141,0.6483,5.6073,4.8949,10.2239,0.8608,-0.8608,4,13,1,0.5880,5.8912,4.9014,1.6107,1.0796,6.0666,-0.4173,10.6210,6.3946,184.9017,20.5289,3.0099,FALSE,FALSE,FALSE,FALSE,FALSE,FALSE,FALSE,FALSE
142,0.5818,5.9203,4.9024,10.2239,0.7707,-0.7707,4,14,1,0.5880,5.8912,4.9014,1.6107,1.0796,6.0666,-0.4173,10.6210,6.3946,184.9017,20.5289,3.0099,FALSE,FALSE,FALSE,FALSE,FALSE,FALSE,FALSE,FALSE
143,0.5153,6.2333,4.9215,10.2239,0.6926,-0.6926,4,15,1,0.5880,5.8912,4.9014,1.6107,1.0796,6.0666,-0.4173,10.6210,6.3946,184.9017,20.5289,3.0099,FALSE,FALSE,FALSE,FALSE,FALSE,FALSE,FALSE,FALSE
144,0.4487,6.5464,4.9521,10.2239,0.6026,-0.6026,4,16,1,0.5880,5.8912,4.9014,1.6107,1.0796,6.0666,-0.4173,10.6210,6.3946,184.9017,20.5289,3.0099,FALSE,FALSE,FALSE,FALSE,FALSE,FALSE,FALSE,FALSE
145,0.3822,6.8594,4.9941,10.2239,0.4691,-0.4691,4,17,1,0.5880,5.8912,4.9014,1.6107,1.0796,6.0666,-0.4173,10.6210,6.3946,184.9017,20.5289,3.0099,FALSE,FALSE,FALSE,FALSE,FALSE,FALSE,FALSE,FALSE
146,0.3157,7.1724,5.0476,10.2239,0.5674,-0.5674,4,18,1,0.5880,5.8912,4.9014,1.6107,1.0796,6.0666,-0.4173,10.6210,6.3946,184.9017,20.5289,3.0099,FALSE,FALSE,FALSE,FALSE,FALSE,FALSE,FALSE,FALSE
147,0.2491,7.4854,5.1125,10.2239,0.7214,-0.7214,4,19,1,0.5880,5.8912,4.9014,1.6107,1.0796,6.0666,-0.4173,10.6210,6.3946,184.9017,20.5289,3.0099,FALSE,FALSE,FALSE,FALSE,FALSE,FALSE,FALSE,FALSE
148,0.1826,7.7984,5.1889,10.2239,0.8501,-0.8501,4,20,1,0.5880,5.8912,4.9014,1.6107,1.0796,6.0666,-0.4173,10.6210,6.3946,184.9017,20.5289,3.0099,FALSE,FALSE,FALSE,FALSE,FALSE,FALSE,FALSE,FALSE
149,0.1161,8.1114,5.2767,10.2239,0.9672,-0.9672,4,21,1,0.5880,5.8912,4.9014,1.6107,1.0796,6.0666,-0.4173,10.6210,6.3946,184.9017,20.5289,3.0099,FALSE,FALSE,FALSE,FALSE,FALSE,FALSE,FALSE,FALSE
150,0.0496,8.4244,5.3760,10.2239,1.0617,-1.0617,4,22,1,0.5880,5.8912,4.9014,1.6107,1.0796,6.0666,-0.4173,10.6210,6.3946,184.9017,20.5289,3.0099,FALSE,FALSE,FALSE,FALSE,FALSE,FALSE,FALSE,FALSE
151,-0.0170,8.7374,5.4867,10.2239,1.1496,-1.1496,4,23,1,0.5880,5.8912,4.9014,1.6107,1.0796,6.0666,-0.4173,10.6210,6.3946,184.9017,20.5289,3.0099,FALSE,FALSE,FALSE,FALSE,FALSE,FALSE,FALSE,FALSE
152,-0.0835,9.0504,5.6089,10.2239,1.2997,-1.2997,4,24,1,0.5880,5.8912,4.9014,1.6107,1.0796,6.0666,-0.4173,10.6210,6.3946,184.9017,20.5289,3.0099,FALSE,FALSE,FALSE,FALSE,FALSE,FALSE,FALSE,FALSE
153,-0.1500,9.3634,5.7425,10.2239,1.4839,-1.4839,4,25,1,0.5880,5.8912,4.9014,1.6107,1.0796,6.0666,-0.4173,10.6210,6.3946,184.9017,20.5289,3.0099,FALSE,FALSE,FALSE,FALSE,FALSE,FALSE,FALSE,FALSE
154,-0.2166,9.6764,5.8876,10.2239,1.7237,-1.7237,4,26,1,0.5880,5.8912,4.9014,1.6107,1.0796,6.0666,-0.4173,10.6210,6.3946,184.9017,20.5289,3.0099,FALSE,FALSE,FALSE,FALSE,FALSE,FALSE,FALSE,FALSE
155,-0.2831,9.9894,6.0441,10.2239,2.0670,-2.0670,4,27,1,0.5880,5.8912,4.9014,1.6107,1.0796,6.0666,-0.4173,10.6210,6.3946,184.9017,20.5289,3.0099,FALSE,FALSE,FALSE,FALSE,FALSE,FALSE,FALSE,FALSE
156,-0.3496,10.3024,6.2120,10.2239,2.4153,-2.4153,4,28,1,0.5880,5.8912,4.9014,1.6107,1.0796,6.0666,-0.4173,10.6210,6.3946,184.9017,20.5289,3.0099,FALSE,FALSE,FALSE,FALSE,FALSE,FALSE,FALSE,FALSE
157,1.8536,2.1013,5.5209,9.5605,2.1414,-2.1414,5,0,2,0.9651,6.2816,4.9306,1.9373,1.7076,5.6754,0.0269,10.6953,6.3946,184.9017,20.5289,3.0099,FALSE,FALSE,FALSE,FALSE,FALSE,FALSE,FALSE,FALSE
158,1.7871,2.4143,5.4100,9.5605,2.3578,-2.3578,5,1,2,0.9651,6.2816,4.9306,1.9373,1.7076,5.6754,0.0269,10.6953,6.3946,184.9017,20.5289,3.0099,FALSE,FALSE,FALSE,FALSE,FALSE,FALSE,FALSE,FALSE
159,1.7206,2.7273,5.3100,9.5605,2.4644,-2.4644,5,2,2,0.9651,6.2816,4.9306,1.9373,1.7076,5.6754,0.0269,10.6953,6.3946,184.9017,20.5289,3.0099,FALSE,FALSE,FALSE,FALSE,FALSE,FALSE,FALSE,FALSE
160,1.6540,3.0403,5.2209,9.5605,2.4625,-2.4625,5,3,2,0.9651,6.2816,4.9306,1.9373,1.7076,5.6754,0.0269,10.6953,6.3946,184.9017,20.5289,3.0099,FALSE,FALSE,FALSE,FALSE,FALSE,FALSE,FALSE,FALSE
161,1.5875,3.3533,5.1425,9.5605,2.3863,-2.3863,5,4,2,0.9651,6.2816,4.9306,1.9373,1.7076,5.6754,0.0269,10.6953,6.3946,184.9017,20.5289,3.0099,FALSE,FALSE,FALSE,FALSE,FALSE,FALSE,FALSE,FALSE
162,1.5210,3.6663,5.0747,9.5605,2.2242,-2.2242,5,5,2,0.9651,6.2816,4.9306,1.9373,1.7076,5.6754,0.0269,10.6953,6.3946,184.9017,20.5289,3.0099,FALSE,FALSE,FALSE,FALSE,FALSE,FALSE,FALSE,FALSE
163,1.4544,3.9794,5.0177,9.5605,1.9612,-1.9612,5,6,2,0.9651,6.2816,4.9306,1.9373,1.7076,5.6754,0.0269,10.6953,6.3946,184.9017,20.5289,3.0099,FALSE,FALSE,FALSE,FALSE,FALSE,FALSE,FALSE,FALSE
164,1.3879,4.2924,4.9716,9.5605,1.6236,-1.6236,5,7,2,0.9651,6.2816,4.9306,1.9373,1.7076,5.6754,0.0269,10.6953,6.3946,184.9017,20.5289,3.0099,FALSE,FALSE,FALSE,FALSE,FALSE,FALSE,FALSE,FALSE
165,1.3214,4.6054,4.9364,9.5605,1.3350,-1.3350,5,8,2,0.9651,6.2816,4.9306,1.9373,1.7076,5.6754,0.0269,10.6953,6.3946,184.9017,20.5289,3.0099,FALSE,FALSE,FALSE,FALSE,FALSE,FALSE,FALSE,FALSE
166,1.2548,4.9184,4.9119,9.5605,1.1092,-1.1092,5,9,2,0.9651,6.2816,4.9306,1.9373,1.7076,5.6754,0.0269,10.6953,6.3946,184.9017,20.5289,3.0099,FALSE,FALSE,FALSE,FALSE,FALSE,FALSE,FALSE,FALSE
167,1.1883,5.2314,4.8981,9.5605,0.9425,-0.9425,5,10,1,0.9651,6.2816,4.9306,1.9373,1.7076,5.6754,0.0269,10.6953,6.3946,184.9017,20.5289,3.0099,FALSE,FALSE,FALSE,FALSE,FALSE,FALSE,FALSE,FALSE
168,1.1218,5.5444,4.8950,9.5605,0.8487,-0.8487,5,11,1,0.9651,6.2816,4.9306,1.9373,1.7076,5.6754,0.0269,10.6953,6.3946,184.9017,20.5289,3.0099,FALSE,FALSE,FALSE,FALSE,FALSE,FALSE,FALSE,FALSE
169,1.0552,5.8574,4.9028,9.5605,0.7918,-0.7918,5,12,1,0.9651,6.2816,4.9306,1.9373,1.7076,5.6754,0.0269,10.6953,6.3946,184.9017,20.5289,3.0099,FALSE,FALSE,FALSE,FALSE,FALSE,FALSE,FALSE,FALSE
170,0.9887,6.1704,4.9215,9.5605,0.7467,-0.7467,5,13,1,0.9651,6.2816,4.9306,1.9373,1.7076,5.6754,0.0269,10.6953,6.3946,184.9017,20.5289,3.0099,FALSE,FALSE,FALSE,FALSE,FALSE,FALSE,FALSE,FALSE
171,0.9222,6.4834,4.9509,9.5605,0.7097,-0.7097,5,14,1,0.9651,6.2816,4.9306,1.9373,1.7076,5.6754,0.0269,10.6953,6.3946,184.9017,20.5289,3.0099,FALSE,FALSE,FALSE,FALSE,FALSE,FALSE,FALSE,FALSE
172,0.8556,6.7964,4.9911,9.5605,0.6149,-0.6149,5,15,1,0.9651,6.2816,4.9306,1.9373,1.7076,5.6754,0.0269,10.6953,6.3946,184.9017,20.5289,3.0099,FALSE,FALSE,FALSE,FALSE,FALSE,FALSE,FALSE,FALSE
173,0.7891,7.1094,5.0419,9.5605,0.7062,-0.7062,5,16,1,0.9651,6.2816,4.9306,1.9373,1.7076,5.6754,0.0269,10.6953,6.3946,184.9017,20.5289,3.0099,FALSE,FALSE,FALSE,FALSE,FALSE,FALSE,FALSE,FALSE
174,0.7226,7.4224,5.1035,9.5605,0.8310,-0.8310,5,17,1,0.9651,6.2816,4.9306,1.9373,1.7076,5.6754,0.0269,10.6953,6.3946,184.9017,20.5289,3.0099,FALSE,FALSE,FALSE,FALSE,FALSE,FALSE,FALSE,FALSE
175,0.6560,7.7354,5.1762,9.5605,0.9872,-0.9872,5,18,1,0.9651,6.2816,4.9306,1.9373,1.7076,5.6754,0.0269,10.6953,6.3946,184.9017,20.5289,3.0099,FALSE,FALSE,FALSE,FALSE,FALSE,FALSE,FALSE,FALSE
176,0.5895,8.0484,5.2595,9.5605,1.0941,-1.0941,5,19,1,0.9651,6.2816,4.9306,1.9373,1.7076,5.6754,0.0269,10.6953,6.3946,184.9017,20.5289,3.0099,FALSE,FALSE,FALSE,FALSE,FALSE,FALSE,FALSE,FALSE
177,0.5230,8.3615,5.3536,9.5605,1.2150,-1.2150,5,20,1,0.9651,6.2816,4.9306,1.9373,1.7076,5.6754,0.0269,10.6953,6.3946,184.9017,20.5289,3.0099,FALSE,FALSE,FALSE,FALSE,FALSE,FALSE,FALSE,FALSE
178,0.4565,8.6745,5.4583,9.5605,1.2750,-1.2750,5,21,1,0.9651,6.2816,4.9306,1.9373,1.7076,5.6754,0.0269,10.6953,6.3946,184.9017,20.5289,3.0099,FALSE,FALSE,FALSE,FALSE,FALSE,FALSE,FALSE,FALSE
179,0.3899,8.9875,5.5738,9.5605,1.3646,-1.3646,5,22,1,0.9651,6.2816,4.9306,1.9373,1.7076,5.6754,0.0269,10.6953,6.3946,184.9017,20.5289,3.0099,FALSE,FALSE,FALSE,FALSE,FALSE,FALSE,FALSE,FALSE
180,0.3234,9.3005,5.7004,9.5605,1.4896,-1.4896,5,23,1,0.9651,6.2816,4.9306,1.9373,1.7076,5.6754,0.0269,10.6953,6.3946,184.9017,20.5289,3.0099,FALSE,FALSE,FALSE,FALSE,FALSE,FALSE,FALSE,FALSE
181,0.2569,9.6135,5.8377,9.5605,1.6787,-1.6787,5,24,1,0.9651,6.2816,4.9306,1.9373,1.7076,5.6754,0.0269,10.6953,6.3946,184.9017,20.5289,3.0099,FALSE,FALSE,FALSE,FALSE,FALSE,FALSE,FALSE,FALSE
182,0.1903,9.9265,5.9856,9.5605,2.0117,-2.0117,5,25,1,0.9651,6.2816,4.9306,1.9373,1.7076,5.6754,0.0269,10.6953,6.3946,184.9017,20.5289,3.0099,FALSE,FALSE,FALSE,FALSE,FALSE,FALSE,FALSE,FALSE
183,0.1238,10.2395,6.1443,9.5605,2.3613,-2.3613,5,26,1,0.9651,6.2816,4.9306,1.9373,1.7076,5.6754,0.0269,10.6953,6.3946,184.9017,20.5289,3.0099,FALSE,FALSE,FALSE,FALSE,FALSE,FALSE,FALSE,FALSE
184,2.3271,2.0384,5.5501,9.6081,1.8540,-1.8540,6,0,2,1.4144,6.3319,4.9311,2.3920,1.7330,5.6702,0.4710,10.7706,6.3946,184.9017,20.5289,3.0099,FALSE,FALSE,FALSE,FALSE,FALSE,FALSE,FALSE,FALSE
185,2.2605,2.3514,5.4375,9.6081,2.1441,-2.1441,6,1,2,1.4144,6.3319,4.9311,2.3920,1.7330,5.6702,0.4710,10.7706,6.3946,184.9017,20.5289,3.0099,FALSE,FALSE,FALSE,FALSE,FALSE,FALSE,FALSE,FALSE
186,2.1940,2.6644,5.3354,9.6081,2.3283,-2.3283,6,2,2,1.4144,6.3319,4.9311,2.3920,1.7330,5.6702,0.4710,10.7706,6.3946,184.9017,20.5289,3.0099,FALSE,FALSE,FALSE,FALSE,FALSE,FALSE,FALSE,FALSE
187,2.1275,2.9774,5.2439,9.6081,2.3835,-2.3835,6,3,2,1.4144,6.3319,4.9311,2.3920,1.7330,5.6702,0.4710,10.7706,6.3946,184.9017,20.5289,3.0099,FALSE,FALSE,FALSE,FALSE,FALSE,FALSE,FALSE,FALSE
188,2.0609,3.2904,5.1630,9.6081,2.3401,-2.3401,6,4,2,1.4144,6.3319,4.9311,2.3920,1.7330,5.6702,0.4710,10.7706,6.3946,184.9017,20.5289,3.0099,FALSE,FALSE,FALSE,FALSE,FALSE,FALSE,FALSE,FALSE
189,1.9944,3.6034,5.0927,9.6081,2.2241,-2.2241,6,5,2,1.4144,6.3319,4.9311,2.3920,1.7330,5.6702,0.4710,10.7706,6.3946,184.9017,20.5289,3.0099,FALSE,FALSE,FALSE,FALSE,FALSE,FALSE,FALSE,FALSE
190,1.9279,3.9164,5.0332,9.6081,2.0125,-2.0125,6,6,2,1.4144,6.3319,4.9311,2.3920,1.7330,5.6702,0.4710,10.7706,6.3946,184.9017,20.5289,3.0099,FALSE,FALSE,FALSE,FALSE,FALSE,FALSE,FALSE,FALSE
191,1.8613,4.2294,4.9844,9.6081,1.7267,-1.7267,6,7,2,1.4144,6.3319,4.9311,2.3920,1.7330,5.6702,0.4710,10.7706,6.3946,184.9017,20.5289,3.0099,FALSE,FALSE,FALSE,FALSE,FALSE,FALSE,FALSE,FALSE
192,1.7948,4.5424,4.9461,9.6081,1.3965,-1.3965,6,8,2,1.4144,6.3319,4.9311,2.3920,1.7330,5.6702,0.4710,10.7706,6.3946,184.9017,20.5289,3.0099,FALSE,FALSE,FALSE,FALSE,FALSE,FALSE,FALSE,FALSE
193,1.7283,4.8554,4.9183,9.6081,1.1023,-1.1023,6,9,2,1.4144,6.3319,4.9311,2.3920,1.7330,5.6702,0.4710,10.7706,6.3946,184.9017,20.5289,3.0099,FALSE,FALSE,FALSE,FALSE,FALSE,FALSE,FALSE,FALSE
194,1.6617,5.1684,4.9012,9.6081,0.8935,-0.8935,6,10,2,1.4144,6.3319,4.9311,2.3920,1.7330,5.6702,0.4710,10.7706,6.3946,184.9017,20.5289,3.0099,FALSE,FALSE,FALSE,FALSE,FALSE,FALSE,FALSE,FALSE
195,1.5952,5.4814,4.8948,9.6081,0.7744,-0.7744,6,11,1,1.4144,6.3319,4.9311,2.3920,1.7330,5.6702,0.4710,10.7706,6.3946,184.9017,20.5289,3.0099,FALSE,FALSE,FALSE,FALSE,FALSE,FALSE,FALSE,FALSE
196,1.5287,5.7945,4.8992,9.6081,0.7310,-0.7310,6,12,1,1.4144,6.3319,4.9311,2.3920,1.7330,5.6702,0.4710,10.7706,6.3946,184.9017,20.5289,3.0099,FALSE,FALSE,FALSE,FALSE,FALSE,FALSE,FALSE,FALSE
197,1.4621,6.1075,4.9141,9.6081,0.7268,-0.7268,6,13,1,1.4144,6.3319,4.9311,2.3920,1.7330,5.6702,0.4710,10.7706,6.3946,184.9017,20.5289,3.0099,FALSE,FALSE,FALSE,FALSE,FALSE,FALSE,FALSE,FALSE
198,1.3956,6.4205,4.9395,9.6081,0.7143,-0.7143,6,14,1,1.4144,6.3319,4.9311,2.3920,1.7330,5.6702,0.4710,10.7706,6.3946,184.9017,20.5289,3.0099,FALSE,FALSE,FALSE,FALSE,FALSE,FALSE,FALSE,FALSE
199,1.3291,6.7335,4.9756,9.6081,0.6744,-0.6744,6,15,1,1.4144,6.3319,4.9311,2.3920,1.7330,5.6702,0.4710,10.7706,6.3946,184.9017,20.5289,3.0099,FALSE,FALSE,FALSE,FALSE,FALSE,FALSE,FALSE,FALSE
200,1.2625,7.0465,5.0222,9.6081,0.6682,-0.6682,6,16,1,1.4144,6.3319,4.9311,2.3920,1.7330,5.6702,0.4710,10.7706,6.3946,184.9017,20.5289,3.0099,FALSE,FALSE,FALSE,FALSE,FALSE,FALSE,FALSE,FALSE
201,1.1960,7.3595,5.0798,9.6081,0.7300,-0.7300,6,17,1,1.4144,6.3319,4.9311,2.3920,1.7330,5.6702,0.4710,10.7706,6.3946,184.9017,20.5289,3.0099,FALSE,FALSE,FALSE,FALSE,FALSE,FALSE,FALSE,FALSE
202,1.1295,7.6725,5.1479,9.6081,0.8196,-0.8196,6,18,1,1.4144,6.3319,4.9311,2.3920,1.7330,5.6702,0.4710,10.7706,6.3946,184.9017,20.5289,3.0099,FALSE,FALSE,FALSE,FALSE,FALSE,FALSE,FALSE,FALSE
203,1.0629,7.9855,5.2266,9.6081,0.8989,-0.8989,6,19,1,1.4144,6.3319,4.9311,2.3920,1.7330,5.6702,0.4710,10.7706,6.3946,184.9017,20.5289,3.0099,FALSE,FALSE,FALSE,FALSE,FALSE,FALSE,FALSE,FALSE
204,0.9964,8.2985,5.3158,9.6081,1.1878,-1.1878,6,20,1,1.4144,6.3319,4.9311,2.3920,1.7330,5.6702,0.4710,10.7706,6.3946,184.9017,20.5289,3.0099,FALSE,FALSE,FALSE,FALSE,FALSE,FALSE,FALSE,FALSE
205,0.9299,8.6115,5.4156,9.6081,1.3748,-1.3748,6,21,1,1.4144,6.3319,4.9311,2.3920,1.7330,5.6702,0.4710,10.7706,6.3946,184.9017,20.5289,3.0099,FALSE,FALSE,FALSE,FALSE,FALSE,FALSE,FALSE,FALSE
206,0.8634,8.9245,5.5263,9.6081,1.4348,-1.4348,6,22,1,1.4144,6.3319,4.9311,2.3920,1.7330,5.6702,0.4710,10.7706,6.3946,184.9017,20.5289,3.0099,FALSE,FALSE,FALSE,FALSE,FALSE,FALSE,FALSE,FALSE
207,0.7968,9.2375,5.6476,9.6081,1.4593,-1.4593,6,23,1,1.4144,6.3319,4.9311,2.3920,1.7330,5.6702,0.4710,10.7706,6.3946,184.9017,20.5289,3.0099,FALSE,FALSE,FALSE,FALSE,FALSE,FALSE,FALSE,FALSE
208,0.7303,9.5505,5.7795,9.6081,1.5401,-1.5401,6,24,1,1.4144,6.3319,4.9311,2.3920,1.7330,5.6702,0.4710,10.7706,6.3946,184.9017,20.5289,3.0099,FALSE,FALSE,FALSE,FALSE,FALSE,FALSE,FALSE,FALSE
209,0.6638,9.8635,5.9219,9.6081,1.6663,-1.6663,6,25,1,1.4144,6.3319,4.9311,2.3920,1.7330,5.6702,0.4710,10.7706,6.3946,184.9017,20.5289,3.0099,FALSE,FALSE,FALSE,FALSE,FALSE,FALSE,FALSE,FALSE
210,0.5972,10.1766,6.0750,9.6081,2.1430,-2.1430,6,26,1,1.4144,6.3319,4.9311,2.3920,1.7330,5.6702,0.4710,10.7706,6.3946,184.9017,20.5289,3.0099,FALSE,FALSE,FALSE,FALSE,FALSE,FALSE,FALSE,FALSE
211,2.7340,2.2884,5.4679,9.6485,1.6682,-1.6682,7,0,2,1.8628,6.3868,4.9316,2.8449,1.7666,5.6651,0.9148,10.8467,6.3946,184.9017,20.5289,3.0099,FALSE,FALSE,FALSE,FALSE,FALSE,FALSE,FALSE,FALSE
212,2.6674,2.6014,5.3633,9.6485,1.9455,-1.9455,7,1,2,1.8628,6.3868,4.9316,2.8449,1.7666,5.6651,0.9148,10.8467,6.3946,184.9017,20.5289,3.0099,FALSE,FALSE,FALSE,FALSE,FALSE,FALSE,FALSE,FALSE
213,2.6009,2.9144,5.2692,9.6485,2.0837,-2.0837,7,2,2,1.8628,6.3868,4.9316,2.8449,1.7666,5.6651,0.9148,10.8467,6.3946,184.9017,20.5289,3.0099,FALSE,FALSE,FALSE,FALSE,FALSE,FALSE,FALSE,FALSE
214,2.5344,3.2274,5.1858,9.6485,2.1373,-2.1373,7,3,2,1.8628,6.3868,4.9316,2.8449,1.7666,5.6651,0.9148,10.8467,6.3946,184.9017,20.5289,3.0099,FALSE,FALSE,FALSE,FALSE,FALSE,FALSE,FALSE,FALSE
215,2.4678,3.5405,5.1130,9.6485,2.1081,-2.1081,7,4,2,1.8628,6.3868,4.9316,2.8449,1.7666,5.6651,0.9148,10.8467,6.3946,184.9017,20.5289,3.0099,FALSE,FALSE,FALSE,FALSE,FALSE,FALSE,FALSE,FALSE
216,2.4013,3.8535,5.0506,9.6485,1.9785,-1.9785,7,5,2,1.8628,6.3868,4.9316,2.8449,1.7666,5.6651,0.9148,10.8467,6.3946,184.9017,20.5289,3.0099,FALSE,FALSE,FALSE,FALSE,FALSE,FALSE,FALSE,FALSE
217,2.3348,4.1665,4.9986,9.6485,1.7321,-1.7321,7,6,2,1.8628,6.3868,4.9316,2.8449,1.7666,5.6651,0.9148,10.8467,6.3946,184.9017,20.5289,3.0099,FALSE,FALSE,FALSE,FALSE,FALSE,FALSE,FALSE,FALSE
218,2.2682,4.4795,4.9571,9.6485,1.4154,-1.4154,7,7,2,1.8628,6.3868,4.9316,2.8449,1.7666,5.6651,0.9148,10.8467,6.3946,184.9017,20.5289,3.0099,FALSE,FALSE,FALSE,FALSE,FALSE,FALSE,FALSE,FALSE
219,2.2017,4.7925,4.9260,9.6485,1.0826,-1.0826,7,8,2,1.8628,6.3868,4.9316,2.8449,1.7666,5.6651,0.9148,10.8467,6.3946,184.9017,20.5289,3.0099,FALSE,FALSE,FALSE,FALSE,FALSE,FALSE,FALSE,FALSE
220,2.1352,5.1055,4.9057,9.6485,0.8215,-0.8215,7,9,2,1.8628,6.3868,4.9316,2.8449,1.7666,5.6651,0.9148,10.8467,6.3946,184.9017,20.5289,3.0099,FALSE,FALSE,FALSE,FALSE,FALSE,FALSE,FALSE,FALSE
221,2.0686,5.4185,4.8959,9.6485,0.6814,-0.6814,7,10,1,1.8628,6.3868,4.9316,2.8449,1.7666,5.6651,0.9148,10.8467,6.3946,184.9017,20.5289,3.0099,FALSE,FALSE,FALSE,FALSE,FALSE,FALSE,FALSE,FALSE
222,2.0021,5.7315,4.8965,9.6485,0.6283,-0.6283,7,11,1,1.8628,6.3868,4.9316,2.8449,1.7666,5.6651,0.9148,10.8467,6.3946,184.9017,20.5289,3.0099,FALSE,FALSE,FALSE,FALSE,FALSE,FALSE,FALSE,FALSE
223,1.9356,6.0445,4.9076,9.6485,0.6616,-0.6616,7,12,1,1.8628,6.3868,4.9316,2.8449,1.7666,5.6651,0.9148,10.8467,6.3946,184.9017,20.5289,3.0099,FALSE,FALSE,FALSE,FALSE,FALSE,FALSE,FALSE,FALSE
224,1.8690,6.3575,4.9291,9.6485,0.6817,-0.6817,7,13,1,1.8628,6.3868,4.9316,2.8449,1.7666,5.6651,0.9148,10.8467,6.3946,184.9017,20.5289,3.0099,FALSE,FALSE,FALSE,FALSE,FALSE,FALSE,FALSE,FALSE
225,1.8025,6.6705,4.9611,9.6485,0.6715,-0.6715,7,14,1,1.8628,6.3868,4.9316,2.8449,1.7666,5.6651,0.9148,10.8467,6.3946,184.9017,20.5289,3.0099,FALSE,FALSE,FALSE,FALSE,FALSE,FALSE,FALSE,FALSE
226,1.7360,6.9835,5.0039,9.6485,0.6167,-0.6167,7,15,1,1.8628,6.3868,4.9316,2.8449,1.7666,5.6651,0.9148,10.8467,6.3946,184.9017,20.5289,3.0099,FALSE,FALSE,FALSE,FALSE,FALSE,FALSE,FALSE,FALSE
227,1.6694,7.2965,5.0571,9.6485,0.5925,-0.5925,7,16,1,1.8628,6.3868,4.9316,2.8449,1.7666,5.6651,0.9148,10.8467,6.3946,184.9017,20.5289,3.0099,FALSE,FALSE,FALSE,FALSE,FALSE,FALSE,FALSE,FALSE
228,1.6029,7.6096,5.1207,9.6485,0.5989,-0.5989,7,17,1,1.8628,6.3868,4.9316,2.8449,1.7666,5.6651,0.9148,10.8467,6.3946,184.9017,20.5289,3.0099,FALSE,FALSE,FALSE,FALSE,FALSE,FALSE,FALSE,FALSE
229,1.5364,7.9226,5.1948,9.6485,0.6429,-0.6429,7,18,1,1.8628,6.3868,4.9316,2.8449,1.7666,5.6651,0.9148,10.8467,6.3946,184.9017,20.5289,3.0099,FALSE,FALSE,FALSE,FALSE,FALSE,FALSE,FALSE,FALSE
230,1.4698,8.2356,5.2793,9.6485,0.7745,-0.7745,7,19,1,1.8628,6.3868,4.9316,2.8449,1.7666,5.6651,0.9148,10.8467,6.3946,184.9017,20.5289,3.0099,FALSE,FALSE,FALSE,FALSE,FALSE,FALSE,FALSE,FALSE
231,1.4033,8.5486,5.3744,9.6485,1.1299,-1.1299,7,20,1,1.8628,6.3868,4.9316,2.8449,1.7666,5.6651,0.9148,10.8467,6.3946,184.9017,20.5289,3.0099,FALSE,FALSE,FALSE,FALSE,FALSE,FALSE,FALSE,FALSE
232,1.3368,8.8616,5.4802,9.6485,1.3276,-1.3276,7,21,1,1.8628,6.3868,4.9316,2.8449,1.7666,5.6651,0.9148,10.8467,6.3946,184.9017,20.5289,3.0099,FALSE,FALSE,FALSE,FALSE,FALSE,FALSE,FALSE,FALSE
233,1.2703,9.1746,5.5964,9.6485,1.1924,-1.1924,7,22,1,1.8628,6.3868,4.9316,2.8449,1.7666,5.6651,0.9148,10.8467,6.3946,184.9017,20.5289,3.0099,FALSE,FALSE,FALSE,FALSE,FALSE,FALSE,FALSE,FALSE
234,1.2037,9.4876,5.7231,9.6485,1.1737,-1.1737,7,23,1,1.8628,6.3868,4.9316,2.8449,1.7666,5.6651,0.9148,10.8467,6.3946,184.9017,20.5289,3.0099,FALSE,FALSE,FALSE,FALSE,FALSE,FALSE,FALSE,FALSE
235,1.1372,9.8006,5.8602,9.6485,1.2996,-1.2996,7,24,1,1.8628,6.3868,4.9316,2.8449,1.7666,5.6651,0.9148,10.8467,6.3946,184.9017,20.5289,3.0099,FALSE,FALSE,FALSE,FALSE,FALSE,FALSE,FALSE,FALSE
236,1.0707,10.1136,6.0077,9.6485,1.7273,-1.7273,7,25,1,1.8628,6.3868,4.9316,2.8449,1.7666,5.6651,0.9148,10.8467,6.3946,184.9017,20.5289,3.0099,FALSE,FALSE,FALSE,FALSE,FALSE,FALSE,FALSE,FALSE
237,3.5400,0.6604,6.1665,9.5440,0.6299,-0.6299,8,0,2,2.6915,4.6527,4.9310,3.6279,0.2472,6.3946,1.7208,9.2192,5.6720,184.9017,20.5289,3.0099,FALSE,FALSE,FALSE,FALSE,FALSE,FALSE,FALSE,FALSE
238,3.4735,0.9735,6.0062,9.5440,0.6606,-0.6606,8,1,2,2.6915,4.6527,4.9310,3.6279,0.2472,6.3946,1.7208,9.2192,5.6720,184.9017,20.5289,3.0099,FALSE,FALSE,FALSE,FALSE,FALSE,FALSE,FALSE,FALSE
239,3.4070,1.2865,5.8568,9.5440,0.6855,-0.6855,8,2,2,2.6915,4.6527,4.9310,3.6279,0.2472,6.3946,1.7208,9.2192,5.6720,184.9017,20.5289,3.0099,FALSE,FALSE,FALSE,FALSE,FALSE,FALSE,FALSE,FALSE
240,3.3404,1.5995,5.7181,9.5440,0.7346,-0.7346,8,3,2,2.6915,4.6527,4.9310,3.6279,0.2472,6.3946,1.7208,9.2192,5.6720,184.9017,20.5289,3.0099,FALSE,FALSE,FALSE,FALSE,FALSE,FALSE,FALSE,FALSE
241,3.2739,1.9125,5.5901,9.5440,0.8400,-0.8400,8,4,2,2.6915,4.6527,4.9310,3.6279,0.2472,6.3946,1.7208,9.2192,5.6720,184.9017,20.5289,3.0099,FALSE,FALSE,FALSE,FALSE,FALSE,FALSE,FALSE,FALSE
242,3.2074,2.2255,5.4728,9.5440,1.0353,-1.0353,8,5,2,2.6915,4.6527,4.9310,3.6279,0.2472,6.3946,1.7208,9.2192,5.6720,184.9017,20.5289,3.0099,FALSE,FALSE,FALSE,FALSE,FALSE,FALSE,FALSE,FALSE
243,3.1409,2.5385,5.3664,9.5440,1.3022,-1.3022,8,6,2,2.6915,4.6527,4.9310,3.6279,0.2472,6.3946,1.7208,9.2192,5.6720,184.9017,20.5289,3.0099,FALSE,FALSE,FALSE,FALSE,FALSE,FALSE,FALSE,FALSE
244,3.0743,2.8515,5.2710,9.5440,1.5013,-1.5013,8,7,2,2.6915,4.6527,4.9310,3.6279,0.2472,6.3946,1.7208,9.2192,5.6720,184.9017,20.5289,3.0099,FALSE,FALSE,FALSE,FALSE,FALSE,FALSE,FALSE,FALSE
245,3.0078,3.1645,5.1863,9.5440,1.6354,-1.6354,8,8,2,2.6915,4.6527,4.9310,3.6279,0.2472,6.3946,1.7208,9.2192,5.6720,184.9017,20.5289,3.0099,FALSE,FALSE,FALSE,FALSE,FALSE,FALSE,FALSE,FALSE
246,2.9413,3.4775,5.1124,9.5440,1.6992,-1.6992,8,9,2,2.6915,4.6527,4.9310,3.6279,0.2472,6.3946,1.7208,9.2192,5.6720,184.9017,20.5289,3.0099,FALSE,FALSE,FALSE,FALSE,FALSE,FALSE,FALSE,FALSE
247,2.8747,3.7905,5.0491,9.5440,1.6756,-1.6756,8,10,2,2.6915,4.6527,4.9310,3.6279,0.2472,6.3946,1.7208,9.2192,5.6720,184.9017,20.5289,3.0099,FALSE,FALSE,FALSE,FALSE,FALSE,FALSE,FALSE,FALSE
248,2.8082,4.1035,4.9967,9.5440,1.5193,-1.5193,8,11,2,2.6915,4.6527,4.9310,3.6279,0.2472,6.3946,1.7208,9.2192,5.6720,184.9017,20.5289,3.0099,FALSE,FALSE,FALSE,FALSE,FALSE,FALSE,FALSE,FALSE
249,2.7417,4.4165,4.9553,9.5440,1.2640,-1.2640,8,12,2,2.6915,4.6527,4.9310,3.6279,0.2472,6.3946,1.7208,9.2192,5.6720,184.9017,20.5289,3.0099,FALSE,FALSE,FALSE,FALSE,FALSE,FALSE,FALSE,FALSE
250,2.6751,4.7295,4.9246,9.5440,0.9909,-0.9909,8,13,2,2.6915,4.6527,4.9310,3.6279,0.2472,6.3946,1.7208,9.2192,5.6720,184.9017,20.5289,3.0099,FALSE,FALSE,FALSE,FALSE,FALSE,FALSE,FALSE,FALSE
251,2.6086,5.0426,4.9047,9.5440,0.7750,-0.7750,8,14,2,2.6915,4.6527,4.9310,3.6279,0.2472,6.3946,1.7208,9.2192,5.6720,184.9017,20.5289,3.0099,FALSE,FALSE,FALSE,FALSE,FALSE,FALSE,FALSE,FALSE
252,2.5421,5.3556,4.8954,9.5440,0.6107,-0.6107,8,15,2,2.6915,4.6527,4.9310,3.6279,0.2472,6.3946,1.7208,9.2192,5.6720,184.9017,20.5289,3.0099,FALSE,FALSE,FALSE,FALSE,FALSE,FALSE,FALSE,FALSE
253,2.4755,5.6686,4.8970,9.5440,0.5907,-0.5907,8,16,1,2.6915,4.6527,4.9310,3.6279,0.2472,6.3946,1.7208,9.2192,5.6720,184.9017,20.5289,3.0099,FALSE,FALSE,FALSE,FALSE,FALSE,FALSE,FALSE,FALSE
254,2.4090,5.9816,4.9096,9.5440,0.6010,-0.6010,8,17,1,2.6915,4.6527,4.9310,3.6279,0.2472,6.3946,1.7208,9.2192,5.6720,184.9017,20.5289,3.0099,FALSE,FALSE,FALSE,FALSE,FALSE,FALSE,FALSE,FALSE
255,2.3425,6.2946,4.9330,9.5440,0.5990,-0.5990,8,18,1,2.6915,4.6527,4.9310,3.6279,0.2472,6.3946,1.7208,9.2192,5.6720,184.9017,20.5289,3.0099,FALSE,FALSE,FALSE,FALSE,FALSE,FALSE,FALSE,FALSE
256,2.2759,6.6076,4.9670,9.5440,0.5920,-0.5920,8,19,1,2.6915,4.6527,4.9310,3.6279,0.2472,6.3946,1.7208,9.2192,5.6720,184.9017,20.5289,3.0099,FALSE,FALSE,FALSE,FALSE,FALSE,FALSE,FALSE,FALSE
257,2.2094,6.9206,5.0117,9.5440,0.5462,-0.5462,8,20,1,2.6915,4.6527,4.9310,3.6279,0.2472,6.3946,1.7208,9.2192,5.6720,184.9017,20.5289,3.0099,FALSE,FALSE,FALSE,FALSE,FALSE,FALSE,FALSE,FALSE
258,2.1429,7.2336,5.0673,9.5440,0.5192,-0.5192,8,21,1,2.6915,4.6527,4.9310,3.6279,0.2472,6.3946,1.7208,9.2192,5.6720,184.9017,20.5289,3.0099,FALSE,FALSE,FALSE,FALSE,FALSE,FALSE,FALSE,FALSE
259,2.0763,7.5466,5.1339,9.5440,0.5298,-0.5298,8,22,1,2.6915,4.6527,4.9310,3.6279,0.2472,6.3946,1.7208,9.2192,5.6720,184.9017,20.5289,3.0099,FALSE,FALSE,FALSE,FALSE,FALSE,FALSE,FALSE,FALSE
260,2.0098,7.8596,5.2113,9.5440,0.5612,-0.5612,8,23,1,2.6915,4.6527,4.9310,3.6279,0.2472,6.3946,1.7208,9.2192,5.6720,184.9017,20.5289,3.0099,FALSE,FALSE,FALSE,FALSE,FALSE,FALSE,FALSE,FALSE
261,1.9433,8.1726,5.2993,9.5440,0.6169,-0.6169,8,24,1,2.6915,4.6527,4.9310,3.6279,0.2472,6.3946,1.7208,9.2192,5.6720,184.9017,20.5289,3.0099,FALSE,FALSE,FALSE,FALSE,FALSE,FALSE,FALSE,FALSE
262,1.8767,8.4856,5.3981,9.5440,0.7305,-0.7305,8,25,1,2.6915,4.6527,4.9310,3.6279,0.2472,6.3946,1.7208,9.2192,5.6720,184.9017,20.5289,3.0099,FALSE,FALSE,FALSE,FALSE,FALSE,FALSE,FALSE,FALSE
263,1.8102,8.7986,5.5077,9.5440,0.9039,-0.9039,8,26,1,2.6915,4.6527,4.9310,3.6279,0.2472,6.3946,1.7208,9.2192,5.6720,184.9017,20.5289,3.0099,FALSE,FALSE,FALSE,FALSE,FALSE,FALSE,FALSE,FALSE
264,3.9469,0.9105,6.0890,9.4814,0.4201,-0.4201,9,0,2,3.1359,4.7261,4.9307,4.0654,0.3532,6.3946,2.1721,9.2606,5.6754,184.9017,20.5289,3.0099,FALSE,FALSE,FALSE,FALSE,FALSE,FALSE,FALSE,FALSE
265,3.8804,1.2235,5.9326,9.4814,0.4642,-0.4642,9,1,2,3.1359,4.7261,4.9307,4.0654,0.3532,6.3946,2.1721,9.2606,5.6754,184.9017,20.5289,3.0099,FALSE,FALSE,FALSE,FALSE,FALSE,FALSE,FALSE,FALSE
266,3.8139,1.5365,5.7873,9.4814,0.5028,-0.5028,9,2,2,3.1359,4.7261,4.9307,4.0654,0.3532,6.3946,2.1721,9.2606,5.6754,184.9017,20.5289,3.0099,FALSE,FALSE,FALSE,FALSE,FALSE,FALSE,FALSE,FALSE
267,3.7473,1.8495,5.6528,9.4814,0.5509,-0.5509,9,3,2,3.1359,4.7261,4.9307,4.0654,0.3532,6.3946,2.1721,9.2606,5.6754,184.9017,20.5289,3.0099,FALSE,FALSE,FALSE,FALSE,FALSE,FALSE,FALSE,FALSE
268,3.6808,2.1625,5.5292,9.4814,0.6351,-0.6351,9,4,2,3.1359,4.7261,4.9307,4.0654,0.3532,6.3946,2.1721,9.2606,5.6754,184.9017,20.5289,3.0099,FALSE,FALSE,FALSE,FALSE,FALSE,FALSE,FALSE,FALSE
269,3.6143,2.4755,5.4165,9.4814,0.7569,-0.7569,9,5,2,3.1359,4.7261,4.9307,4.0654,0.3532,6.3946,2.1721,9.2606,5.6754,184.9017,20.5289,3.0099,FALSE,FALSE,FALSE,FALSE,FALSE,FALSE,FALSE,FALSE
270,3.5478,2.7886,5.3151,9.4814,0.9101,-0.9101,9,6,2,3.1359,4.7261,4.9307,4.0654,0.3532,6.3946,2.1721,9.2606,5.6754,184.9017,20.5289,3.0099,FALSE,FALSE,FALSE,FALSE,FALSE,FALSE,FALSE,FALSE
271,3.4812,3.1016,5.2246,9.4814,1.0669,-1.0669,9,7,2,3.1359,4.7261,4.9307,4.0654,0.3532,6.3946,2.1721,9.2606,5.6754,184.9017,20.5289,3.0099,FALSE,FALSE,FALSE,FALSE,FALSE,FALSE,FALSE,FALSE
272,3.4147,3.4146,5.1450,9.4814,1.1766,-1.1766,9,8,2,3.1359,4.7261,4.9307,4.0654,0.3532,6.3946,2.1721,9.2606,5.6754,184.9017,20.5289,3.0099,FALSE,FALSE,FALSE,FALSE,FALSE,FALSE,FALSE,FALSE
273,3.3482,3.7276,5.0763,9.4814,1.2221,-1.2221,9,9,2,3.1359,4.7261,4.9307,4.0654,0.3532,6.3946,2.1721,9.2606,5.6754,184.9017,20.5289,3.0099,FALSE,FALSE,FALSE,FALSE,FALSE,FALSE,FALSE,FALSE
274,3.2816,4.0406,5.0186,9.4814,1.1295,-1.1295,9,10,2,3.1359,4.7261,4.9307,4.0654,0.3532,6.3946,2.1721,9.2606,5.6754,184.9017,20.5289,3.0099,FALSE,FALSE,FALSE,FALSE,FALSE,FALSE,FALSE,FALSE
275,3.2151,4.3536,4.9721,9.4814,0.9747,-0.9747,9,11,2,3.1359,4.7261,4.9307,4.0654,0.3532,6.3946,2.1721,9.2606,5.6754,184.9017,20.5289,3.0099,FALSE,FALSE,FALSE,FALSE,FALSE,FALSE,FALSE,FALSE
276,3.1486,4.6666,4.9364,9.4814,0.7915,-0.7915,9,12,2,3.1359,4.7261,4.9307,4.0654,0.3532,6.3946,2.1721,9.2606,5.6754,184.9017,20.5289,3.0099,FALSE,FALSE,FALSE,FALSE,FALSE,FALSE,FALSE,FALSE
277,3.0820,4.9796,4.9117,9.4814,0.6645,-0.6645,9,13,2,3.1359,4.7261,4.9307,4.0654,0.3532,6.3946,2.1721,9.2606,5.6754,184.9017,20.5289,3.0099,FALSE,FALSE,FALSE,FALSE,FALSE,FALSE,FALSE,FALSE
278,3.0155,5.2926,4.8978,9.4814,0.6083,-0.6083,9,14,2,3.1359,4.7261,4.9307,4.0654,0.3532,6.3946,2.1721,9.2606,5.6754,184.9017,20.5289,3.0099,FALSE,FALSE,FALSE,FALSE,FALSE,FALSE,FALSE,FALSE
279,2.9490,5.6056,4.8951,9.4814,0.6260,-0.6260,9,15,1,3.1359,4.7261,4.9307,4.0654,0.3532,6.3946,2.1721,9.2606,5.6754,184.9017,20.5289,3.0099,FALSE,FALSE,FALSE,FALSE,FALSE,FALSE,FALSE,FALSE
280,2.8824,5.9186,4.9035,9.4814,0.6195,-0.6195,9,16,1,3.1359,4.7261,4.9307,4.0654,0.3532,6.3946,2.1721,9.2606,5.6754,184.9017,20.5289,3.0099,FALSE,FALSE,FALSE,FALSE,FALSE,FALSE,FALSE,FALSE
281,2.8159,6.2316,4.9227,9.4814,0.5861,-0.5861,9,17,1,3.1359,4.7261,4.9307,4.0654,0.3532,6.3946,2.1721,9.2606,5.6754,184.9017,20.5289,3.0099,FALSE,FALSE,FALSE,FALSE,FALSE,FALSE,FALSE,FALSE
282,2.7494,6.5446,4.9528,9.4814,0.5412,-0.5412,9,18,1,3.1359,4.7261,4.9307,4.0654,0.3532,6.3946,2.1721,9.2606,5.6754,184.9017,20.5289,3.0099,FALSE,FALSE,FALSE,FALSE,FALSE,FALSE,FALSE,FALSE
283,2.6828,6.8576,4.9938,9.4814,0.4902,-0.4902,9,19,1,3.1359,4.7261,4.9307,4.0654,0.3532,6.3946,2.1721,9.2606,5.6754,184.9017,20.5289,3.0099,FALSE,FALSE,FALSE,FALSE,FALSE,FALSE,FALSE,FALSE
284,2.6163,7.1707,5.0461,9.4814,0.4396,-0.4396,9,20,1,3.1359,4.7261,4.9307,4.0654,0.3532,6.3946,2.1721,9.2606,5.6754,184.9017,20.5289,3.0099,FALSE,FALSE,FALSE,FALSE,FALSE,FALSE,FALSE,FALSE
285,2.5498,7.4837,5.1093,9.4814,0.4411,-0.4411,9,21,1,3.1359,4.7261,4.9307,4.0654,0.3532,6.3946,2.1721,9.2606,5.6754,184.9017,20.5289,3.0099,FALSE,FALSE,FALSE,FALSE,FALSE,FALSE,FALSE,FALSE
286,2.4832,7.7967,5.1834,9.4814,0.4693,-0.4693,9,22,1,3.1359,4.7261,4.9307,4.0654,0.3532,6.3946,2.1721,9.2606,5.6754,184.9017,20.5289,3.0099,FALSE,FALSE,FALSE,FALSE,FALSE,FALSE,FALSE,FALSE
287,2.4167,8.1097,5.2683,9.4814,0.5032,-0.5032,9,23,1,3.1359,4.7261,4.9307,4.0654,0.3532,6.3946,2.1721,9.2606,5.6754,184.9017,20.5289,3.0099,FALSE,FALSE,FALSE,FALSE,FALSE,FALSE,FALSE,FALSE
288,2.3502,8.4227,5.3643,9.4814,0.5627,-0.5627,9,24,1,3.1359,4.7261,4.9307,4.0654,0.3532,6.3946,2.1721,9.2606,5.6754,184.9017,20.5289,3.0099,FALSE,FALSE,FALSE,FALSE,FALSE,FALSE,FALSE,FALSE
289,2.2837,8.7357,5.4715,9.4814,0.6895,-0.6895,9,25,1,3.1359,4.7261,4.9307,4.0654,0.3532,6.3946,2.1721,9.2606,5.6754,184.9017,20.5289,3.0099,FALSE,FALSE,FALSE,FALSE,FALSE,FALSE,FALSE,FALSE
290,4.4204,0.8476,6.1775,9.4367,0.2658,-0.2658,10,0,2,3.5782,4.8099,4.9304,4.5027,0.4605,6.3946,2.6192,9.3212,5.6788,184.9017,20.5289,3.0099,FALSE,FALSE,FALSE,FALSE,FALSE,FALSE,FALSE,FALSE
291,4.3538,1.1606,6.0140,9.4367,0.2963,-0.2963,10,1,2,3.5782,4.8099,4.9304,4.5027,0.4605,6.3946,2.6192,9.3212,5.6788,184.9017,20.5289,3.0099,FALSE,FALSE,FALSE,FALSE,FALSE,FALSE,FALSE,FALSE
292,4.2873,1.4736,5.8620,9.4367,0.3551,-0.3551,10,2,2,3.5782,4.8099,4.9304,4.5027,0.4605,6.3946,2.6192,9.3212,5.6788,184.9017,20.5289,3.0099,FALSE,FALSE,FALSE,FALSE,FALSE,FALSE,FALSE,FALSE
293,4.2208,1.7866,5.7210,9.4367,0.4315,-0.4315,10,3,2,3.5782,4.8099,4.9304,4.5027,0.4605,6.3946,2.6192,9.3212,5.6788,184.9017,20.5289,3.0099,FALSE,FALSE,FALSE,FALSE,FALSE,FALSE,FALSE,FALSE
294,4.1542,2.0996,5.5911,9.4367,0.4538,-0.4538,10,4,2,3.5782,4.8099,4.9304,4.5027,0.4605,6.3946,2.6192,9.3212,5.6788,184.9017,20.5289,3.0099,FALSE,FALSE,FALSE,FALSE,FALSE,FALSE,FALSE,FALSE
295,4.0877,2.4126,5.4721,9.4367,0.4901,-0.4901,10,5,2,3.5782,4.8099,4.9304,4.5027,0.4605,6.3946,2.6192,9.3212,5.6788,184.9017,20.5289,3.0099,FALSE,FALSE,FALSE,FALSE,FALSE,FALSE,FALSE,FALSE
296,4.0212,2.7256,5.3643,9.4367,0.5224,-0.5224,10,6,2,3.5782,4.8099,4.9304,4.5027,0.4605,6.3946,2.6192,9.3212,5.6788,184.9017,20.5289,3.0099,FALSE,FALSE,FALSE,FALSE,FALSE,FALSE,FALSE,FALSE
297,3.9547,3.0386,5.2679,9.4367,0.5909,-0.5909,10,7,2,3.5782,4.8099,4.9304,4.5027,0.4605,6.3946,2.6192,9.3212,5.6788,184.9017,20.5289,3.0099,FALSE,FALSE,FALSE,FALSE,FALSE,FALSE,FALSE,FALSE
298,3.8881,3.3516,5.1824,9.4367,0.6966,-0.6966,10,8,2,3.5782,4.8099,4.9304,4.5027,0.4605,6.3946,2.6192,9.3212,5.6788,184.9017,20.5289,3.0099,FALSE,FALSE,FALSE,FALSE,FALSE,FALSE,FALSE,FALSE
299,3.8216,3.6646,5.1079,9.4367,0.7551,-0.7551,10,9,2,3.5782,4.8099,4.9304,4.5027,0.4605,6.3946,2.6192,9.3212,5.6788,184.9017,20.5289,3.0099,FALSE,FALSE,FALSE,FALSE,FALSE,FALSE,FALSE,FALSE
300,3.7551,3.9776,5.0445,9.4367,0.7267,-0.7267,10,10,2,3.5782,4.8099,4.9304,4.5027,0.4605,6.3946,2.6192,9.3212,5.6788,184.9017,20.5289,3.0099,FALSE,FALSE,FALSE,FALSE,FALSE,FALSE,FALSE,FALSE
301,3.6885,4.2906,4.9925,9.4367,0.7114,-0.7114,10,11,2,3.5782,4.8099,4.9304,4.5027,0.4605,6.3946,2.6192,9.3212,5.6788,184.9017,20.5289,3.0099,FALSE,FALSE,FALSE,FALSE,FALSE,FALSE,FALSE,FALSE
302,3.6220,4.6037,4.9516,9.4367,0.6202,-0.6202,10,12,2,3.5782,4.8099,4.9304,4.5027,0.4605,6.3946,2.6192,9.3212,5.6788,184.9017,20.5289,3.0099,FALSE,FALSE,FALSE,FALSE,FALSE,FALSE,FALSE,FALSE
303,3.5555,4.9167,4.9216,9.4367,0.5758,-0.5758,10,13,2,3.5782,4.8099,4.9304,4.5027,0.4605,6.3946,2.6192,9.3212,5.6788,184.9017,20.5289,3.0099,FALSE,FALSE,FALSE,FALSE,FALSE,FALSE,FALSE,FALSE
304,3.4889,5.2297,4.9026,9.4367,0.6329,-0.6329,10,14,2,3.5782,4.8099,4.9304,4.5027,0.4605,6.3946,2.6192,9.3212,5.6788,184.9017,20.5289,3.0099,FALSE,FALSE,FALSE,FALSE,FALSE,FALSE,FALSE,FALSE
305,3.4224,5.5427,4.8950,9.4367,0.6859,-0.6859,10,15,2,3.5782,4.8099,4.9304,4.5027,0.4605,6.3946,2.6192,9.3212,5.6788,184.9017,20.5289,3.0099,FALSE,FALSE,FALSE,FALSE,FALSE,FALSE,FALSE,FALSE
306,3.3559,5.8557,4.8985,9.4367,0.7121,-0.7121,10,16,1,3.5782,4.8099,4.9304,4.5027,0.4605,6.3946,2.6192,9.3212,5.6788,184.9017,20.5289,3.0099,FALSE,FALSE,FALSE,FALSE,FALSE,FALSE,FALSE,FALSE
307,3.2893,6.1687,4.9131,9.4367,0.6936,-0.6936,10,17,1,3.5782,4.8099,4.9304,4.5027,0.4605,6.3946,2.6192,9.3212,5.6788,184.9017,20.5289,3.0099,FALSE,FALSE,FALSE,FALSE,FALSE,FALSE,FALSE,FALSE
308,3.2228,6.4817,4.9386,9.4367,0.6160,-0.6160,10,18,1,3.5782,4.8099,4.9304,4.5027,0.4605,6.3946,2.6192,9.3212,5.6788,184.9017,20.5289,3.0099,FALSE,FALSE,FALSE,FALSE,FALSE,FALSE,FALSE,FALSE
309,3.1563,6.7947,4.9752,9.4367,0.5147,-0.5147,10,19,1,3.5782,4.8099,4.9304,4.5027,0.4605,6.3946,2.6192,9.3212,5.6788,184.9017,20.5289,3.0099,FALSE,FALSE,FALSE,FALSE,FALSE,FALSE,FALSE,FALSE
310,3.0897,7.1077,5.0233,9.4367,0.4422,-0.4422,10,20,1,3.5782,4.8099,4.9304,4.5027,0.4605,6.3946,2.6192,9.3212,5.6788,184.9017,20.5289,3.0099,FALSE,FALSE,FALSE,FALSE,FALSE,FALSE,FALSE,FALSE
311,3.0232,7.4207,5.0823,9.4367,0.3876,-0.3876,10,21,1,3.5782,4.8099,4.9304,4.5027,0.4605,6.3946,2.6192,9.3212,5.6788,184.9017,20.5289,3.0099,FALSE,FALSE,FALSE,FALSE,FALSE,FALSE,FALSE,FALSE
312,2.9567,7.7337,5.1524,9.4367,0.3865,-0.3865,10,22,1,3.5782,4.8099,4.9304,4.5027,0.4605,6.3946,2.6192,9.3212,5.6788,184.9017,20.5289,3.0099,FALSE,FALSE,FALSE,FALSE,FALSE,FALSE,FALSE,FALSE
313,2.8901,8.0467,5.2334,9.4367,0.4249,-0.4249,10,23,1,3.5782,4.8099,4.9304,4.5027,0.4605,6.3946,2.6192,9.3212,5.6788,184.9017,20.5289,3.0099,FALSE,FALSE,FALSE,FALSE,FALSE,FALSE,FALSE,FALSE
314,2.8236,8.3597,5.3259,9.4367,0.4889,-0.4889,10,24,1,3.5782,4.8099,4.9304,4.5027,0.4605,6.3946,2.6192,9.3212,5.6788,184.9017,20.5289,3.0099,FALSE,FALSE,FALSE,FALSE,FALSE,FALSE,FALSE,FALSE
315,2.7571,8.6728,5.4294,9.4367,0.6193,-0.6193,10,25,1,3.5782,4.8099,4.9304,4.5027,0.4605,6.3946,2.6192,9.3212,5.6788,184.9017,20.5289,3.0099,FALSE,FALSE,FALSE,FALSE,FALSE,FALSE,FALSE,FALSE
316,2.6906,8.9858,5.5440,9.4367,0.8014,-0.8014,10,26,1,3.5782,4.8099,4.9304,4.5027,0.4605,6.3946,2.6192,9.3212,5.6788,184.9017,20.5289,3.0099,FALSE,FALSE,FALSE,FALSE,FALSE,FALSE,FALSE,FALSE
317,4.8273,1.0976,6.1264,10.3313,0.2566,-0.2566,11,0,2,3.9177,5.3770,4.9267,4.9397,0.5688,6.3946,2.8648,10.3305,5.7016,184.9017,20.5289,3.0099,FALSE,FALSE,FALSE,FALSE,FALSE,FALSE,FALSE,FALSE
318,4.7607,1.4106,5.9800,10.3313,0.2780,-0.2780,11,1,2,3.9177,5.3770,4.9267,4.9397,0.5688,6.3946,2.8648,10.3305,5.7016,184.9017,20.5289,3.0099,FALSE,FALSE,FALSE,FALSE,FALSE,FALSE,FALSE,FALSE
319,4.6942,1.7236,5.8428,10.3313,0.3097,-0.3097,11,2,2,3.9177,5.3770,4.9267,4.9397,0.5688,6.3946,2.8648,10.3305,5.7016,184.9017,20.5289,3.0099,FALSE,FALSE,FALSE,FALSE,FALSE,FALSE,FALSE,FALSE
320,4.6277,2.0367,5.7149,10.3313,0.3546,-0.3546,11,3,2,3.9177,5.3770,4.9267,4.9397,0.5688,6.3946,2.8648,10.3305,5.7016,184.9017,20.5289,3.0099,FALSE,FALSE,FALSE,FALSE,FALSE,FALSE,FALSE,FALSE
321,4.5612,2.3497,5.5962,10.3313,0.3918,-0.3918,11,4,2,3.9177,5.3770,4.9267,4.9397,0.5688,6.3946,2.8648,10.3305,5.7016,184.9017,20.5289,3.0099,FALSE,FALSE,FALSE,FALSE,FALSE,FALSE,FALSE,FALSE
322,4.4946,2.6627,5.4868,10.3313,0.4199,-0.4199,11,5,2,3.9177,5.3770,4.9267,4.9397,0.5688,6.3946,2.8648,10.3305,5.7016,184.9017,20.5289,3.0099,FALSE,FALSE,FALSE,FALSE,FALSE,FALSE,FALSE,FALSE
323,4.4281,2.9757,5.3867,10.3313,0.4019,-0.4019,11,6,2,3.9177,5.3770,4.9267,4.9397,0.5688,6.3946,2.8648,10.3305,5.7016,184.9017,20.5289,3.0099,FALSE,FALSE,FALSE,FALSE,FALSE,FALSE,FALSE,FALSE
324,4.3616,3.2887,5.2959,10.3313,0.4269,-0.4269,11,7,2,3.9177,5.3770,4.9267,4.9397,0.5688,6.3946,2.8648,10.3305,5.7016,184.9017,20.5289,3.0099,FALSE,FALSE,FALSE,FALSE,FALSE,FALSE,FALSE,FALSE
325,4.2950,3.6017,5.2143,10.3313,0.4716,-0.4716,11,8,2,3.9177,5.3770,4.9267,4.9397,0.5688,6.3946,2.8648,10.3305,5.7016,184.9017,20.5289,3.0099,FALSE,FALSE,FALSE,FALSE,FALSE,FALSE,FALSE,FALSE
326,4.2285,3.9147,5.1420,10.3313,0.4934,-0.4934,11,9,2,3.9177,5.3770,4.9267,4.9397,0.5688,6.3946,2.8648,10.3305,5.7016,184.9017,20.5289,3.0099,FALSE,FALSE,FALSE,FALSE,FALSE,FALSE,FALSE,FALSE
327,4.1620,4.2277,5.0789,10.3313,0.5258,-0.5258,11,10,2,3.9177,5.3770,4.9267,4.9397,0.5688,6.3946,2.8648,10.3305,5.7016,184.9017,20.5289,3.0099,FALSE,FALSE,FALSE,FALSE,FALSE,FALSE,FALSE,FALSE
328,4.0954,4.5407,5.0252,10.3313,0.5238,-0.5238,11,11,2,3.9177,5.3770,4.9267,4.9397,0.5688,6.3946,2.8648,10.3305,5.7016,184.9017,20.5289,3.0099,FALSE,FALSE,FALSE,FALSE,FALSE,FALSE,FALSE,FALSE
329,4.0289,4.8537,4.9806,10.3313,0.5525,-0.5525,11,12,2,3.9177,5.3770,4.9267,4.9397,0.5688,6.3946,2.8648,10.3305,5.7016,184.9017,20.5289,3.0099,FALSE,FALSE,FALSE,FALSE,FALSE,FALSE,FALSE,FALSE
330,3.9624,5.1667,4.9454,10.3313,0.6311,-0.6311,11,13,2,3.9177,5.3770,4.9267,4.9397,0.5688,6.3946,2.8648,10.3305,5.7016,184.9017,20.5289,3.0099,FALSE,FALSE,FALSE,FALSE,FALSE,FALSE,FALSE,FALSE
331,3.8958,5.4797,4.9194,10.3313,0.7059,-0.7059,11,14,2,3.9177,5.3770,4.9267,4.9397,0.5688,6.3946,2.8648,10.3305,5.7016,184.9017,20.5289,3.0099,FALSE,FALSE,FALSE,FALSE,FALSE,FALSE,FALSE,FALSE
332,3.8293,5.7927,4.9027,10.3313,0.7543,-0.7543,11,15,1,3.9177,5.3770,4.9267,4.9397,0.5688,6.3946,2.8648,10.3305,5.7016,184.9017,20.5289,3.0099,FALSE,FALSE,FALSE,FALSE,FALSE,FALSE,FALSE,FALSE
333,3.7628,6.1057,4.8953,10.3313,0.7550,-0.7550,11,16,1,3.9177,5.3770,4.9267,4.9397,0.5688,6.3946,2.8648,10.3305,5.7016,184.9017,20.5289,3.0099,FALSE,FALSE,FALSE,FALSE,FALSE,FALSE,FALSE,FALSE
334,3.6962,6.4188,4.8971,10.3313,0.6735,-0.6735,11,17,1,3.9177,5.3770,4.9267,4.9397,0.5688,6.3946,2.8648,10.3305,5.7016,184.9017,20.5289,3.0099,FALSE,FALSE,FALSE,FALSE,FALSE,FALSE,FALSE,FALSE
335,3.6297,6.7318,4.9082,10.3313,0.5756,-0.5756,11,18,1,3.9177,5.3770,4.9267,4.9397,0.5688,6.3946,2.8648,10.3305,5.7016,184.9017,20.5289,3.0099,FALSE,FALSE,FALSE,FALSE,FALSE,FALSE,FALSE,FALSE
336,3.5632,7.0448,4.9286,10.3313,0.4803,-0.4803,11,19,1,3.9177,5.3770,4.9267,4.9397,0.5688,6.3946,2.8648,10.3305,5.7016,184.9017,20.5289,3.0099,FALSE,FALSE,FALSE,FALSE,FALSE,FALSE,FALSE,FALSE
337,3.4966,7.3578,4.9582,10.3313,0.3815,-0.3815,11,20,1,3.9177,5.3770,4.9267,4.9397,0.5688,6.3946,2.8648,10.3305,5.7016,184.9017,20.5289,3.0099,FALSE,FALSE,FALSE,FALSE,FALSE,FALSE,FALSE,FALSE
338,3.4301,7.6708,4.9971,10.3313,0.2776,-0.2776,11,21,1,3.9177,5.3770,4.9267,4.9397,0.5688,6.3946,2.8648,10.3305,5.7016,184.9017,20.5289,3.0099,FALSE,FALSE,FALSE,FALSE,FALSE,FALSE,FALSE,FALSE
339,3.3636,7.9838,5.0453,10.3313,0.1960,-0.1960,11,22,1,3.9177,5.3770,4.9267,4.9397,0.5688,6.3946,2.8648,10.3305,5.7016,184.9017,20.5289,3.0099,FALSE,FALSE,FALSE,FALSE,FALSE,FALSE,FALSE,FALSE
340,3.2970,8.2968,5.1027,10.3313,0.1779,-0.1779,11,23,1,3.9177,5.3770,4.9267,4.9397,0.5688,6.3946,2.8648,10.3305,5.7016,184.9017,20.5289,3.0099,FALSE,FALSE,FALSE,FALSE,FALSE,FALSE,FALSE,FALSE
341,3.2305,8.6098,5.1694,10.3313,0.2550,-0.2550,11,24,1,3.9177,5.3770,4.9267,4.9397,0.5688,6.3946,2.8648,10.3305,5.7016,184.9017,20.5289,3.0099,FALSE,FALSE,FALSE,FALSE,FALSE,FALSE,FALSE,FALSE
342,3.1640,8.9228,5.2454,10.3313,0.4017,-0.4017,11,25,1,3.9177,5.3770,4.9267,4.9397,0.5688,6.3946,2.8648,10.3305,5.7016,184.9017,20.5289,3.0099,FALSE,FALSE,FALSE,FALSE,FALSE,FALSE,FALSE,FALSE
343,3.0975,9.2358,5.3306,10.3313,0.6001,-0.6001,11,26,1,3.9177,5.3770,4.9267,4.9397,0.5688,6.3946,2.8648,10.3305,5.7016,184.9017,20.5289,3.0099,FALSE,FALSE,FALSE,FALSE,FALSE,FALSE,FALSE,FALSE
344,3.0309,9.5488,5.4251,10.3313,0.8437,-0.8437,11,27,1,3.9177,5.3770,4.9267,4.9397,0.5688,6.3946,2.8648,10.3305,5.7016,184.9017,20.5289,3.0099,FALSE,FALSE,FALSE,FALSE,FALSE,FALSE,FALSE,FALSE
345,2.9644,9.8618,5.5289,10.3313,1.1137,-1.1137,11,28,1,3.9177,5.3770,4.9267,4.9397,0.5688,6.3946,2.8648,10.3305,5.7016,184.9017,20.5289,3.0099,FALSE,FALSE,FALSE,FALSE,FALSE,FALSE,FALSE,FALSE
346,5.3007,1.0347,6.2258,11.3262,0.4127,-0.4127,12,0,2,4.2454,5.9997,4.9054,5.3720,0.6994,6.3946,3.0993,11.3913,5.9746,184.9017,20.5289,3.0099,FALSE,FALSE,FALSE,FALSE,FALSE,FALSE,FALSE,FALSE
347,5.2342,1.3477,6.0774,11.3262,0.3489,-0.3489,12,1,2,4.2454,5.9997,4.9054,5.3720,0.6994,6.3946,3.0993,11.3913,5.9746,184.9017,20.5289,3.0099,FALSE,FALSE,FALSE,FALSE,FALSE,FALSE,FALSE,FALSE
348,5.1676,1.6607,5.9378,11.3262,0.3036,-0.3036,12,2,2,4.2454,5.9997,4.9054,5.3720,0.6994,6.3946,3.0993,11.3913,5.9746,184.9017,20.5289,3.0099,FALSE,FALSE,FALSE,FALSE,FALSE,FALSE,FALSE,FALSE
349,5.1011,1.9737,5.8068,11.3262,0.2733,-0.2733,12,3,2,4.2454,5.9997,4.9054,5.3720,0.6994,6.3946,3.0993,11.3913,5.9746,184.9017,20.5289,3.0099,FALSE,FALSE,FALSE,FALSE,FALSE,FALSE,FALSE,FALSE
350,5.0346,2.2867,5.6846,11.3262,0.2676,-0.2676,12,4,2,4.2454,5.9997,4.9054,5.3720,0.6994,6.3946,3.0993,11.3913,5.9746,184.9017,20.5289,3.0099,FALSE,FALSE,FALSE,FALSE,FALSE,FALSE,FALSE,FALSE
351,4.9681,2.5997,5.5711,11.3262,0.2787,-0.2787,12,5,2,4.2454,5.9997,4.9054,5.3720,0.6994,6.3946,3.0993,11.3913,5.9746,184.9017,20.5289,3.0099,FALSE,FALSE,FALSE,FALSE,FALSE,FALSE,FALSE,FALSE
352,4.9015,2.9127,5.4664,11.3262,0.2776,-0.2776,12,6,2,4.2454,5.9997,4.9054,5.3720,0.6994,6.3946,3.0993,11.3913,5.9746,184.9017,20.5289,3.0099,FALSE,FALSE,FALSE,FALSE,FALSE,FALSE,FALSE,FALSE
353,4.8350,3.2257,5.3706,11.3262,0.3026,-0.3026,12,7,2,4.2454,5.9997,4.9054,5.3720,0.6994,6.3946,3.0993,11.3913,5.9746,184.9017,20.5289,3.0099,FALSE,FALSE,FALSE,FALSE,FALSE,FALSE,FALSE,FALSE
354,4.7685,3.5387,5.2837,11.3262,0.3389,-0.3389,12,8,2,4.2454,5.9997,4.9054,5.3720,0.6994,6.3946,3.0993,11.3913,5.9746,184.9017,20.5289,3.0099,FALSE,FALSE,FALSE,FALSE,FALSE,FALSE,FALSE,FALSE
355,4.7019,3.8518,5.2055,11.3262,0.3712,-0.3712,12,9,2,4.2454,5.9997,4.9054,5.3720,0.6994,6.3946,3.0993,11.3913,5.9746,184.9017,20.5289,3.0099,FALSE,FALSE,FALSE,FALSE,FALSE,FALSE,FALSE,FALSE
356,4.6354,4.1648,5.1360,11.3262,0.3992,-0.3992,12,10,2,4.2454,5.9997,4.9054,5.3720,0.6994,6.3946,3.0993,11.3913,5.9746,184.9017,20.5289,3.0099,FALSE,FALSE,FALSE,FALSE,FALSE,FALSE,FALSE,FALSE
357,4.5689,4.4778,5.0753,11.3262,0.4270,-0.4270,12,11,2,4.2454,5.9997,4.9054,5.3720,0.6994,6.3946,3.0993,11.3913,5.9746,184.9017,20.5289,3.0099,FALSE,FALSE,FALSE,FALSE,FALSE,FALSE,FALSE,FALSE
358,4.5023,4.7908,5.0232,11.3262,0.4770,-0.4770,12,12,2,4.2454,5.9997,4.9054,5.3720,0.6994,6.3946,3.0993,11.3913,5.9746,184.9017,20.5289,3.0099,FALSE,FALSE,FALSE,FALSE,FALSE,FALSE,FALSE,FALSE
359,4.4358,5.1038,4.9800,11.3262,0.5521,-0.5521,12,13,2,4.2454,5.9997,4.9054,5.3720,0.6994,6.3946,3.0993,11.3913,5.9746,184.9017,20.5289,3.0099,FALSE,FALSE,FALSE,FALSE,FALSE,FALSE,FALSE,FALSE
360,4.3693,5.4168,4.9459,11.3262,0.6388,-0.6388,12,14,2,4.2454,5.9997,4.9054,5.3720,0.6994,6.3946,3.0993,11.3913,5.9746,184.9017,20.5289,3.0099,FALSE,FALSE,FALSE,FALSE,FALSE,FALSE,FALSE,FALSE
361,4.3027,5.7298,4.9204,11.3262,0.7059,-0.7059,12,15,2,4.2454,5.9997,4.9054,5.3720,0.6994,6.3946,3.0993,11.3913,5.9746,184.9017,20.5289,3.0099,FALSE,FALSE,FALSE,FALSE,FALSE,FALSE,FALSE,FALSE
362,4.2362,6.0428,4.9037,11.3262,0.7224,-0.7224,12,16,1,4.2454,5.9997,4.9054,5.3720,0.6994,6.3946,3.0993,11.3913,5.9746,184.9017,20.5289,3.0099,FALSE,FALSE,FALSE,FALSE,FALSE,FALSE,FALSE,FALSE
363,4.1697,6.3558,4.8957,11.3262,0.6779,-0.6779,12,17,1,4.2454,5.9997,4.9054,5.3720,0.6994,6.3946,3.0993,11.3913,5.9746,184.9017,20.5289,3.0099,FALSE,FALSE,FALSE,FALSE,FALSE,FALSE,FALSE,FALSE
364,4.1031,6.6688,4.8964,11.3262,0.6429,-0.6429,12,18,1,4.2454,5.9997,4.9054,5.3720,0.6994,6.3946,3.0993,11.3913,5.9746,184.9017,20.5289,3.0099,FALSE,FALSE,FALSE,FALSE,FALSE,FALSE,FALSE,FALSE
365,4.0366,6.9818,4.9058,11.3262,0.5844,-0.5844,12,19,1,4.2454,5.9997,4.9054,5.3720,0.6994,6.3946,3.0993,11.3913,5.9746,184.9017,20.5289,3.0099,FALSE,FALSE,FALSE,FALSE,FALSE,FALSE,FALSE,FALSE
366,3.9701,7.2948,4.9243,11.3262,0.5261,-0.5261,12,20,1,4.2454,5.9997,4.9054,5.3720,0.6994,6.3946,3.0993,11.3913,5.9746,184.9017,20.5289,3.0099,FALSE,FALSE,FALSE,FALSE,FALSE,FALSE,FALSE,FALSE
367,3.9035,7.6078,4.9516,11.3262,0.4111,-0.4111,12,21,1,4.2454,5.9997,4.9054,5.3720,0.6994,6.3946,3.0993,11.3913,5.9746,184.9017,20.5289,3.0099,FALSE,FALSE,FALSE,FALSE,FALSE,FALSE,FALSE,FALSE
368,3.8370,7.9208,4.9876,11.3262,0.2595,-0.2595,12,22,1,4.2454,5.9997,4.9054,5.3720,0.6994,6.3946,3.0993,11.3913,5.9746,184.9017,20.5289,3.0099,FALSE,FALSE,FALSE,FALSE,FALSE,FALSE,FALSE,FALSE
369,3.7705,8.2339,5.0323,11.3262,0.1079,-0.1079,12,23,1,4.2454,5.9997,4.9054,5.3720,0.6994,6.3946,3.0993,11.3913,5.9746,184.9017,20.5289,3.0099,FALSE,FALSE,FALSE,FALSE,FALSE,FALSE,FALSE,FALSE
370,3.7039,8.5469,5.0858,11.3262,0.0499,-0.0499,12,24,1,4.2454,5.9997,4.9054,5.3720,0.6994,6.3946,3.0993,11.3913,5.9746,184.9017,20.5289,3.0099,FALSE,FALSE,FALSE,FALSE,FALSE,FALSE,FALSE,FALSE
371,3.6374,8.8599,5.1480,11.3262,0.1214,-0.1214,12,25,1,4.2454,5.9997,4.9054,5.3720,0.6994,6.3946,3.0993,11.3913,5.9746,184.9017,20.5289,3.0099,FALSE,FALSE,FALSE,FALSE,FALSE,FALSE,FALSE,FALSE
372,3.5709,9.1729,5.2190,11.3262,0.2927,-0.2927,12,26,1,4.2454,5.9997,4.9054,5.3720,0.6994,6.3946,3.0993,11.3913,5.9746,184.9017,20.5289,3.0099,FALSE,FALSE,FALSE,FALSE,FALSE,FALSE,FALSE,FALSE
373,3.5044,9.4859,5.2991,11.3262,0.5615,-0.5615,12,27,1,4.2454,5.9997,4.9054,5.3720,0.6994,6.3946,3.0993,11.3913,5.9746,184.9017,20.5289,3.0099,FALSE,FALSE,FALSE,FALSE,FALSE,FALSE,FALSE,FALSE
374,3.4378,9.7989,5.3878,11.3262,0.8588,-0.8588,12,28,1,4.2454,5.9997,4.9054,5.3720,0.6994,6.3946,3.0993,11.3913,5.9746,184.9017,20.5289,3.0099,FALSE,FALSE,FALSE,FALSE,FALSE,FALSE,FALSE,FALSE
375,3.3713,10.1119,5.4853,11.3262,1.1841,-1.1841,12,29,1,4.2454,5.9997,4.9054,5.3720,0.6994,6.3946,3.0993,11.3913,5.9746,184.9017,20.5289,3.0099,FALSE,FALSE,FALSE,FALSE,FALSE,FALSE,FALSE,FALSE
376,3.3048,10.4249,5.5915,11.3262,1.5767,-1.5767,12,30,1,4.2454,5.9997,4.9054,5.3720,0.6994,6.3946,3.0993,11.3913,5.9746,184.9017,20.5289,3.0099,FALSE,FALSE,FALSE,FALSE,FALSE,FALSE,FALSE,FALSE
377,3.2382,10.7379,5.7064,11.3262,1.9855,-1.9855,12,31,1,4.2454,5.9997,4.9054,5.3720,0.6994,6.3946,3.0993,11.3913,5.9746,184.9017,20.5289,3.0099,FALSE,FALSE,FALSE,FALSE,FALSE,FALSE,FALSE,FALSE
378,3.1717,11.0509,5.8301,11.3262,2.4152,-2.4152,12,32,1,4.2454,5.9997,4.9054,5.3720,0.6994,6.3946,3.0993,11.3913,5.9746,184.9017,20.5289,3.0099,FALSE,FALSE,FALSE,FALSE,FALSE,FALSE,FALSE,FALSE
379,5.7076,1.2848,6.1405,11.4683,0.6345,-0.6345,13,0,2,4.6710,6.1616,4.8950,5.8085,0.8099,6.3946,3.5335,11.5133,6.3946,184.9017,20.5289,3.0099,FALSE,FALSE,FALSE,FALSE,FALSE,FALSE,FALSE,FALSE
380,5.6411,1.5978,5.9859,11.4683,0.4650,-0.4650,13,1,2,4.6710,6.1616,4.8950,5.8085,0.8099,6.3946,3.5335,11.5133,6.3946,184.9017,20.5289,3.0099,FALSE,FALSE,FALSE,FALSE,FALSE,FALSE,FALSE,FALSE
381,5.5745,1.9108,5.8414,11.4683,0.3472,-0.3472,13,2,2,4.6710,6.1616,4.8950,5.8085,0.8099,6.3946,3.5335,11.5133,6.3946,184.9017,20.5289,3.0099,FALSE,FALSE,FALSE,FALSE,FALSE,FALSE,FALSE,FALSE
382,5.5080,2.2238,5.7071,11.4683,0.2514,-0.2514,13,3,2,4.6710,6.1616,4.8950,5.8085,0.8099,6.3946,3.5335,11.5133,6.3946,184.9017,20.5289,3.0099,FALSE,FALSE,FALSE,FALSE,FALSE,FALSE,FALSE,FALSE
383,5.4415,2.5368,5.5830,11.4683,0.1952,-0.1952,13,4,2,4.6710,6.1616,4.8950,5.8085,0.8099,6.3946,3.5335,11.5133,6.3946,184.9017,20.5289,3.0099,FALSE,FALSE,FALSE,FALSE,FALSE,FALSE,FALSE,FALSE
384,5.3750,2.8498,5.4691,11.4683,0.1767,-0.1767,13,5,2,4.6710,6.1616,4.8950,5.8085,0.8099,6.3946,3.5335,11.5133,6.3946,184.9017,20.5289,3.0099,FALSE,FALSE,FALSE,FALSE,FALSE,FALSE,FALSE,FALSE
385,5.3084,3.1628,5.3658,11.4683,0.1892,-0.1892,13,6,2,4.6710,6.1616,4.8950,5.8085,0.8099,6.3946,3.5335,11.5133,6.3946,184.9017,20.5289,3.0099,FALSE,FALSE,FALSE,FALSE,FALSE,FALSE,FALSE,FALSE
386,5.2419,3.4758,5.2728,11.4683,0.2299,-0.2299,13,7,2,4.6710,6.1616,4.8950,5.8085,0.8099,6.3946,3.5335,11.5133,6.3946,184.9017,20.5289,3.0099,FALSE,FALSE,FALSE,FALSE,FALSE,FALSE,FALSE,FALSE
387,5.1754,3.7888,5.1899,11.4683,0.2772,-0.2772,13,8,2,4.6710,6.1616,4.8950,5.8085,0.8099,6.3946,3.5335,11.5133,6.3946,184.9017,20.5289,3.0099,FALSE,FALSE,FALSE,FALSE,FALSE,FALSE,FALSE,FALSE
388,5.1088,4.1018,5.1172,11.4683,0.2760,-0.2760,13,9,2,4.6710,6.1616,4.8950,5.8085,0.8099,6.3946,3.5335,11.5133,6.3946,184.9017,20.5289,3.0099,FALSE,FALSE,FALSE,FALSE,FALSE,FALSE,FALSE,FALSE
389,5.0423,4.4148,5.0547,11.4683,0.2899,-0.2899,13,10,2,4.6710,6.1616,4.8950,5.8085,0.8099,6.3946,3.5335,11.5133,6.3946,184.9017,20.5289,3.0099,FALSE,FALSE,FALSE,FALSE,FALSE,FALSE,FALSE,FALSE
390,4.9758,4.7278,5.0024,11.4683,0.3260,-0.3260,13,11,2,4.6710,6.1616,4.8950,5.8085,0.8099,6.3946,3.5335,11.5133,6.3946,184.9017,20.5289,3.0099,FALSE,FALSE,FALSE,FALSE,FALSE,FALSE,FALSE,FALSE
391,4.9092,5.0408,4.9606,11.4683,0.3763,-0.3763,13,12,2,4.6710,6.1616,4.8950,5.8085,0.8099,6.3946,3.5335,11.5133,6.3946,184.9017,20.5289,3.0099,FALSE,FALSE,FALSE,FALSE,FALSE,FALSE,FALSE,FALSE
392,4.8427,5.3538,4.9291,11.4683,0.4665,-0.4665,13,13,2,4.6710,6.1616,4.8950,5.8085,0.8099,6.3946,3.5335,11.5133,6.3946,184.9017,20.5289,3.0099,FALSE,FALSE,FALSE,FALSE,FALSE,FALSE,FALSE,FALSE
393,4.7762,5.6669,4.9078,11.4683,0.5553,-0.5553,13,14,2,4.6710,6.1616,4.8950,5.8085,0.8099,6.3946,3.5335,11.5133,6.3946,184.9017,20.5289,3.0099,FALSE,FALSE,FALSE,FALSE,FALSE,FALSE,FALSE,FALSE
394,4.7096,5.9799,4.8967,11.4683,0.6049,-0.6049,13,15,1,4.6710,6.1616,4.8950,5.8085,0.8099,6.3946,3.5335,11.5133,6.3946,184.9017,20.5289,3.0099,FALSE,FALSE,FALSE,FALSE,FALSE,FALSE,FALSE,FALSE
395,4.6431,6.2929,4.8958,11.4683,0.6520,-0.6520,13,16,1,4.6710,6.1616,4.8950,5.8085,0.8099,6.3946,3.5335,11.5133,6.3946,184.9017,20.5289,3.0099,FALSE,FALSE,FALSE,FALSE,FALSE,FALSE,FALSE,FALSE
396,4.5766,6.6059,4.9051,11.4683,0.6788,-0.6788,13,17,1,4.6710,6.1616,4.8950,5.8085,0.8099,6.3946,3.5335,11.5133,6.3946,184.9017,20.5289,3.0099,FALSE,FALSE,FALSE,FALSE,FALSE,FALSE,FALSE,FALSE
397,4.5100,6.9189,4.9247,11.4683,0.6980,-0.6980,13,18,1,4.6710,6.1616,4.8950,5.8085,0.8099,6.3946,3.5335,11.5133,6.3946,184.9017,20.5289,3.0099,FALSE,FALSE,FALSE,FALSE,FALSE,FALSE,FALSE,FALSE
398,4.4435,7.2319,4.9549,11.4683,0.7041,-0.7041,13,19,1,4.6710,6.1616,4.8950,5.8085,0.8099,6.3946,3.5335,11.5133,6.3946,184.9017,20.5289,3.0099,FALSE,FALSE,FALSE,FALSE,FALSE,FALSE,FALSE,FALSE
399,4.3770,7.5449,4.9952,11.4683,0.6289,-0.6289,13,20,1,4.6710,6.1616,4.8950,5.8085,0.8099,6.3946,3.5335,11.5133,6.3946,184.9017,20.5289,3.0099,FALSE,FALSE,FALSE,FALSE,FALSE,FALSE,FALSE,FALSE
400,4.3104,7.8579,5.0457,11.4683,0.5057,-0.5057,13,21,1,4.6710,6.1616,4.8950,5.8085,0.8099,6.3946,3.5335,11.5133,6.3946,184.9017,20.5289,3.0099,FALSE,FALSE,FALSE,FALSE,FALSE,FALSE,FALSE,FALSE
401,4.2439,8.1709,5.1064,11.4683,0.3538,-0.3538,13,22,1,4.6710,6.1616,4.8950,5.8085,0.8099,6.3946,3.5335,11.5133,6.3946,184.9017,20.5289,3.0099,FALSE,FALSE,FALSE,FALSE,FALSE,FALSE,FALSE,FALSE
402,4.1774,8.4839,5.1773,11.4683,0.2429,-0.2429,13,23,1,4.6710,6.1616,4.8950,5.8085,0.8099,6.3946,3.5335,11.5133,6.3946,184.9017,20.5289,3.0099,FALSE,FALSE,FALSE,FALSE,FALSE,FALSE,FALSE,FALSE
403,4.1108,8.7969,5.2584,11.4683,0.2178,-0.2178,13,24,1,4.6710,6.1616,4.8950,5.8085,0.8099,6.3946,3.5335,11.5133,6.3946,184.9017,20.5289,3.0099,FALSE,FALSE,FALSE,FALSE,FALSE,FALSE,FALSE,FALSE
404,4.0443,9.1099,5.3501,11.4683,0.3731,-0.3731,13,25,1,4.6710,6.1616,4.8950,5.8085,0.8099,6.3946,3.5335,11.5133,6.3946,184.9017,20.5289,3.0099,FALSE,FALSE,FALSE,FALSE,FALSE,FALSE,FALSE,FALSE
405,3.9778,9.4229,5.4520,11.4683,0.6154,-0.6154,13,26,1,4.6710,6.1616,4.8950,5.8085,0.8099,6.3946,3.5335,11.5133,6.3946,184.9017,20.5289,3.0099,FALSE,FALSE,FALSE,FALSE,FALSE,FALSE,FALSE,FALSE
406,3.9113,9.7359,5.5641,11.4683,0.9334,-0.9334,13,27,1,4.6710,6.1616,4.8950,5.8085,0.8099,6.3946,3.5335,11.5133,6.3946,184.9017,20.5289,3.0099,FALSE,FALSE,FALSE,FALSE,FALSE,FALSE,FALSE,FALSE
407,3.8447,10.0490,5.6864,11.4683,1.3144,-1.3144,13,28,1,4.6710,6.1616,4.8950,5.8085,0.8099,6.3946,3.5335,11.5133,6.3946,184.9017,20.5289,3.0099,FALSE,FALSE,FALSE,FALSE,FALSE,FALSE,FALSE,FALSE
408,3.7782,10.3620,5.8189,11.4683,1.7557,-1.7557,13,29,1,4.6710,6.1616,4.8950,5.8085,0.8099,6.3946,3.5335,11.5133,6.3946,184.9017,20.5289,3.0099,FALSE,FALSE,FALSE,FALSE,FALSE,FALSE,FALSE,FALSE
409,3.7117,10.6750,5.9616,11.4683,2.2078,-2.2078,13,30,1,4.6710,6.1616,4.8950,5.8085,0.8099,6.3946,3.5335,11.5133,6.3946,184.9017,20.5289,3.0099,FALSE,FALSE,FALSE,FALSE,FALSE,FALSE,FALSE,FALSE
410,3.6451,10.9880,6.1147,11.4683,2.6364,-2.6364,13,31,1,4.6710,6.1616,4.8950,5.8085,0.8099,6.3946,3.5335,11.5133,6.3946,184.9017,20.5289,3.0099,FALSE,FALSE,FALSE,FALSE,FALSE,FALSE,FALSE,FALSE
411,6.1145,1.5348,6.0718,11.4936,0.9333,-0.9333,14,0,3,5.1045,6.2864,4.8950,6.2448,0.9218,6.3946,3.9642,11.6510,6.3946,184.9017,20.5289,3.0099,FALSE,FALSE,FALSE,FALSE,FALSE,FALSE,FALSE,FALSE
412,6.0480,1.8478,5.9218,11.4936,0.7140,-0.7140,14,1,3,5.1045,6.2864,4.8950,6.2448,0.9218,6.3946,3.9642,11.6510,6.3946,184.9017,20.5289,3.0099,FALSE,FALSE,FALSE,FALSE,FALSE,FALSE,FALSE,FALSE
413,5.9814,2.1608,5.7821,11.4936,0.5298,-0.5298,14,2,3,5.1045,6.2864,4.8950,6.2448,0.9218,6.3946,3.9642,11.6510,6.3946,184.9017,20.5289,3.0099,FALSE,FALSE,FALSE,FALSE,FALSE,FALSE,FALSE,FALSE
414,5.9149,2.4738,5.6524,11.4936,0.3799,-0.3799,14,3,3,5.1045,6.2864,4.8950,6.2448,0.9218,6.3946,3.9642,11.6510,6.3946,184.9017,20.5289,3.0099,FALSE,FALSE,FALSE,FALSE,FALSE,FALSE,FALSE,FALSE
415,5.8484,2.7868,5.5330,11.4936,0.2920,-0.2920,14,4,3,5.1045,6.2864,4.8950,6.2448,0.9218,6.3946,3.9642,11.6510,6.3946,184.9017,20.5289,3.0099,FALSE,FALSE,FALSE,FALSE,FALSE,FALSE,FALSE,FALSE
416,5.7819,3.0999,5.4241,11.4936,0.2554,-0.2554,14,5,3,5.1045,6.2864,4.8950,6.2448,0.9218,6.3946,3.9642,11.6510,6.3946,184.9017,20.5289,3.0099,FALSE,FALSE,FALSE,FALSE,FALSE,FALSE,FALSE,FALSE
417,5.7153,3.4129,5.3254,11.4936,0.2394,-0.2394,14,6,3,5.1045,6.2864,4.8950,6.2448,0.9218,6.3946,3.9642,11.6510,6.3946,184.9017,20.5289,3.0099,FALSE,FALSE,FALSE,FALSE,FALSE,FALSE,FALSE,FALSE
418,5.6488,3.7259,5.2367,11.4936,0.2430,-0.2430,14,7,3,5.1045,6.2864,4.8950,6.2448,0.9218,6.3946,3.9642,11.6510,6.3946,184.9017,20.5289,3.0099,FALSE,FALSE,FALSE,FALSE,FALSE,FALSE,FALSE,FALSE
419,5.5823,4.0389,5.1582,11.4936,0.2422,-0.2422,14,8,3,5.1045,6.2864,4.8950,6.2448,0.9218,6.3946,3.9642,11.6510,6.3946,184.9017,20.5289,3.0099,FALSE,FALSE,FALSE,FALSE,FALSE,FALSE,FALSE,FALSE
420,5.5157,4.3519,5.0899,11.4936,0.2391,-0.2391,14,9,3,5.1045,6.2864,4.8950,6.2448,0.9218,6.3946,3.9642,11.6510,6.3946,184.9017,20.5289,3.0099,FALSE,FALSE,FALSE,FALSE,FALSE,FALSE,FALSE,FALSE
421,5.4492,4.6649,5.0317,11.4936,0.2512,-0.2512,14,10,3,5.1045,6.2864,4.8950,6.2448,0.9218,6.3946,3.9642,11.6510,6.3946,184.9017,20.5289,3.0099,FALSE,FALSE,FALSE,FALSE,FALSE,FALSE,FALSE,FALSE
422,5.3827,4.9779,4.9841,11.4936,0.2800,-0.2800,14,11,3,5.1045,6.2864,4.8950,6.2448,0.9218,6.3946,3.9642,11.6510,6.3946,184.9017,20.5289,3.0099,FALSE,FALSE,FALSE,FALSE,FALSE,FALSE,FALSE,FALSE
423,5.3161,5.2909,4.9466,11.4936,0.3256,-0.3256,14,12,3,5.1045,6.2864,4.8950,6.2448,0.9218,6.3946,3.9642,11.6510,6.3946,184.9017,20.5289,3.0099,FALSE,FALSE,FALSE,FALSE,FALSE,FALSE,FALSE,FALSE
424,5.2496,5.6039,4.9193,11.4936,0.4061,-0.4061,14,13,3,5.1045,6.2864,4.8950,6.2448,0.9218,6.3946,3.9642,11.6510,6.3946,184.9017,20.5289,3.0099,FALSE,FALSE,FALSE,FALSE,FALSE,FALSE,FALSE,FALSE
425,5.1831,5.9169,4.9021,11.4936,0.5082,-0.5082,14,14,3,5.1045,6.2864,4.8950,6.2448,0.9218,6.3946,3.9642,11.6510,6.3946,184.9017,20.5289,3.0099,FALSE,FALSE,FALSE,FALSE,FALSE,FALSE,FALSE,FALSE
426,5.1165,6.2299,4.8950,11.4936,0.6171,-0.6171,14,15,0,5.1045,6.2864,4.8950,6.2448,0.9218,6.3946,3.9642,11.6510,6.3946,184.9017,20.5289,3.0099,FALSE,FALSE,FALSE,FALSE,FALSE,FALSE,FALSE,FALSE
427,5.0500,6.5429,4.8981,11.4936,0.7057,-0.7057,14,16,0,5.1045,6.2864,4.8950,6.2448,0.9218,6.3946,3.9642,11.6510,6.3946,184.9017,20.5289,3.0099,FALSE,FALSE,FALSE,FALSE,FALSE,FALSE,FALSE,FALSE
428,4.9835,6.8559,4.9117,11.4936,0.7803,-0.7803,14,17,0,5.1045,6.2864,4.8950,6.2448,0.9218,6.3946,3.9642,11.6510,6.3946,184.9017,20.5289,3.0099,FALSE,FALSE,FALSE,FALSE,FALSE,FALSE,FALSE,FALSE
429,4.9169,7.1689,4.9356,11.4936,0.8127,-0.8127,14,18,0,5.1045,6.2864,4.8950,6.2448,0.9218,6.3946,3.9642,11.6510,6.3946,184.9017,20.5289,3.0099,FALSE,FALSE,FALSE,FALSE,FALSE,FALSE,FALSE,FALSE
430,4.8504,7.4820,4.9695,11.4936,0.7768,-0.7768,14,19,0,5.1045,6.2864,4.8950,6.2448,0.9218,6.3946,3.9642,11.6510,6.3946,184.9017,20.5289,3.0099,FALSE,FALSE,FALSE,FALSE,FALSE,FALSE,FALSE,FALSE
431,4.7839,7.7950,5.0136,11.4936,0.6716,-0.6716,14,20,0,5.1045,6.2864,4.8950,6.2448,0.9218,6.3946,3.9642,11.6510,6.3946,184.9017,20.5289,3.0099,FALSE,FALSE,FALSE,FALSE,FALSE,FALSE,FALSE,FALSE
432,4.7173,8.1080,5.0678,11.4936,0.5153,-0.5153,14,21,0,5.1045,6.2864,4.8950,6.2448,0.9218,6.3946,3.9642,11.6510,6.3946,184.9017,20.5289,3.0099,FALSE,FALSE,FALSE,FALSE,FALSE,FALSE,FALSE,FALSE
433,4.6508,8.4210,5.1322,11.4936,0.3278,-0.3278,14,22,0,5.1045,6.2864,4.8950,6.2448,0.9218,6.3946,3.9642,11.6510,6.3946,184.9017,20.5289,3.0099,FALSE,FALSE,FALSE,FALSE,FALSE,FALSE,FALSE,FALSE
434,4.5843,8.7340,5.2071,11.4936,0.2271,-0.2271,14,23,0,5.1045,6.2864,4.8950,6.2448,0.9218,6.3946,3.9642,11.6510,6.3946,184.9017,20.5289,3.0099,FALSE,FALSE,FALSE,FALSE,FALSE,FALSE,FALSE,FALSE
435,4.5177,9.0470,5.2922,11.4936,0.3126,-0.3126,14,24,0,5.1045,6.2864,4.8950,6.2448,0.9218,6.3946,3.9642,11.6510,6.3946,184.9017,20.5289,3.0099,FALSE,FALSE,FALSE,FALSE,FALSE,FALSE,FALSE,FALSE
436,4.4512,9.3600,5.3874,11.4936,0.4928,-0.4928,14,25,0,5.1045,6.2864,4.8950,6.2448,0.9218,6.3946,3.9642,11.6510,6.3946,184.9017,20.5289,3.0099,FALSE,FALSE,FALSE,FALSE,FALSE,FALSE,FALSE,FALSE
437,4.3847,9.6730,5.4928,11.4936,0.7755,-0.7755,14,26,0,5.1045,6.2864,4.8950,6.2448,0.9218,6.3946,3.9642,11.6510,6.3946,184.9017,20.5289,3.0099,FALSE,FALSE,FALSE,FALSE,FALSE,FALSE,FALSE,FALSE
438,4.3182,9.9860,5.6083,11.4936,1.1316,-1.1316,14,27,0,5.1045,6.2864,4.8950,6.2448,0.9218,6.3946,3.9642,11.6510,6.3946,184.9017,20.5289,3.0099,FALSE,FALSE,FALSE,FALSE,FALSE,FALSE,FALSE,FALSE
439,4.2516,10.2990,5.7339,11.4936,1.5519,-1.5519,14,28,0,5.1045,6.2864,4.8950,6.2448,0.9218,6.3946,3.9642,11.6510,6.3946,184.9017,20.5289,3.0099,FALSE,FALSE,FALSE,FALSE,FALSE,FALSE,FALSE,FALSE
440,4.1851,10.6120,5.8700,11.4936,2.0015,-2.0015,14,29,0,5.1045,6.2864,4.8950,6.2448,0.9218,6.3946,3.9642,11.6510,6.3946,184.9017,20.5289,3.0099,FALSE,FALSE,FALSE,FALSE,FALSE,FALSE,FALSE,FALSE
441,4.1186,10.9250,6.0164,11.4936,2.4247,-2.4247,14,30,0,5.1045,6.2864,4.8950,6.2448,0.9218,6.3946,3.9642,11.6510,6.3946,184.9017,20.5289,3.0099,FALSE,FALSE,FALSE,FALSE,FALSE,FALSE,FALSE,FALSE
442,4.0520,11.2380,6.1730,11.4936,2.8219,-2.8219,14,31,0,5.1045,6.2864,4.8950,6.2448,0.9218,6.3946,3.9642,11.6510,6.3946,184.9017,20.5289,3.0099,FALSE,FALSE,FALSE,FALSE,FALSE,FALSE,FALSE,FALSE
443,6.5879,1.4719,6.1614,11.5174,1.4665,-1.4665,15,0,3,5.5378,6.4122,4.8950,6.6807,1.0354,6.3946,4.3950,11.7890,6.3946,184.9017,20.5289,3.0099,FALSE,FALSE,FALSE,FALSE,FALSE,FALSE,FALSE,FALSE
444,6.5214,1.7849,6.0060,11.5174,1.2319,-1.2319,15,1,3,5.5378,6.4122,4.8950,6.6807,1.0354,6.3946,4.3950,11.7890,6.3946,184.9017,20.5289,3.0099,FALSE,FALSE,FALSE,FALSE,FALSE,FALSE,FALSE,FALSE
445,6.4549,2.0979,5.8607,11.5174,1.0056,-1.0056,15,2,3,5.5378,6.4122,4.8950,6.6807,1.0354,6.3946,4.3950,11.7890,6.3946,184.9017,20.5289,3.0099,FALSE,FALSE,FALSE,FALSE,FALSE,FALSE,FALSE,FALSE
446,6.3883,2.4109,5.7254,11.5174,0.7900,-0.7900,15,3,3,5.5378,6.4122,4.8950,6.6807,1.0354,6.3946,4.3950,11.7890,6.3946,184.9017,20.5289,3.0099,FALSE,FALSE,FALSE,FALSE,FALSE,FALSE,FALSE,FALSE
447,6.3218,2.7239,5.6006,11.5174,0.5989,-0.5989,15,4,3,5.5378,6.4122,4.8950,6.6807,1.0354,6.3946,4.3950,11.7890,6.3946,184.9017,20.5289,3.0099,FALSE,FALSE,FALSE,FALSE,FALSE,FALSE,FALSE,FALSE
448,6.2553,3.0369,5.4861,11.5174,0.4565,-0.4565,15,5,3,5.5378,6.4122,4.8950,6.6807,1.0354,6.3946,4.3950,11.7890,6.3946,184.9017,20.5289,3.0099,FALSE,FALSE,FALSE,FALSE,FALSE,FALSE,FALSE,FALSE
449,6.1888,3.3499,5.3816,11.5174,0.3581,-0.3581,15,6,3,5.5378,6.4122,4.8950,6.6807,1.0354,6.3946,4.3950,11.7890,6.3946,184.9017,20.5289,3.0099,FALSE,FALSE,FALSE,FALSE,FALSE,FALSE,FALSE,FALSE
450,6.1222,3.6629,5.2872,11.5174,0.3028,-0.3028,15,7,3,5.5378,6.4122,4.8950,6.6807,1.0354,6.3946,4.3950,11.7890,6.3946,184.9017,20.5289,3.0099,FALSE,FALSE,FALSE,FALSE,FALSE,FALSE,FALSE,FALSE
451,6.0557,3.9759,5.2029,11.5174,0.2669,-0.2669,15,8,3,5.5378,6.4122,4.8950,6.6807,1.0354,6.3946,4.3950,11.7890,6.3946,184.9017,20.5289,3.0099,FALSE,FALSE,FALSE,FALSE,FALSE,FALSE,FALSE,FALSE
452,5.9892,4.2889,5.1286,11.5174,0.2361,-0.2361,15,9,3,5.5378,6.4122,4.8950,6.6807,1.0354,6.3946,4.3950,11.7890,6.3946,184.9017,20.5289,3.0099,FALSE,FALSE,FALSE,FALSE,FALSE,FALSE,FALSE,FALSE
453,5.9226,4.6019,5.0648,11.5174,0.2200,-0.2200,15,10,3,5.5378,6.4122,4.8950,6.6807,1.0354,6.3946,4.3950,11.7890,6.3946,184.9017,20.5289,3.0099,FALSE,FALSE,FALSE,FALSE,FALSE,FALSE,FALSE,FALSE
454,5.8561,4.9150,5.0113,11.5174,0.2193,-0.2193,15,11,3,5.5378,6.4122,4.8950,6.6807,1.0354,6.3946,4.3950,11.7890,6.3946,184.9017,20.5289,3.0099,FALSE,FALSE,FALSE,FALSE,FALSE,FALSE,FALSE,FALSE
455,5.7896,5.2280,4.9678,11.5174,0.2369,-0.2369,15,12,3,5.5378,6.4122,4.8950,6.6807,1.0354,6.3946,4.3950,11.7890,6.3946,184.9017,20.5289,3.0099,FALSE,FALSE,FALSE,FALSE,FALSE,FALSE,FALSE,FALSE
456,5.7230,5.5410,4.9344,11.5174,0.2808,-0.2808,15,13,3,5.5378,6.4122,4.8950,6.6807,1.0354,6.3946,4.3950,11.7890,6.3946,184.9017,20.5289,3.0099,FALSE,FALSE,FALSE,FALSE,FALSE,FALSE,FALSE,FALSE
457,5.6565,5.8540,4.9111,11.5174,0.3392,-0.3392,15,14,3,5.5378,6.4122,4.8950,6.6807,1.0354,6.3946,4.3950,11.7890,6.3946,184.9017,20.5289,3.0099,FALSE,FALSE,FALSE,FALSE,FALSE,FALSE,FALSE,FALSE
458,5.5900,6.1670,4.8979,11.5174,0.4731,-0.4731,15,15,0,5.5378,6.4122,4.8950,6.6807,1.0354,6.3946,4.3950,11.7890,6.3946,184.9017,20.5289,3.0099,FALSE,FALSE,FALSE,FALSE,FALSE,FALSE,FALSE,FALSE
459,5.5234,6.4800,4.8950,11.5174,0.6160,-0.6160,15,16,0,5.5378,6.4122,4.8950,6.6807,1.0354,6.3946,4.3950,11.7890,6.3946,184.9017,20.5289,3.0099,FALSE,FALSE,FALSE,FALSE,FALSE,FALSE,FALSE,FALSE
460,5.4569,6.7930,4.9025,11.5174,0.7321,-0.7321,15,17,0,5.5378,6.4122,4.8950,6.6807,1.0354,6.3946,4.3950,11.7890,6.3946,184.9017,20.5289,3.0099,FALSE,FALSE,FALSE,FALSE,FALSE,FALSE,FALSE,FALSE
461,5.3904,7.1060,4.9200,11.5174,0.8339,-0.8339,15,18,0,5.5378,6.4122,4.8950,6.6807,1.0354,6.3946,4.3950,11.7890,6.3946,184.9017,20.5289,3.0099,FALSE,FALSE,FALSE,FALSE,FALSE,FALSE,FALSE,FALSE
462,5.3238,7.4190,4.9476,11.5174,0.8730,-0.8730,15,19,0,5.5378,6.4122,4.8950,6.6807,1.0354,6.3946,4.3950,11.7890,6.3946,184.9017,20.5289,3.0099,FALSE,FALSE,FALSE,FALSE,FALSE,FALSE,FALSE,FALSE
463,5.2573,7.7320,4.9853,11.5174,0.8255,-0.8255,15,20,0,5.5378,6.4122,4.8950,6.6807,1.0354,6.3946,4.3950,11.7890,6.3946,184.9017,20.5289,3.0099,FALSE,FALSE,FALSE,FALSE,FALSE,FALSE,FALSE,FALSE
464,5.1908,8.0450,5.0331,11.5174,0.7095,-0.7095,15,21,0,5.5378,6.4122,4.8950,6.6807,1.0354,6.3946,4.3950,11.7890,6.3946,184.9017,20.5289,3.0099,FALSE,FALSE,FALSE,FALSE,FALSE,FALSE,FALSE,FALSE
465,5.1242,8.3580,5.0912,11.5174,0.5281,-0.5281,15,22,0,5.5378,6.4122,4.8950,6.6807,1.0354,6.3946,4.3950,11.7890,6.3946,184.9017,20.5289,3.0099,FALSE,FALSE,FALSE,FALSE,FALSE,FALSE,FALSE,FALSE
466,5.0577,8.6710,5.1597,11.5174,0.3542,-0.3542,15,23,0,5.5378,6.4122,4.8950,6.6807,1.0354,6.3946,4.3950,11.7890,6.3946,184.9017,20.5289,3.0099,FALSE,FALSE,FALSE,FALSE,FALSE,FALSE,FALSE,FALSE
467,4.9912,8.9840,5.2382,11.5174,0.2996,-0.2996,15,24,0,5.5378,6.4122,4.8950,6.6807,1.0354,6.3946,4.3950,11.7890,6.3946,184.9017,20.5289,3.0099,FALSE,FALSE,FALSE,FALSE,FALSE,FALSE,FALSE,FALSE
468,4.9246,9.2971,5.3268,11.5174,0.3681,-0.3681,15,25,0,5.5378,6.4122,4.8950,6.6807,1.0354,6.3946,4.3950,11.7890,6.3946,184.9017,20.5289,3.0099,FALSE,FALSE,FALSE,FALSE,FALSE,FALSE,FALSE,FALSE
469,4.8581,9.6101,5.4255,11.5174,0.5629,-0.5629,15,26,0,5.5378,6.4122,4.8950,6.6807,1.0354,6.3946,4.3950,11.7890,6.3946,184.9017,20.5289,3.0099,FALSE,FALSE,FALSE,FALSE,FALSE,FALSE,FALSE,FALSE
470,4.7916,9.9231,5.5343,11.5174,0.8788,-0.8788,15,27,0,5.5378,6.4122,4.8950,6.6807,1.0354,6.3946,4.3950,11.7890,6.3946,184.9017,20.5289,3.0099,FALSE,FALSE,FALSE,FALSE,FALSE,FALSE,FALSE,FALSE
471,4.7251,10.2361,5.6534,11.5174,1.2612,-1.2612,15,28,0,5.5378,6.4122,4.8950,6.6807,1.0354,6.3946,4.3950,11.7890,6.3946,184.9017,20.5289,3.0099,FALSE,FALSE,FALSE,FALSE,FALSE,FALSE,FALSE,FALSE
472,4.6585,10.5491,5.7829,11.5174,1.7033,-1.7033,15,29,0,5.5378,6.4122,4.8950,6.6807,1.0354,6.3946,4.3950,11.7890,6.3946,184.9017,20.5289,3.0099,FALSE,FALSE,FALSE,FALSE,FALSE,FALSE,FALSE,FALSE
473,4.5920,10.8621,5.9224,11.5174,2.1441,-2.1441,15,30,0,5.5378,6.4122,4.8950,6.6807,1.0354,6.3946,4.3950,11.7890,6.3946,184.9017,20.5289,3.0099,FALSE,FALSE,FALSE,FALSE,FALSE,FALSE,FALSE,FALSE
474,4.5255,11.1751,6.0720,11.5174,2.5621,-2.5621,15,31,0,5.5378,6.4122,4.8950,6.6807,1.0354,6.3946,4.3950,11.7890,6.3946,184.9017,20.5289,3.0099,FALSE,FALSE,FALSE,FALSE,FALSE,FALSE,FALSE,FALSE
475,4.4589,11.4881,6.2317,11.5174,2.9657,-2.9657,15,32,0,5.5378,6.4122,4.8950,6.6807,1.0354,6.3946,4.3950,11.7890,6.3946,184.9017,20.5289,3.0099,FALSE,FALSE,FALSE,FALSE,FALSE,FALSE,FALSE,FALSE
476,6.9948,1.7219,6.0946,11.5383,1.8094,-1.8094,16,0,3,5.9707,6.5400,4.8950,7.1159,1.1525,6.3946,4.8256,11.9274,6.3946,184.9017,20.5289,3.0099,FALSE,FALSE,FALSE,FALSE,FALSE,FALSE,FALSE,FALSE
477,6.9283,2.0349,5.9437,11.5383,1.5584,-1.5584,16,1,3,5.9707,6.5400,4.8950,7.1159,1.1525,6.3946,4.8256,11.9274,6.3946,184.9017,20.5289,3.0099,FALSE,FALSE,FALSE,FALSE,FALSE,FALSE,FALSE,FALSE
478,6.8618,2.3480,5.8028,11.5383,1.3194,-1.3194,16,2,3,5.9707,6.5400,4.8950,7.1159,1.1525,6.3946,4.8256,11.9274,6.3946,184.9017,20.5289,3.0099,FALSE,FALSE,FALSE,FALSE,FALSE,FALSE,FALSE,FALSE
479,6.7952,2.6610,5.6725,11.5383,1.0659,-1.0659,16,3,3,5.9707,6.5400,4.8950,7.1159,1.1525,6.3946,4.8256,11.9274,6.3946,184.9017,20.5289,3.0099,FALSE,FALSE,FALSE,FALSE,FALSE,FALSE,FALSE,FALSE
480,6.7287,2.9740,5.5522,11.5383,0.8138,-0.8138,16,4,3,5.9707,6.5400,4.8950,7.1159,1.1525,6.3946,4.8256,11.9274,6.3946,184.9017,20.5289,3.0099,FALSE,FALSE,FALSE,FALSE,FALSE,FALSE,FALSE,FALSE
481,6.6622,3.2870,5.4419,11.5383,0.5940,-0.5940,16,5,3,5.9707,6.5400,4.8950,7.1159,1.1525,6.3946,4.8256,11.9274,6.3946,184.9017,20.5289,3.0099,FALSE,FALSE,FALSE,FALSE,FALSE,FALSE,FALSE,FALSE
482,6.5957,3.6000,5.3417,11.5383,0.4462,-0.4462,16,6,3,5.9707,6.5400,4.8950,7.1159,1.1525,6.3946,4.8256,11.9274,6.3946,184.9017,20.5289,3.0099,FALSE,FALSE,FALSE,FALSE,FALSE,FALSE,FALSE,FALSE
483,6.5291,3.9130,5.2515,11.5383,0.3488,-0.3488,16,7,3,5.9707,6.5400,4.8950,7.1159,1.1525,6.3946,4.8256,11.9274,6.3946,184.9017,20.5289,3.0099,FALSE,FALSE,FALSE,FALSE,FALSE,FALSE,FALSE,FALSE
484,6.4626,4.2260,5.1714,11.5383,0.2800,-0.2800,16,8,3,5.9707,6.5400,4.8950,7.1159,1.1525,6.3946,4.8256,11.9274,6.3946,184.9017,20.5289,3.0099,FALSE,FALSE,FALSE,FALSE,FALSE,FALSE,FALSE,FALSE
485,6.3961,4.5390,5.1018,11.5383,0.2390,-0.2390,16,9,3,5.9707,6.5400,4.8950,7.1159,1.1525,6.3946,4.8256,11.9274,6.3946,184.9017,20.5289,3.0099,FALSE,FALSE,FALSE,FALSE,FALSE,FALSE,FALSE,FALSE
486,6.3295,4.8520,5.0422,11.5383,0.2125,-0.2125,16,10,3,5.9707,6.5400,4.8950,7.1159,1.1525,6.3946,4.8256,11.9274,6.3946,184.9017,20.5289,3.0099,FALSE,FALSE,FALSE,FALSE,FALSE,FALSE,FALSE,FALSE
487,6.2630,5.1650,4.9927,11.5383,0.2031,-0.2031,16,11,3,5.9707,6.5400,4.8950,7.1159,1.1525,6.3946,4.8256,11.9274,6.3946,184.9017,20.5289,3.0099,FALSE,FALSE,FALSE,FALSE,FALSE,FALSE,FALSE,FALSE
488,6.1965,5.4780,4.9532,11.5383,0.2178,-0.2178,16,12,3,5.9707,6.5400,4.8950,7.1159,1.1525,6.3946,4.8256,11.9274,6.3946,184.9017,20.5289,3.0099,FALSE,FALSE,FALSE,FALSE,FALSE,FALSE,FALSE,FALSE
489,6.1299,5.7910,4.9238,11.5383,0.2528,-0.2528,16,13,3,5.9707,6.5400,4.8950,7.1159,1.1525,6.3946,4.8256,11.9274,6.3946,184.9017,20.5289,3.0099,FALSE,FALSE,FALSE,FALSE,FALSE,FALSE,FALSE,FALSE
490,6.0634,6.1040,4.9045,11.5383,0.3129,-0.3129,16,14,3,5.9707,6.5400,4.8950,7.1159,1.1525,6.3946,4.8256,11.9274,6.3946,184.9017,20.5289,3.0099,FALSE,FALSE,FALSE,FALSE,FALSE,FALSE,FALSE,FALSE
491,5.9969,6.4170,4.8957,11.5383,0.4047,-0.4047,16,15,0,5.9707,6.5400,4.8950,7.1159,1.1525,6.3946,4.8256,11.9274,6.3946,184.9017,20.5289,3.0099,FALSE,FALSE,FALSE,FALSE,FALSE,FALSE,FALSE,FALSE
492,5.9303,6.7301,4.8969,11.5383,0.5503,-0.5503,16,16,0,5.9707,6.5400,4.8950,7.1159,1.1525,6.3946,4.8256,11.9274,6.3946,184.9017,20.5289,3.0099,FALSE,FALSE,FALSE,FALSE,FALSE,FALSE,FALSE,FALSE
493,5.8638,7.0431,4.9081,11.5383,0.6945,-0.6945,16,17,0,5.9707,6.5400,4.8950,7.1159,1.1525,6.3946,4.8256,11.9274,6.3946,184.9017,20.5289,3.0099,FALSE,FALSE,FALSE,FALSE,FALSE,FALSE,FALSE,FALSE
494,5.7973,7.3561,4.9294,11.5383,0.8157,-0.8157,16,18,0,5.9707,6.5400,4.8950,7.1159,1.1525,6.3946,4.8256,11.9274,6.3946,184.9017,20.5289,3.0099,FALSE,FALSE,FALSE,FALSE,FALSE,FALSE,FALSE,FALSE
495,5.7307,7.6691,4.9607,11.5383,0.8642,-0.8642,16,19,0,5.9707,6.5400,4.8950,7.1159,1.1525,6.3946,4.8256,11.9274,6.3946,184.9017,20.5289,3.0099,FALSE,FALSE,FALSE,FALSE,FALSE,FALSE,FALSE,FALSE
496,5.6642,7.9821,5.0022,11.5383,0.8065,-0.8065,16,20,0,5.9707,6.5400,4.8950,7.1159,1.1525,6.3946,4.8256,11.9274,6.3946,184.9017,20.5289,3.0099,FALSE,FALSE,FALSE,FALSE,FALSE,FALSE,FALSE,FALSE
497,5.5977,8.2951,5.0541,11.5383,0.6686,-0.6686,16,21,0,5.9707,6.5400,4.8950,7.1159,1.1525,6.3946,4.8256,11.9274,6.3946,184.9017,20.5289,3.0099,FALSE,FALSE,FALSE,FALSE,FALSE,FALSE,FALSE,FALSE
498,5.5311,8.6081,5.1161,11.5383,0.5007,-0.5007,16,22,0,5.9707,6.5400,4.8950,7.1159,1.1525,6.3946,4.8256,11.9274,6.3946,184.9017,20.5289,3.0099,FALSE,FALSE,FALSE,FALSE,FALSE,FALSE,FALSE,FALSE
499,5.4646,8.9211,5.1880,11.5383,0.3645,-0.3645,16,23,0,5.9707,6.5400,4.8950,7.1159,1.1525,6.3946,4.8256,11.9274,6.3946,184.9017,20.5289,3.0099,FALSE,FALSE,FALSE,FALSE,FALSE,FALSE,FALSE,FALSE
500,5.3981,9.2341,5.2700,11.5383,0.3394,-0.3394,16,24,0,5.9707,6.5400,4.8950,7.1159,1.1525,6.3946,4.8256,11.9274,6.3946,184.9017,20.5289,3.0099,FALSE,FALSE,FALSE,FALSE,FALSE,FALSE,FALSE,FALSE
501,5.3315,9.5471,5.3621,11.5383,0.4700,-0.4700,16,25,0,5.9707,6.5400,4.8950,7.1159,1.1525,6.3946,4.8256,11.9274,6.3946,184.9017,20.5289,3.0099,FALSE,FALSE,FALSE,FALSE,FALSE,FALSE,FALSE,FALSE
502,5.2650,9.8601,5.4645,11.5383,0.7608,-0.7608,16,26,0,5.9707,6.5400,4.8950,7.1159,1.1525,6.3946,4.8256,11.9274,6.3946,184.9017,20.5289,3.0099,FALSE,FALSE,FALSE,FALSE,FALSE,FALSE,FALSE,FALSE
503,5.1985,10.1731,5.5771,11.5383,1.1277,-1.1277,16,27,0,5.9707,6.5400,4.8950,7.1159,1.1525,6.3946,4.8256,11.9274,6.3946,184.9017,20.5289,3.0099,FALSE,FALSE,FALSE,FALSE,FALSE,FALSE,FALSE,FALSE
504,5.1320,10.4861,5.6998,11.5383,1.5283,-1.5283,16,28,0,5.9707,6.5400,4.8950,7.1159,1.1525,6.3946,4.8256,11.9274,6.3946,184.9017,20.5289,3.0099,FALSE,FALSE,FALSE,FALSE,FALSE,FALSE,FALSE,FALSE
505,5.0654,10.7991,5.8325,11.5383,1.9477,-1.9477,16,29,0,5.9707,6.5400,4.8950,7.1159,1.1525,6.3946,4.8256,11.9274,6.3946,184.9017,20.5289,3.0099,FALSE,FALSE,FALSE,FALSE,FALSE,FALSE,FALSE,FALSE
506,4.9989,11.1122,5.9753,11.5383,2.3393,-2.3393,16,30,0,5.9707,6.5400,4.8950,7.1159,1.1525,6.3946,4.8256,11.9274,6.3946,184.9017,20.5289,3.0099,FALSE,FALSE,FALSE,FALSE,FALSE,FALSE,FALSE,FALSE
507,4.9324,11.4252,6.1281,11.5383,2.7292,-2.7292,16,31,0,5.9707,6.5400,4.8950,7.1159,1.1525,6.3946,4.8256,11.9274,6.3946,184.9017,20.5289,3.0099,FALSE,FALSE,FALSE,FALSE,FALSE,FALSE,FALSE,FALSE
508,7.4683,1.6590,5.9258,11.4956,2.1226,-2.1226,17,0,3,6.3995,6.6871,4.8994,7.5564,1.2443,6.1146,5.2561,12.0663,6.3946,184.9017,20.5289,3.0099,FALSE,FALSE,FALSE,FALSE,FALSE,FALSE,FALSE,FALSE
509,7.4017,1.9720,5.7934,11.4956,1.8524,-1.8524,17,1,3,6.3995,6.6871,4.8994,7.5564,1.2443,6.1146,5.2561,12.0663,6.3946,184.9017,20.5289,3.0099,FALSE,FALSE,FALSE,FALSE,FALSE,FALSE,FALSE,FALSE
510,7.3352,2.2850,5.6701,11.4956,1.5724,-1.5724,17,2,3,6.3995,6.6871,4.8994,7.5564,1.2443,6.1146,5.2561,12.0663,6.3946,184.9017,20.5289,3.0099,FALSE,FALSE,FALSE,FALSE,FALSE,FALSE,FALSE,FALSE
511,7.2687,2.5980,5.5560,11.4956,1.2914,-1.2914,17,3,3,6.3995,6.6871,4.8994,7.5564,1.2443,6.1146,5.2561,12.0663,6.3946,184.9017,20.5289,3.0099,FALSE,FALSE,FALSE,FALSE,FALSE,FALSE,FALSE,FALSE
512,7.2021,2.9110,5.4511,11.4956,1.0205,-1.0205,17,4,3,6.3995,6.6871,4.8994,7.5564,1.2443,6.1146,5.2561,12.0663,6.3946,184.9017,20.5289,3.0099,FALSE,FALSE,FALSE,FALSE,FALSE,FALSE,FALSE,FALSE
513,7.1356,3.2240,5.3552,11.4956,0.7394,-0.7394,17,5,3,6.3995,6.6871,4.8994,7.5564,1.2443,6.1146,5.2561,12.0663,6.3946,184.9017,20.5289,3.0099,FALSE,FALSE,FALSE,FALSE,FALSE,FALSE,FALSE,FALSE
514,7.0691,3.5370,5.2683,11.4956,0.4972,-0.4972,17,6,3,6.3995,6.6871,4.8994,7.5564,1.2443,6.1146,5.2561,12.0663,6.3946,184.9017,20.5289,3.0099,FALSE,FALSE,FALSE,FALSE,FALSE,FALSE,FALSE,FALSE
515,7.0026,3.8500,5.1904,11.4956,0.3362,-0.3362,17,7,3,6.3995,6.6871,4.8994,7.5564,1.2443,6.1146,5.2561,12.0663,6.3946,184.9017,20.5289,3.0099,FALSE,FALSE,FALSE,FALSE,FALSE,FALSE,FALSE,FALSE
516,6.9360,4.1631,5.1215,11.4956,0.2422,-0.2422,17,8,3,6.3995,6.6871,4.8994,7.5564,1.2443,6.1146,5.2561,12.0663,6.3946,184.9017,20.5289,3.0099,FALSE,FALSE,FALSE,FALSE,FALSE,FALSE,FALSE,FALSE
517,6.8695,4.4761,5.0621,11.4956,0.2115,-0.2115,17,9,3,6.3995,6.6871,4.8994,7.5564,1.2443,6.1146,5.2561,12.0663,6.3946,184.9017,20.5289,3.0099,FALSE,FALSE,FALSE,FALSE,FALSE,FALSE,FALSE,FALSE
518,6.8030,4.7891,5.0116,11.4956,0.1796,-0.1796,17,10,3,6.3995,6.6871,4.8994,7.5564,1.2443,6.1146,5.2561,12.0663,6.3946,184.9017,20.5289,3.0099,FALSE,FALSE,FALSE,FALSE,FALSE,FALSE,FALSE,FALSE
519,6.7364,5.1021,4.9702,11.4956,0.1636,-0.1636,17,11,3,6.3995,6.6871,4.8994,7.5564,1.2443,6.1146,5.2561,12.0663,6.3946,184.9017,20.5289,3.0099,FALSE,FALSE,FALSE,FALSE,FALSE,FALSE,FALSE,FALSE
520,6.6699,5.4151,4.9377,11.4956,0.1888,-0.1888,17,12,3,6.3995,6.6871,4.8994,7.5564,1.2443,6.1146,5.2561,12.0663,6.3946,184.9017,20.5289,3.0099,FALSE,FALSE,FALSE,FALSE,FALSE,FALSE,FALSE,FALSE
521,6.6034,5.7281,4.9142,11.4956,0.2400,-0.2400,17,13,3,6.3995,6.6871,4.8994,7.5564,1.2443,6.1146,5.2561,12.0663,6.3946,184.9017,20.5289,3.0099,FALSE,FALSE,FALSE,FALSE,FALSE,FALSE,FALSE,FALSE
522,6.5368,6.0411,4.8999,11.4956,0.3411,-0.3411,17,14,3,6.3995,6.6871,4.8994,7.5564,1.2443,6.1146,5.2561,12.0663,6.3946,184.9017,20.5289,3.0099,FALSE,FALSE,FALSE,FALSE,FALSE,FALSE,FALSE,FALSE
523,6.4703,6.3541,4.8949,11.4956,0.4901,-0.4901,17,15,0,6.3995,6.6871,4.8994,7.5564,1.2443,6.1146,5.2561,12.0663,6.3946,184.9017,20.5289,3.0099,FALSE,FALSE,FALSE,FALSE,FALSE,FALSE,FALSE,FALSE
524,6.4038,6.6671,4.8989,11.4956,0.7036,-0.7036,17,16,0,6.3995,6.6871,4.8994,7.5564,1.2443,6.1146,5.2561,12.0663,6.3946,184.9017,20.5289,3.0099,FALSE,FALSE,FALSE,FALSE,FALSE,FALSE,FALSE,FALSE
525,6.3372,6.9801,4.9119,11.4956,0.8985,-0.8985,17,17,0,6.3995,6.6871,4.8994,7.5564,1.2443,6.1146,5.2561,12.0663,6.3946,184.9017,20.5289,3.0099,FALSE,FALSE,FALSE,FALSE,FALSE,FALSE,FALSE,FALSE
526,6.2707,7.2931,4.9338,11.4956,1.0134,-1.0134,17,18,0,6.3995,6.6871,4.8994,7.5564,1.2443,6.1146,5.2561,12.0663,6.3946,184.9017,20.5289,3.0099,FALSE,FALSE,FALSE,FALSE,FALSE,FALSE,FALSE,FALSE
527,6.2042,7.6061,4.9648,11.4956,1.0142,-1.0142,17,19,0,6.3995,6.6871,4.8994,7.5564,1.2443,6.1146,5.2561,12.0663,6.3946,184.9017,20.5289,3.0099,FALSE,FALSE,FALSE,FALSE,FALSE,FALSE,FALSE,FALSE
528,6.1376,7.9191,5.0051,11.4956,0.9014,-0.9014,17,20,0,6.3995,6.6871,4.8994,7.5564,1.2443,6.1146,5.2561,12.0663,6.3946,184.9017,20.5289,3.0099,FALSE,FALSE,FALSE,FALSE,FALSE,FALSE,FALSE,FALSE
529,6.0711,8.2321,5.0545,11.4956,0.7643,-0.7643,17,21,0,6.3995,6.6871,4.8994,7.5564,1.2443,6.1146,5.2561,12.0663,6.3946,184.9017,20.5289,3.0099,FALSE,FALSE,FALSE,FALSE,FALSE,FALSE,FALSE,FALSE
530,6.0046,8.5452,5.1129,11.4956,0.6032,-0.6032,17,22,0,6.3995,6.6871,4.8994,7.5564,1.2443,6.1146,5.2561,12.0663,6.3946,184.9017,20.5289,3.0099,FALSE,FALSE,FALSE,FALSE,FALSE,FALSE,FALSE,FALSE
531,5.9380,8.8582,5.1803,11.4956,0.4787,-0.4787,17,23,0,6.3995,6.6871,4.8994,7.5564,1.2443,6.1146,5.2561,12.0663,6.3946,184.9017,20.5289,3.0099,FALSE,FALSE,FALSE,FALSE,FALSE,FALSE,FALSE,FALSE
532,5.8715,9.1712,5.2567,11.4956,0.4353,-0.4353,17,24,0,6.3995,6.6871,4.8994,7.5564,1.2443,6.1146,5.2561,12.0663,6.3946,184.9017,20.5289,3.0099,FALSE,FALSE,FALSE,FALSE,FALSE,FALSE,FALSE,FALSE
533,5.8050,9.4842,5.3422,11.4956,0.5478,-0.5478,17,25,0,6.3995,6.6871,4.8994,7.5564,1.2443,6.1146,5.2561,12.0663,6.3946,184.9017,20.5289,3.0099,FALSE,FALSE,FALSE,FALSE,FALSE,FALSE,FALSE,FALSE
534,5.7385,9.7972,5.4371,11.4956,0.7996,-0.7996,17,26,0,6.3995,6.6871,4.8994,7.5564,1.2443,6.1146,5.2561,12.0663,6.3946,184.9017,20.5289,3.0099,FALSE,FALSE,FALSE,FALSE,FALSE,FALSE,FALSE,FALSE
535,5.6719,10.1102,5.5409,11.4956,1.1440,-1.1440,17,27,0,6.3995,6.6871,4.8994,7.5564,1.2443,6.1146,5.2561,12.0663,6.3946,184.9017,20.5289,3.0099,FALSE,FALSE,FALSE,FALSE,FALSE,FALSE,FALSE,FALSE
536,5.6054,10.4232,5.6538,11.4956,1.5232,-1.5232,17,28,0,6.3995,6.6871,4.8994,7.5564,1.2443,6.1146,5.2561,12.0663,6.3946,184.9017,20.5289,3.0099,FALSE,FALSE,FALSE,FALSE,FALSE,FALSE,FALSE,FALSE
537,5.5389,10.7362,5.7756,11.4956,1.9130,-1.9130,17,29,0,6.3995,6.6871,4.8994,7.5564,1.2443,6.1146,5.2561,12.0663,6.3946,184.9017,20.5289,3.0099,FALSE,FALSE,FALSE,FALSE,FALSE,FALSE,FALSE,FALSE
538,5.4723,11.0492,5.9064,11.4956,2.2734,-2.2734,17,30,0,6.3995,6.6871,4.8994,7.5564,1.2443,6.1146,5.2561,12.0663,6.3946,184.9017,20.5289,3.0099,FALSE,FALSE,FALSE,FALSE,FALSE,FALSE,FALSE,FALSE
539,5.4058,11.3622,6.0465,11.4956,2.6045,-2.6045,17,31,0,6.3995,6.6871,4.8994,7.5564,1.2443,6.1146,5.2561,12.0663,6.3946,184.9017,20.5289,3.0099,FALSE,FALSE,FALSE,FALSE,FALSE,FALSE,FALSE,FALSE
540,5.3393,11.6752,6.1958,11.4956,2.9172,-2.9172,17,32,0,6.3995,6.6871,4.8994,7.5564,1.2443,6.1146,5.2561,12.0663,6.3946,184.9017,20.5289,3.0099,FALSE,FALSE,FALSE,FALSE,FALSE,FALSE,FALSE,FALSE
541,7.8752,1.9091,6.1364,11.5461,2.4820,-2.4820,18,0,3,6.8326,6.8140,4.8950,7.9786,1.4226,6.3946,5.6866,12.2055,6.3946,184.9017,20.5289,3.0099,FALSE,FALSE,FALSE,FALSE,FALSE,FALSE,FALSE,FALSE
542,7.8086,2.2221,5.9831,11.5461,2.1296,-2.1296,18,1,3,6.8326,6.8140,4.8950,7.9786,1.4226,6.3946,5.6866,12.2055,6.3946,184.9017,20.5289,3.0099,FALSE,FALSE,FALSE,FALSE,FALSE,FALSE,FALSE,FALSE
543,7.7421,2.5351,5.8399,11.5461,1.7828,-1.7828,18,2,3,6.8326,6.8140,4.8950,7.9786,1.4226,6.3946,5.6866,12.2055,6.3946,184.9017,20.5289,3.0099,FALSE,FALSE,FALSE,FALSE,FALSE,FALSE,FALSE,FALSE
544,7.6756,2.8481,5.7066,11.5461,1.4557,-1.4557,18,3,3,6.8326,6.8140,4.8950,7.9786,1.4226,6.3946,5.6866,12.2055,6.3946,184.9017,20.5289,3.0099,FALSE,FALSE,FALSE,FALSE,FALSE,FALSE,FALSE,FALSE
545,7.6090,3.1611,5.5834,11.5461,1.1274,-1.1274,18,4,3,6.8326,6.8140,4.8950,7.9786,1.4226,6.3946,5.6866,12.2055,6.3946,184.9017,20.5289,3.0099,FALSE,FALSE,FALSE,FALSE,FALSE,FALSE,FALSE,FALSE
546,7.5425,3.4741,5.4703,11.5461,0.8091,-0.8091,18,5,3,6.8326,6.8140,4.8950,7.9786,1.4226,6.3946,5.6866,12.2055,6.3946,184.9017,20.5289,3.0099,FALSE,FALSE,FALSE,FALSE,FALSE,FALSE,FALSE,FALSE
547,7.4760,3.7871,5.3677,11.5461,0.5404,-0.5404,18,6,3,6.8326,6.8140,4.8950,7.9786,1.4226,6.3946,5.6866,12.2055,6.3946,184.9017,20.5289,3.0099,FALSE,FALSE,FALSE,FALSE,FALSE,FALSE,FALSE,FALSE
548,7.4095,4.1001,5.2751,11.5461,0.3869,-0.3869,18,7,3,6.8326,6.8140,4.8950,7.9786,1.4226,6.3946,5.6866,12.2055,6.3946,184.9017,20.5289,3.0099,FALSE,FALSE,FALSE,FALSE,FALSE,FALSE,FALSE,FALSE
549,7.3429,4.4131,5.1925,11.5461,0.3273,-0.3273,18,8,3,6.8326,6.8140,4.8950,7.9786,1.4226,6.3946,5.6866,12.2055,6.3946,184.9017,20.5289,3.0099,FALSE,FALSE,FALSE,FALSE,FALSE,FALSE,FALSE,FALSE
550,7.2764,4.7261,5.1199,11.5461,0.2635,-0.2635,18,9,3,6.8326,6.8140,4.8950,7.9786,1.4226,6.3946,5.6866,12.2055,6.3946,184.9017,20.5289,3.0099,FALSE,FALSE,FALSE,FALSE,FALSE,FALSE,FALSE,FALSE
551,7.2099,5.0391,5.0574,11.5461,0.2286,-0.2286,18,10,3,6.8326,6.8140,4.8950,7.9786,1.4226,6.3946,5.6866,12.2055,6.3946,184.9017,20.5289,3.0099,FALSE,FALSE,FALSE,FALSE,FALSE,FALSE,FALSE,FALSE
552,7.1433,5.3521,5.0050,11.5461,0.2574,-0.2574,18,11,3,6.8326,6.8140,4.8950,7.9786,1.4226,6.3946,5.6866,12.2055,6.3946,184.9017,20.5289,3.0099,FALSE,FALSE,FALSE,FALSE,FALSE,FALSE,FALSE,FALSE
553,7.0768,5.6651,4.9630,11.5461,0.3396,-0.3396,18,12,3,6.8326,6.8140,4.8950,7.9786,1.4226,6.3946,5.6866,12.2055,6.3946,184.9017,20.5289,3.0099,FALSE,FALSE,FALSE,FALSE,FALSE,FALSE,FALSE,FALSE
554,7.0103,5.9782,4.9311,11.5461,0.5031,-0.5031,18,13,3,6.8326,6.8140,4.8950,7.9786,1.4226,6.3946,5.6866,12.2055,6.3946,184.9017,20.5289,3.0099,FALSE,FALSE,FALSE,FALSE,FALSE,FALSE,FALSE,FALSE
555,6.9437,6.2912,4.9091,11.5461,0.7875,-0.7875,18,14,3,6.8326,6.8140,4.8950,7.9786,1.4226,6.3946,5.6866,12.2055,6.3946,184.9017,20.5289,3.0099,FALSE,FALSE,FALSE,FALSE,FALSE,FALSE,FALSE,FALSE
556,6.8772,6.6042,4.8972,11.5461,1.1242,-1.1242,18,15,0,6.8326,6.8140,4.8950,7.9786,1.4226,6.3946,5.6866,12.2055,6.3946,184.9017,20.5289,3.0099,FALSE,FALSE,FALSE,FALSE,FALSE,FALSE,FALSE,FALSE
557,6.8107,6.9172,4.8953,11.5461,1.3355,-1.3355,18,16,0,6.8326,6.8140,4.8950,7.9786,1.4226,6.3946,5.6866,12.2055,6.3946,184.9017,20.5289,3.0099,FALSE,FALSE,FALSE,FALSE,FALSE,FALSE,FALSE,FALSE
558,6.7441,7.2302,4.9037,11.5461,1.4315,-1.4315,18,17,0,6.8326,6.8140,4.8950,7.9786,1.4226,6.3946,5.6866,12.2055,6.3946,184.9017,20.5289,3.0099,FALSE,FALSE,FALSE,FALSE,FALSE,FALSE,FALSE,FALSE
559,6.6776,7.5432,4.9224,11.5461,1.4024,-1.4024,18,18,0,6.8326,6.8140,4.8950,7.9786,1.4226,6.3946,5.6866,12.2055,6.3946,184.9017,20.5289,3.0099,FALSE,FALSE,FALSE,FALSE,FALSE,FALSE,FALSE,FALSE
560,6.6111,7.8562,4.9511,11.5461,1.2216,-1.2216,18,19,0,6.8326,6.8140,4.8950,7.9786,1.4226,6.3946,5.6866,12.2055,6.3946,184.9017,20.5289,3.0099,FALSE,FALSE,FALSE,FALSE,FALSE,FALSE,FALSE,FALSE
561,6.5445,8.1692,4.9898,11.5461,0.9832,-0.9832,18,20,0,6.8326,6.8140,4.8950,7.9786,1.4226,6.3946,5.6866,12.2055,6.3946,184.9017,20.5289,3.0099,FALSE,FALSE,FALSE,FALSE,FALSE,FALSE,FALSE,FALSE
562,6.4780,8.4822,5.0385,11.5461,0.7170,-0.7170,18,21,0,6.8326,6.8140,4.8950,7.9786,1.4226,6.3946,5.6866,12.2055,6.3946,184.9017,20.5289,3.0099,FALSE,FALSE,FALSE,FALSE,FALSE,FALSE,FALSE,FALSE
563,6.4115,8.7952,5.0973,11.5461,0.5511,-0.5511,18,22,0,6.8326,6.8140,4.8950,7.9786,1.4226,6.3946,5.6866,12.2055,6.3946,184.9017,20.5289,3.0099,FALSE,FALSE,FALSE,FALSE,FALSE,FALSE,FALSE,FALSE
564,6.3449,9.1082,5.1664,11.5461,0.5080,-0.5080,18,23,0,6.8326,6.8140,4.8950,7.9786,1.4226,6.3946,5.6866,12.2055,6.3946,184.9017,20.5289,3.0099,FALSE,FALSE,FALSE,FALSE,FALSE,FALSE,FALSE,FALSE
565,6.2784,9.4212,5.2457,11.5461,0.5785,-0.5785,18,24,0,6.8326,6.8140,4.8950,7.9786,1.4226,6.3946,5.6866,12.2055,6.3946,184.9017,20.5289,3.0099,FALSE,FALSE,FALSE,FALSE,FALSE,FALSE,FALSE,FALSE
566,6.2119,9.7342,5.3351,11.5461,0.7825,-0.7825,18,25,0,6.8326,6.8140,4.8950,7.9786,1.4226,6.3946,5.6866,12.2055,6.3946,184.9017,20.5289,3.0099,FALSE,FALSE,FALSE,FALSE,FALSE,FALSE,FALSE,FALSE
567,6.1453,10.0472,5.4344,11.5461,1.0788,-1.0788,18,26,0,6.8326,6.8140,4.8950,7.9786,1.4226,6.3946,5.6866,12.2055,6.3946,184.9017,20.5289,3.0099,FALSE,FALSE,FALSE,FALSE,FALSE,FALSE,FALSE,FALSE
568,6.0788,10.3603,5.5438,11.5461,1.4157,-1.4157,18,27,0,6.8326,6.8140,4.8950,7.9786,1.4226,6.3946,5.6866,12.2055,6.3946,184.9017,20.5289,3.0099,FALSE,FALSE,FALSE,FALSE,FALSE,FALSE,FALSE,FALSE
569,6.0123,10.6733,5.6633,11.5461,1.7899,-1.7899,18,28,0,6.8326,6.8140,4.8950,7.9786,1.4226,6.3946,5.6866,12.2055,6.3946,184.9017,20.5289,3.0099,FALSE,FALSE,FALSE,FALSE,FALSE,FALSE,FALSE,FALSE
570,5.9458,10.9863,5.7931,11.5461,2.1312,-2.1312,18,29,0,6.8326,6.8140,4.8950,7.9786,1.4226,6.3946,5.6866,12.2055,6.3946,184.9017,20.5289,3.0099,FALSE,FALSE,FALSE,FALSE,FALSE,FALSE,FALSE,FALSE
571,5.8792,11.2993,5.9331,11.5461,2.4379,-2.4379,18,30,0,6.8326,6.8140,4.8950,7.9786,1.4226,6.3946,5.6866,12.2055,6.3946,184.9017,20.5289,3.0099,FALSE,FALSE,FALSE,FALSE,FALSE,FALSE,FALSE,FALSE
572,5.8127,11.6123,6.0831,11.5461,2.7371,-2.7371,18,31,0,6.8326,6.8140,4.8950,7.9786,1.4226,6.3946,5.6866,12.2055,6.3946,184.9017,20.5289,3.0099,FALSE,FALSE,FALSE,FALSE,FALSE,FALSE,FALSE,FALSE
573,8.2821,2.1591,6.0841,11.5400,2.4356,-2.4356,19,0,3,7.2623,6.9567,4.8950,8.4076,1.5683,6.3946,6.1170,12.3451,6.3946,184.9017,20.5289,3.0099,FALSE,FALSE,FALSE,FALSE,FALSE,FALSE,FALSE,FALSE
574,8.2155,2.4721,5.9340,11.5400,2.0665,-2.0665,19,1,3,7.2623,6.9567,4.8950,8.4076,1.5683,6.3946,6.1170,12.3451,6.3946,184.9017,20.5289,3.0099,FALSE,FALSE,FALSE,FALSE,FALSE,FALSE,FALSE,FALSE
575,8.1490,2.7851,5.7938,11.5400,1.6991,-1.6991,19,2,3,7.2623,6.9567,4.8950,8.4076,1.5683,6.3946,6.1170,12.3451,6.3946,184.9017,20.5289,3.0099,FALSE,FALSE,FALSE,FALSE,FALSE,FALSE,FALSE,FALSE
576,8.0825,3.0981,5.6639,11.5400,1.3347,-1.3347,19,3,3,7.2623,6.9567,4.8950,8.4076,1.5683,6.3946,6.1170,12.3451,6.3946,184.9017,20.5289,3.0099,FALSE,FALSE,FALSE,FALSE,FALSE,FALSE,FALSE,FALSE
577,8.0159,3.4112,5.5444,11.5400,0.9852,-0.9852,19,4,3,7.2623,6.9567,4.8950,8.4076,1.5683,6.3946,6.1170,12.3451,6.3946,184.9017,20.5289,3.0099,FALSE,FALSE,FALSE,FALSE,FALSE,FALSE,FALSE,FALSE
578,7.9494,3.7242,5.4348,11.5400,0.6704,-0.6704,19,5,3,7.2623,6.9567,4.8950,8.4076,1.5683,6.3946,6.1170,12.3451,6.3946,184.9017,20.5289,3.0099,FALSE,FALSE,FALSE,FALSE,FALSE,FALSE,FALSE,FALSE
579,7.8829,4.0372,5.3354,11.5400,0.4616,-0.4616,19,6,3,7.2623,6.9567,4.8950,8.4076,1.5683,6.3946,6.1170,12.3451,6.3946,184.9017,20.5289,3.0099,FALSE,FALSE,FALSE,FALSE,FALSE,FALSE,FALSE,FALSE
580,7.8164,4.3502,5.2459,11.5400,0.3255,-0.3255,19,7,3,7.2623,6.9567,4.8950,8.4076,1.5683,6.3946,6.1170,12.3451,6.3946,184.9017,20.5289,3.0099,FALSE,FALSE,FALSE,FALSE,FALSE,FALSE,FALSE,FALSE
581,7.7498,4.6632,5.1665,11.5400,0.2516,-0.2516,19,8,3,7.2623,6.9567,4.8950,8.4076,1.5683,6.3946,6.1170,12.3451,6.3946,184.9017,20.5289,3.0099,FALSE,FALSE,FALSE,FALSE,FALSE,FALSE,FALSE,FALSE
582,7.6833,4.9762,5.0974,11.5400,0.2322,-0.2322,19,9,3,7.2623,6.9567,4.8950,8.4076,1.5683,6.3946,6.1170,12.3451,6.3946,184.9017,20.5289,3.0099,FALSE,FALSE,FALSE,FALSE,FALSE,FALSE,FALSE,FALSE
583,7.6168,5.2892,5.0386,11.5400,0.2890,-0.2890,19,10,3,7.2623,6.9567,4.8950,8.4076,1.5683,6.3946,6.1170,12.3451,6.3946,184.9017,20.5289,3.0099,FALSE,FALSE,FALSE,FALSE,FALSE,FALSE,FALSE,FALSE
584,7.5502,5.6022,4.9898,11.5400,0.4335,-0.4335,19,11,3,7.2623,6.9567,4.8950,8.4076,1.5683,6.3946,6.1170,12.3451,6.3946,184.9017,20.5289,3.0099,FALSE,FALSE,FALSE,FALSE,FALSE,FALSE,FALSE,FALSE
585,7.4837,5.9152,4.9510,11.5400,0.7114,-0.7114,19,12,3,7.2623,6.9567,4.8950,8.4076,1.5683,6.3946,6.1170,12.3451,6.3946,184.9017,20.5289,3.0099,FALSE,FALSE,FALSE,FALSE,FALSE,FALSE,FALSE,FALSE
586,7.4172,6.2282,4.9223,11.5400,1.1284,-1.1284,19,13,3,7.2623,6.9567,4.8950,8.4076,1.5683,6.3946,6.1170,12.3451,6.3946,184.9017,20.5289,3.0099,FALSE,FALSE,FALSE,FALSE,FALSE,FALSE,FALSE,FALSE
587,7.3506,6.5412,4.9037,11.5400,1.5867,-1.5867,19,14,0,7.2623,6.9567,4.8950,8.4076,1.5683,6.3946,6.1170,12.3451,6.3946,184.9017,20.5289,3.0099,FALSE,FALSE,FALSE,FALSE,FALSE,FALSE,FALSE,FALSE
588,7.2841,6.8542,4.8953,11.5400,1.8060,-1.8060,19,15,0,7.2623,6.9567,4.8950,8.4076,1.5683,6.3946,6.1170,12.3451,6.3946,184.9017,20.5289,3.0099,FALSE,FALSE,FALSE,FALSE,FALSE,FALSE,FALSE,FALSE
589,7.2176,7.1672,4.8972,11.5400,1.8266,-1.8266,19,16,0,7.2623,6.9567,4.8950,8.4076,1.5683,6.3946,6.1170,12.3451,6.3946,184.9017,20.5289,3.0099,FALSE,FALSE,FALSE,FALSE,FALSE,FALSE,FALSE,FALSE
590,7.1510,7.4802,4.9092,11.5400,1.7890,-1.7890,19,17,0,7.2623,6.9567,4.8950,8.4076,1.5683,6.3946,6.1170,12.3451,6.3946,184.9017,20.5289,3.0099,FALSE,FALSE,FALSE,FALSE,FALSE,FALSE,FALSE,FALSE
591,7.0845,7.7933,4.9312,11.5400,1.6643,-1.6643,19,18,0,7.2623,6.9567,4.8950,8.4076,1.5683,6.3946,6.1170,12.3451,6.3946,184.9017,20.5289,3.0099,FALSE,FALSE,FALSE,FALSE,FALSE,FALSE,FALSE,FALSE
592,7.0180,8.1063,4.9632,11.5400,1.4516,-1.4516,19,19,0,7.2623,6.9567,4.8950,8.4076,1.5683,6.3946,6.1170,12.3451,6.3946,184.9017,20.5289,3.0099,FALSE,FALSE,FALSE,FALSE,FALSE,FALSE,FALSE,FALSE
593,6.9514,8.4193,5.0052,11.5400,1.1539,-1.1539,19,20,0,7.2623,6.9567,4.8950,8.4076,1.5683,6.3946,6.1170,12.3451,6.3946,184.9017,20.5289,3.0099,FALSE,FALSE,FALSE,FALSE,FALSE,FALSE,FALSE,FALSE
594,6.8849,8.7323,5.0577,11.5400,0.9162,-0.9162,19,21,0,7.2623,6.9567,4.8950,8.4076,1.5683,6.3946,6.1170,12.3451,6.3946,184.9017,20.5289,3.0099,FALSE,FALSE,FALSE,FALSE,FALSE,FALSE,FALSE,FALSE
595,6.8184,9.0453,5.1203,11.5400,0.8297,-0.8297,19,22,0,7.2623,6.9567,4.8950,8.4076,1.5683,6.3946,6.1170,12.3451,6.3946,184.9017,20.5289,3.0099,FALSE,FALSE,FALSE,FALSE,FALSE,FALSE,FALSE,FALSE
596,6.7518,9.3583,5.1930,11.5400,0.8351,-0.8351,19,23,0,7.2623,6.9567,4.8950,8.4076,1.5683,6.3946,6.1170,12.3451,6.3946,184.9017,20.5289,3.0099,FALSE,FALSE,FALSE,FALSE,FALSE,FALSE,FALSE,FALSE
597,6.6853,9.6713,5.2757,11.5400,0.9096,-0.9096,19,24,0,7.2623,6.9567,4.8950,8.4076,1.5683,6.3946,6.1170,12.3451,6.3946,184.9017,20.5289,3.0099,FALSE,FALSE,FALSE,FALSE,FALSE,FALSE,FALSE,FALSE
598,6.6188,9.9843,5.3684,11.5400,1.1200,-1.1200,19,25,0,7.2623,6.9567,4.8950,8.4076,1.5683,6.3946,6.1170,12.3451,6.3946,184.9017,20.5289,3.0099,FALSE,FALSE,FALSE,FALSE,FALSE,FALSE,FALSE,FALSE
599,6.5523,10.2973,5.4712,11.5400,1.4030,-1.4030,19,26,0,7.2623,6.9567,4.8950,8.4076,1.5683,6.3946,6.1170,12.3451,6.3946,184.9017,20.5289,3.0099,FALSE,FALSE,FALSE,FALSE,FALSE,FALSE,FALSE,FALSE
600,6.4857,10.6103,5.5845,11.5400,1.7241,-1.7241,19,27,0,7.2623,6.9567,4.8950,8.4076,1.5683,6.3946,6.1170,12.3451,6.3946,184.9017,20.5289,3.0099,FALSE,FALSE,FALSE,FALSE,FALSE,FALSE,FALSE,FALSE
601,6.4192,10.9233,5.7078,11.5400,2.0257,-2.0257,19,28,0,7.2623,6.9567,4.8950,8.4076,1.5683,6.3946,6.1170,12.3451,6.3946,184.9017,20.5289,3.0099,FALSE,FALSE,FALSE,FALSE,FALSE,FALSE,FALSE,FALSE
602,6.3527,11.2363,5.8412,11.5400,2.2924,-2.2924,19,29,0,7.2623,6.9567,4.8950,8.4076,1.5683,6.3946,6.1170,12.3451,6.3946,184.9017,20.5289,3.0099,FALSE,FALSE,FALSE,FALSE,FALSE,FALSE,FALSE,FALSE
603,6.2861,11.5493,5.9847,11.5400,2.5455,-2.5455,19,30,0,7.2623,6.9567,4.8950,8.4076,1.5683,6.3946,6.1170,12.3451,6.3946,184.9017,20.5289,3.0099,FALSE,FALSE,FALSE,FALSE,FALSE,FALSE,FALSE,FALSE
604,6.2196,11.8623,6.1381,11.5400,2.8415,-2.8415,19,31,0,7.2623,6.9567,4.8950,8.4076,1.5683,6.3946,6.1170,12.3451,6.3946,184.9017,20.5289,3.0099,FALSE,FALSE,FALSE,FALSE,FALSE,FALSE,FALSE,FALSE
605,8.7555,2.0962,6.2017,11.5108,2.6962,-2.6962,20,0,3,7.6894,7.1119,4.8950,8.8315,1.7385,6.3946,6.5472,12.4854,6.3946,184.9017,20.5289,3.0099,FALSE,FALSE,FALSE,FALSE,FALSE,FALSE,FALSE,FALSE
606,8.6890,2.4092,6.0436,11.5108,2.3202,-2.3202,20,1,3,7.6894,7.1119,4.8950,8.8315,1.7385,6.3946,6.5472,12.4854,6.3946,184.9017,20.5289,3.0099,FALSE,FALSE,FALSE,FALSE,FALSE,FALSE,FALSE,FALSE
607,8.6224,2.7222,5.8960,11.5108,1.9576,-1.9576,20,2,3,7.6894,7.1119,4.8950,8.8315,1.7385,6.3946,6.5472,12.4854,6.3946,184.9017,20.5289,3.0099,FALSE,FALSE,FALSE,FALSE,FALSE,FALSE,FALSE,FALSE
608,8.5559,3.0352,5.7584,11.5108,1.5792,-1.5792,20,3,3,7.6894,7.1119,4.8950,8.8315,1.7385,6.3946,6.5472,12.4854,6.3946,184.9017,20.5289,3.0099,FALSE,FALSE,FALSE,FALSE,FALSE,FALSE,FALSE,FALSE
609,8.4894,3.3482,5.6309,11.5108,1.2237,-1.2237,20,4,3,7.6894,7.1119,4.8950,8.8315,1.7385,6.3946,6.5472,12.4854,6.3946,184.9017,20.5289,3.0099,FALSE,FALSE,FALSE,FALSE,FALSE,FALSE,FALSE,FALSE
610,8.4228,3.6612,5.5135,11.5108,0.9155,-0.9155,20,5,3,7.6894,7.1119,4.8950,8.8315,1.7385,6.3946,6.5472,12.4854,6.3946,184.9017,20.5289,3.0099,FALSE,FALSE,FALSE,FALSE,FALSE,FALSE,FALSE,FALSE
611,8.3563,3.9742,5.4062,11.5108,0.6546,-0.6546,20,6,3,7.6894,7.1119,4.8950,8.8315,1.7385,6.3946,6.5472,12.4854,6.3946,184.9017,20.5289,3.0099,FALSE,FALSE,FALSE,FALSE,FALSE,FALSE,FALSE,FALSE
612,8.2898,4.2872,5.3092,11.5108,0.4482,-0.4482,20,7,3,7.6894,7.1119,4.8950,8.8315,1.7385,6.3946,6.5472,12.4854,6.3946,184.9017,20.5289,3.0099,FALSE,FALSE,FALSE,FALSE,FALSE,FALSE,FALSE,FALSE
613,8.2233,4.6002,5.2226,11.5108,0.3091,-0.3091,20,8,3,7.6894,7.1119,4.8950,8.8315,1.7385,6.3946,6.5472,12.4854,6.3946,184.9017,20.5289,3.0099,FALSE,FALSE,FALSE,FALSE,FALSE,FALSE,FALSE,FALSE
614,8.1567,4.9132,5.1461,11.5108,0.2649,-0.2649,20,9,3,7.6894,7.1119,4.8950,8.8315,1.7385,6.3946,6.5472,12.4854,6.3946,184.9017,20.5289,3.0099,FALSE,FALSE,FALSE,FALSE,FALSE,FALSE,FALSE,FALSE
615,8.0902,5.2263,5.0797,11.5108,0.3581,-0.3581,20,10,3,7.6894,7.1119,4.8950,8.8315,1.7385,6.3946,6.5472,12.4854,6.3946,184.9017,20.5289,3.0099,FALSE,FALSE,FALSE,FALSE,FALSE,FALSE,FALSE,FALSE
616,8.0237,5.5393,5.0234,11.5108,0.5699,-0.5699,20,11,3,7.6894,7.1119,4.8950,8.8315,1.7385,6.3946,6.5472,12.4854,6.3946,184.9017,20.5289,3.0099,FALSE,FALSE,FALSE,FALSE,FALSE,FALSE,FALSE,FALSE
617,7.9571,5.8523,4.9772,11.5108,1.0164,-1.0164,20,12,3,7.6894,7.1119,4.8950,8.8315,1.7385,6.3946,6.5472,12.4854,6.3946,184.9017,20.5289,3.0099,FALSE,FALSE,FALSE,FALSE,FALSE,FALSE,FALSE,FALSE
618,7.8906,6.1653,4.9413,11.5108,1.5761,-1.5761,20,13,3,7.6894,7.1119,4.8950,8.8315,1.7385,6.3946,6.5472,12.4854,6.3946,184.9017,20.5289,3.0099,FALSE,FALSE,FALSE,FALSE,FALSE,FALSE,FALSE,FALSE
619,7.8241,6.4783,4.9158,11.5108,2.0557,-2.0557,20,14,3,7.6894,7.1119,4.8950,8.8315,1.7385,6.3946,6.5472,12.4854,6.3946,184.9017,20.5289,3.0099,FALSE,FALSE,FALSE,FALSE,FALSE,FALSE,FALSE,FALSE
620,7.7575,6.7913,4.9003,11.5108,2.2623,-2.2623,20,15,0,7.6894,7.1119,4.8950,8.8315,1.7385,6.3946,6.5472,12.4854,6.3946,184.9017,20.5289,3.0099,FALSE,FALSE,FALSE,FALSE,FALSE,FALSE,FALSE,FALSE
621,7.6910,7.1043,4.8950,11.5108,2.3087,-2.3087,20,16,0,7.6894,7.1119,4.8950,8.8315,1.7385,6.3946,6.5472,12.4854,6.3946,184.9017,20.5289,3.0099,FALSE,FALSE,FALSE,FALSE,FALSE,FALSE,FALSE,FALSE
622,7.6245,7.4173,4.8998,11.5108,2.2790,-2.2790,20,17,0,7.6894,7.1119,4.8950,8.8315,1.7385,6.3946,6.5472,12.4854,6.3946,184.9017,20.5289,3.0099,FALSE,FALSE,FALSE,FALSE,FALSE,FALSE,FALSE,FALSE
623,7.5579,7.7303,4.9147,11.5108,2.1295,-2.1295,20,18,0,7.6894,7.1119,4.8950,8.8315,1.7385,6.3946,6.5472,12.4854,6.3946,184.9017,20.5289,3.0099,FALSE,FALSE,FALSE,FALSE,FALSE,FALSE,FALSE,FALSE
624,7.4914,8.0433,4.9398,11.5108,1.9206,-1.9206,20,19,0,7.6894,7.1119,4.8950,8.8315,1.7385,6.3946,6.5472,12.4854,6.3946,184.9017,20.5289,3.0099,FALSE,FALSE,FALSE,FALSE,FALSE,FALSE,FALSE,FALSE
625,7.4249,8.3563,4.9753,11.5108,1.6089,-1.6089,20,20,0,7.6894,7.1119,4.8950,8.8315,1.7385,6.3946,6.5472,12.4854,6.3946,184.9017,20.5289,3.0099,FALSE,FALSE,FALSE,FALSE,FALSE,FALSE,FALSE,FALSE
626,7.3583,8.6693,5.0210,11.5108,1.3499,-1.3499,20,21,0,7.6894,7.1119,4.8950,8.8315,1.7385,6.3946,6.5472,12.4854,6.3946,184.9017,20.5289,3.0099,FALSE,FALSE,FALSE,FALSE,FALSE,FALSE,FALSE,FALSE
627,7.2918,8.9823,5.0768,11.5108,1.2416,-1.2416,20,22,0,7.6894,7.1119,4.8950,8.8315,1.7385,6.3946,6.5472,12.4854,6.3946,184.9017,20.5289,3.0099,FALSE,FALSE,FALSE,FALSE,FALSE,FALSE,FALSE,FALSE
628,7.2253,9.2953,5.1426,11.5108,1.2694,-1.2694,20,23,0,7.6894,7.1119,4.8950,8.8315,1.7385,6.3946,6.5472,12.4854,6.3946,184.9017,20.5289,3.0099,FALSE,FALSE,FALSE,FALSE,FALSE,FALSE,FALSE,FALSE
629,7.1587,9.6084,5.2186,11.5108,1.3102,-1.3102,20,24,0,7.6894,7.1119,4.8950,8.8315,1.7385,6.3946,6.5472,12.4854,6.3946,184.9017,20.5289,3.0099,FALSE,FALSE,FALSE,FALSE,FALSE,FALSE,FALSE,FALSE
630,7.0922,9.9214,5.3047,11.5108,1.3922,-1.3922,20,25,0,7.6894,7.1119,4.8950,8.8315,1.7385,6.3946,6.5472,12.4854,6.3946,184.9017,20.5289,3.0099,FALSE,FALSE,FALSE,FALSE,FALSE,FALSE,FALSE,FALSE
631,7.0257,10.2344,5.4014,11.5108,1.5509,-1.5509,20,26,0,7.6894,7.1119,4.8950,8.8315,1.7385,6.3946,6.5472,12.4854,6.3946,184.9017,20.5289,3.0099,FALSE,FALSE,FALSE,FALSE,FALSE,FALSE,FALSE,FALSE
632,6.9592,10.5474,5.5081,11.5108,1.7684,-1.7684,20,27,0,7.6894,7.1119,4.8950,8.8315,1.7385,6.3946,6.5472,12.4854,6.3946,184.9017,20.5289,3.0099,FALSE,FALSE,FALSE,FALSE,FALSE,FALSE,FALSE,FALSE
633,6.8926,10.8604,5.6250,11.5108,1.9853,-1.9853,20,28,0,7.6894,7.1119,4.8950,8.8315,1.7385,6.3946,6.5472,12.4854,6.3946,184.9017,20.5289,3.0099,FALSE,FALSE,FALSE,FALSE,FALSE,FALSE,FALSE,FALSE
634,6.8261,11.1734,5.7519,11.5108,2.1763,-2.1763,20,29,0,7.6894,7.1119,4.8950,8.8315,1.7385,6.3946,6.5472,12.4854,6.3946,184.9017,20.5289,3.0099,FALSE,FALSE,FALSE,FALSE,FALSE,FALSE,FALSE,FALSE
635,6.7596,11.4864,5.8889,11.5108,2.3594,-2.3594,20,30,0,7.6894,7.1119,4.8950,8.8315,1.7385,6.3946,6.5472,12.4854,6.3946,184.9017,20.5289,3.0099,FALSE,FALSE,FALSE,FALSE,FALSE,FALSE,FALSE,FALSE
636,6.6930,11.7994,6.0361,11.5108,2.6672,-2.6672,20,31,0,7.6894,7.1119,4.8950,8.8315,1.7385,6.3946,6.5472,12.4854,6.3946,184.9017,20.5289,3.0099,FALSE,FALSE,FALSE,FALSE,FALSE,FALSE,FALSE,FALSE
637,6.6265,12.1124,6.1939,11.5108,3.0279,-3.0279,20,32,0,7.6894,7.1119,4.8950,8.8315,1.7385,6.3946,6.5472,12.4854,6.3946,184.9017,20.5289,3.0099,FALSE,FALSE,FALSE,FALSE,FALSE,FALSE,FALSE,FALSE
638,9.1624,2.3462,6.1505,11.5015,2.4504,-2.4504,21,0,3,8.1184,7.2579,4.8950,9.2596,1.8892,6.3946,6.9773,12.6266,6.3946,184.9017,20.5289,3.0099,FALSE,FALSE,FALSE,FALSE,FALSE,FALSE,FALSE,FALSE
639,9.0959,2.6593,5.9956,11.5015,2.0929,-2.0929,21,1,3,8.1184,7.2579,4.8950,9.2596,1.8892,6.3946,6.9773,12.6266,6.3946,184.9017,20.5289,3.0099,FALSE,FALSE,FALSE,FALSE,FALSE,FALSE,FALSE,FALSE
640,9.0293,2.9723,5.8508,11.5015,1.7316,-1.7316,21,2,3,8.1184,7.2579,4.8950,9.2596,1.8892,6.3946,6.9773,12.6266,6.3946,184.9017,20.5289,3.0099,FALSE,FALSE,FALSE,FALSE,FALSE,FALSE,FALSE,FALSE
641,8.9628,3.2853,5.7162,11.5015,1.4123,-1.4123,21,3,3,8.1184,7.2579,4.8950,9.2596,1.8892,6.3946,6.9773,12.6266,6.3946,184.9017,20.5289,3.0099,FALSE,FALSE,FALSE,FALSE,FALSE,FALSE,FALSE,FALSE
642,8.8963,3.5983,5.5917,11.5015,1.1231,-1.1231,21,4,3,8.1184,7.2579,4.8950,9.2596,1.8892,6.3946,6.9773,12.6266,6.3946,184.9017,20.5289,3.0099,FALSE,FALSE,FALSE,FALSE,FALSE,FALSE,FALSE,FALSE
643,8.8298,3.9113,5.4777,11.5015,0.8673,-0.8673,21,5,3,8.1184,7.2579,4.8950,9.2596,1.8892,6.3946,6.9773,12.6266,6.3946,184.9017,20.5289,3.0099,FALSE,FALSE,FALSE,FALSE,FALSE,FALSE,FALSE,FALSE
644,8.7632,4.2243,5.3739,11.5015,0.6618,-0.6618,21,6,3,8.1184,7.2579,4.8950,9.2596,1.8892,6.3946,6.9773,12.6266,6.3946,184.9017,20.5289,3.0099,FALSE,FALSE,FALSE,FALSE,FALSE,FALSE,FALSE,FALSE
645,8.6967,4.5373,5.2802,11.5015,0.5018,-0.5018,21,7,3,8.1184,7.2579,4.8950,9.2596,1.8892,6.3946,6.9773,12.6266,6.3946,184.9017,20.5289,3.0099,FALSE,FALSE,FALSE,FALSE,FALSE,FALSE,FALSE,FALSE
646,8.6302,4.8503,5.1967,11.5015,0.4207,-0.4207,21,8,3,8.1184,7.2579,4.8950,9.2596,1.8892,6.3946,6.9773,12.6266,6.3946,184.9017,20.5289,3.0099,FALSE,FALSE,FALSE,FALSE,FALSE,FALSE,FALSE,FALSE
647,8.5636,5.1633,5.1232,11.5015,0.5042,-0.5042,21,9,3,8.1184,7.2579,4.8950,9.2596,1.8892,6.3946,6.9773,12.6266,6.3946,184.9017,20.5289,3.0099,FALSE,FALSE,FALSE,FALSE,FALSE,FALSE,FALSE,FALSE
648,8.4971,5.4763,5.0599,11.5015,0.7506,-0.7506,21,10,3,8.1184,7.2579,4.8950,9.2596,1.8892,6.3946,6.9773,12.6266,6.3946,184.9017,20.5289,3.0099,FALSE,FALSE,FALSE,FALSE,FALSE,FALSE,FALSE,FALSE
649,8.4306,5.7893,5.0070,11.5015,1.2097,-1.2097,21,11,3,8.1184,7.2579,4.8950,9.2596,1.8892,6.3946,6.9773,12.6266,6.3946,184.9017,20.5289,3.0099,FALSE,FALSE,FALSE,FALSE,FALSE,FALSE,FALSE,FALSE
650,8.3640,6.1023,4.9644,11.5015,1.7820,-1.7820,21,12,3,8.1184,7.2579,4.8950,9.2596,1.8892,6.3946,6.9773,12.6266,6.3946,184.9017,20.5289,3.0099,FALSE,FALSE,FALSE,FALSE,FALSE,FALSE,FALSE,FALSE
651,8.2975,6.4153,4.9320,11.5015,2.2148,-2.2148,21,13,3,8.1184,7.2579,4.8950,9.2596,1.8892,6.3946,6.9773,12.6266,6.3946,184.9017,20.5289,3.0099,FALSE,FALSE,FALSE,FALSE,FALSE,FALSE,FALSE,FALSE
652,8.2310,6.7283,4.9096,11.5015,2.4364,-2.4364,21,14,0,8.1184,7.2579,4.8950,9.2596,1.8892,6.3946,6.9773,12.6266,6.3946,184.9017,20.5289,3.0099,FALSE,FALSE,FALSE,FALSE,FALSE,FALSE,FALSE,FALSE
653,8.1644,7.0414,4.8973,11.5015,2.5306,-2.5306,21,15,0,8.1184,7.2579,4.8950,9.2596,1.8892,6.3946,6.9773,12.6266,6.3946,184.9017,20.5289,3.0099,FALSE,FALSE,FALSE,FALSE,FALSE,FALSE,FALSE,FALSE
654,8.0979,7.3544,4.8952,11.5015,2.4382,-2.4382,21,16,0,8.1184,7.2579,4.8950,9.2596,1.8892,6.3946,6.9773,12.6266,6.3946,184.9017,20.5289,3.0099,FALSE,FALSE,FALSE,FALSE,FALSE,FALSE,FALSE,FALSE
655,8.0314,7.6674,4.9035,11.5015,2.3419,-2.3419,21,17,0,8.1184,7.2579,4.8950,9.2596,1.8892,6.3946,6.9773,12.6266,6.3946,184.9017,20.5289,3.0099,FALSE,FALSE,FALSE,FALSE,FALSE,FALSE,FALSE,FALSE
656,7.9648,7.9804,4.9221,11.5015,2.1477,-2.1477,21,18,0,8.1184,7.2579,4.8950,9.2596,1.8892,6.3946,6.9773,12.6266,6.3946,184.9017,20.5289,3.0099,FALSE,FALSE,FALSE,FALSE,FALSE,FALSE,FALSE,FALSE
657,7.8983,8.2934,4.9508,11.5015,1.9175,-1.9175,21,19,0,8.1184,7.2579,4.8950,9.2596,1.8892,6.3946,6.9773,12.6266,6.3946,184.9017,20.5289,3.0099,FALSE,FALSE,FALSE,FALSE,FALSE,FALSE,FALSE,FALSE
658,7.8318,8.6064,4.9896,11.5015,1.7400,-1.7400,21,20,0,8.1184,7.2579,4.8950,9.2596,1.8892,6.3946,6.9773,12.6266,6.3946,184.9017,20.5289,3.0099,FALSE,FALSE,FALSE,FALSE,FALSE,FALSE,FALSE,FALSE
659,7.7652,8.9194,5.0386,11.5015,1.6506,-1.6506,21,21,0,8.1184,7.2579,4.8950,9.2596,1.8892,6.3946,6.9773,12.6266,6.3946,184.9017,20.5289,3.0099,FALSE,FALSE,FALSE,FALSE,FALSE,FALSE,FALSE,FALSE
660,7.6987,9.2324,5.0977,11.5015,1.7170,-1.7170,21,22,0,8.1184,7.2579,4.8950,9.2596,1.8892,6.3946,6.9773,12.6266,6.3946,184.9017,20.5289,3.0099,FALSE,FALSE,FALSE,FALSE,FALSE,FALSE,FALSE,FALSE
661,7.6322,9.5454,5.1671,11.5015,1.7833,-1.7833,21,23,0,8.1184,7.2579,4.8950,9.2596,1.8892,6.3946,6.9773,12.6266,6.3946,184.9017,20.5289,3.0099,FALSE,FALSE,FALSE,FALSE,FALSE,FALSE,FALSE,FALSE
662,7.5656,9.8584,5.2469,11.5015,1.8049,-1.8049,21,24,0,8.1184,7.2579,4.8950,9.2596,1.8892,6.3946,6.9773,12.6266,6.3946,184.9017,20.5289,3.0099,FALSE,FALSE,FALSE,FALSE,FALSE,FALSE,FALSE,FALSE
663,7.4991,10.1714,5.3368,11.5015,1.8306,-1.8306,21,25,0,8.1184,7.2579,4.8950,9.2596,1.8892,6.3946,6.9773,12.6266,6.3946,184.9017,20.5289,3.0099,FALSE,FALSE,FALSE,FALSE,FALSE,FALSE,FALSE,FALSE
664,7.4326,10.4844,5.4368,11.5015,1.8811,-1.8811,21,26,0,8.1184,7.2579,4.8950,9.2596,1.8892,6.3946,6.9773,12.6266,6.3946,184.9017,20.5289,3.0099,FALSE,FALSE,FALSE,FALSE,FALSE,FALSE,FALSE,FALSE
665,7.3661,10.7974,5.5469,11.5015,1.9808,-1.9808,21,27,0,8.1184,7.2579,4.8950,9.2596,1.8892,6.3946,6.9773,12.6266,6.3946,184.9017,20.5289,3.0099,FALSE,FALSE,FALSE,FALSE,FALSE,FALSE,FALSE,FALSE
666,7.2995,11.1104,5.6672,11.5015,2.0960,-2.0960,21,28,0,8.1184,7.2579,4.8950,9.2596,1.8892,6.3946,6.9773,12.6266,6.3946,184.9017,20.5289,3.0099,FALSE,FALSE,FALSE,FALSE,FALSE,FALSE,FALSE,FALSE
667,7.2330,11.4235,5.7978,11.5015,2.2085,-2.2085,21,29,0,8.1184,7.2579,4.8950,9.2596,1.8892,6.3946,6.9773,12.6266,6.3946,184.9017,20.5289,3.0099,FALSE,FALSE,FALSE,FALSE,FALSE,FALSE,FALSE,FALSE
668,7.1665,11.7365,5.9387,11.5015,2.4712,-2.4712,21,30,0,8.1184,7.2579,4.8950,9.2596,1.8892,6.3946,6.9773,12.6266,6.3946,184.9017,20.5289,3.0099,FALSE,FALSE,FALSE,FALSE,FALSE,FALSE,FALSE,FALSE
669,7.0999,12.0495,6.0898,11.5015,2.8536,-2.8536,21,31,0,8.1184,7.2579,4.8950,9.2596,1.8892,6.3946,6.9773,12.6266,6.3946,184.9017,20.5289,3.0099,FALSE,FALSE,FALSE,FALSE,FALSE,FALSE,FALSE,FALSE
670,9.5693,2.5963,6.1220,11.3584,2.1875,-2.1875,22,0,3,8.5570,7.3587,4.9054,9.6871,2.0421,6.3946,7.4076,12.7665,5.9746,184.9017,20.5289,3.0099,FALSE,FALSE,FALSE,FALSE,FALSE,FALSE,FALSE,FALSE
671,9.5028,2.9093,5.9798,11.3584,1.8830,-1.8830,22,1,3,8.5570,7.3587,4.9054,9.6871,2.0421,6.3946,7.4076,12.7665,5.9746,184.9017,20.5289,3.0099,FALSE,FALSE,FALSE,FALSE,FALSE,FALSE,FALSE,FALSE
672,9.4362,3.2223,5.8465,11.3584,1.6076,-1.6076,22,2,3,8.5570,7.3587,4.9054,9.6871,2.0421,6.3946,7.4076,12.7665,5.9746,184.9017,20.5289,3.0099,FALSE,FALSE,FALSE,FALSE,FALSE,FALSE,FALSE,FALSE
673,9.3697,3.5353,5.7221,11.3584,1.3470,-1.3470,22,3,3,8.5570,7.3587,4.9054,9.6871,2.0421,6.3946,7.4076,12.7665,5.9746,184.9017,20.5289,3.0099,FALSE,FALSE,FALSE,FALSE,FALSE,FALSE,FALSE,FALSE
674,9.3032,3.8483,5.6063,11.3584,1.1091,-1.1091,22,4,3,8.5570,7.3587,4.9054,9.6871,2.0421,6.3946,7.4076,12.7665,5.9746,184.9017,20.5289,3.0099,FALSE,FALSE,FALSE,FALSE,FALSE,FALSE,FALSE,FALSE
675,9.2367,4.1613,5.4993,11.3584,0.9195,-0.9195,22,5,3,8.5570,7.3587,4.9054,9.6871,2.0421,6.3946,7.4076,12.7665,5.9746,184.9017,20.5289,3.0099,FALSE,FALSE,FALSE,FALSE,FALSE,FALSE,FALSE,FALSE
676,9.1701,4.4743,5.4008,11.3584,0.7842,-0.7842,22,6,3,8.5570,7.3587,4.9054,9.6871,2.0421,6.3946,7.4076,12.7665,5.9746,184.9017,20.5289,3.0099,FALSE,FALSE,FALSE,FALSE,FALSE,FALSE,FALSE,FALSE
677,9.1036,4.7874,5.3111,11.3584,0.6943,-0.6943,22,7,3,8.5570,7.3587,4.9054,9.6871,2.0421,6.3946,7.4076,12.7665,5.9746,184.9017,20.5289,3.0099,FALSE,FALSE,FALSE,FALSE,FALSE,FALSE,FALSE,FALSE
678,9.0371,5.1004,5.2301,11.3584,0.7026,-0.7026,22,8,3,8.5570,7.3587,4.9054,9.6871,2.0421,6.3946,7.4076,12.7665,5.9746,184.9017,20.5289,3.0099,FALSE,FALSE,FALSE,FALSE,FALSE,FALSE,FALSE,FALSE
679,8.9705,5.4134,5.1581,11.3584,0.8592,-0.8592,22,9,3,8.5570,7.3587,4.9054,9.6871,2.0421,6.3946,7.4076,12.7665,5.9746,184.9017,20.5289,3.0099,FALSE,FALSE,FALSE,FALSE,FALSE,FALSE,FALSE,FALSE
680,8.9040,5.7264,5.0947,11.3584,1.1920,-1.1920,22,10,3,8.5570,7.3587,4.9054,9.6871,2.0421,6.3946,7.4076,12.7665,5.9746,184.9017,20.5289,3.0099,FALSE,FALSE,FALSE,FALSE,FALSE,FALSE,FALSE,FALSE
681,8.8375,6.0394,5.0400,11.3584,1.6989,-1.6989,22,11,3,8.5570,7.3587,4.9054,9.6871,2.0421,6.3946,7.4076,12.7665,5.9746,184.9017,20.5289,3.0099,FALSE,FALSE,FALSE,FALSE,FALSE,FALSE,FALSE,FALSE
682,8.7709,6.3524,4.9940,11.3584,2.0615,-2.0615,22,12,3,8.5570,7.3587,4.9054,9.6871,2.0421,6.3946,7.4076,12.7665,5.9746,184.9017,20.5289,3.0099,FALSE,FALSE,FALSE,FALSE,FALSE,FALSE,FALSE,FALSE
683,8.7044,6.6654,4.9567,11.3584,2.2518,-2.2518,22,13,3,8.5570,7.3587,4.9054,9.6871,2.0421,6.3946,7.4076,12.7665,5.9746,184.9017,20.5289,3.0099,FALSE,FALSE,FALSE,FALSE,FALSE,FALSE,FALSE,FALSE
684,8.6379,6.9784,4.9280,11.3584,2.3448,-2.3448,22,14,0,8.5570,7.3587,4.9054,9.6871,2.0421,6.3946,7.4076,12.7665,5.9746,184.9017,20.5289,3.0099,FALSE,FALSE,FALSE,FALSE,FALSE,FALSE,FALSE,FALSE
685,8.5713,7.2914,4.9084,11.3584,2.3580,-2.3580,22,15,0,8.5570,7.3587,4.9054,9.6871,2.0421,6.3946,7.4076,12.7665,5.9746,184.9017,20.5289,3.0099,FALSE,FALSE,FALSE,FALSE,FALSE,FALSE,FALSE,FALSE
686,8.5048,7.6044,4.8975,11.3584,2.2711,-2.2711,22,16,0,8.5570,7.3587,4.9054,9.6871,2.0421,6.3946,7.4076,12.7665,5.9746,184.9017,20.5289,3.0099,FALSE,FALSE,FALSE,FALSE,FALSE,FALSE,FALSE,FALSE
687,8.4383,7.9174,4.8952,11.3584,2.1086,-2.1086,22,17,0,8.5570,7.3587,4.9054,9.6871,2.0421,6.3946,7.4076,12.7665,5.9746,184.9017,20.5289,3.0099,FALSE,FALSE,FALSE,FALSE,FALSE,FALSE,FALSE,FALSE
688,8.3717,8.2304,4.9016,11.3584,1.9193,-1.9193,22,18,0,8.5570,7.3587,4.9054,9.6871,2.0421,6.3946,7.4076,12.7665,5.9746,184.9017,20.5289,3.0099,FALSE,FALSE,FALSE,FALSE,FALSE,FALSE,FALSE,FALSE
689,8.3052,8.5434,4.9167,11.3584,1.8063,-1.8063,22,19,0,8.5570,7.3587,4.9054,9.6871,2.0421,6.3946,7.4076,12.7665,5.9746,184.9017,20.5289,3.0099,FALSE,FALSE,FALSE,FALSE,FALSE,FALSE,FALSE,FALSE
690,8.2387,8.8565,4.9404,11.3584,1.8141,-1.8141,22,20,0,8.5570,7.3587,4.9054,9.6871,2.0421,6.3946,7.4076,12.7665,5.9746,184.9017,20.5289,3.0099,FALSE,FALSE,FALSE,FALSE,FALSE,FALSE,FALSE,FALSE
691,8.1721,9.1695,4.9731,11.3584,1.9330,-1.9330,22,21,0,8.5570,7.3587,4.9054,9.6871,2.0421,6.3946,7.4076,12.7665,5.9746,184.9017,20.5289,3.0099,FALSE,FALSE,FALSE,FALSE,FALSE,FALSE,FALSE,FALSE
692,8.1056,9.4825,5.0146,11.3584,2.0040,-2.0040,22,22,0,8.5570,7.3587,4.9054,9.6871,2.0421,6.3946,7.4076,12.7665,5.9746,184.9017,20.5289,3.0099,FALSE,FALSE,FALSE,FALSE,FALSE,FALSE,FALSE,FALSE
693,8.0391,9.7955,5.0647,11.3584,2.0310,-2.0310,22,23,0,8.5570,7.3587,4.9054,9.6871,2.0421,6.3946,7.4076,12.7665,5.9746,184.9017,20.5289,3.0099,FALSE,FALSE,FALSE,FALSE,FALSE,FALSE,FALSE,FALSE
694,7.9725,10.1085,5.1235,11.3584,2.0121,-2.0121,22,24,0,8.5570,7.3587,4.9054,9.6871,2.0421,6.3946,7.4076,12.7665,5.9746,184.9017,20.5289,3.0099,FALSE,FALSE,FALSE,FALSE,FALSE,FALSE,FALSE,FALSE
695,7.9060,10.4215,5.1910,11.3584,1.9479,-1.9479,22,25,0,8.5570,7.3587,4.9054,9.6871,2.0421,6.3946,7.4076,12.7665,5.9746,184.9017,20.5289,3.0099,FALSE,FALSE,FALSE,FALSE,FALSE,FALSE,FALSE,FALSE
696,7.8395,10.7345,5.2671,11.3584,1.8403,-1.8403,22,26,0,8.5570,7.3587,4.9054,9.6871,2.0421,6.3946,7.4076,12.7665,5.9746,184.9017,20.5289,3.0099,FALSE,FALSE,FALSE,FALSE,FALSE,FALSE,FALSE,FALSE
697,7.7730,11.0475,5.3522,11.3584,1.8430,-1.8430,22,27,0,8.5570,7.3587,4.9054,9.6871,2.0421,6.3946,7.4076,12.7665,5.9746,184.9017,20.5289,3.0099,FALSE,FALSE,FALSE,FALSE,FALSE,FALSE,FALSE,FALSE
698,7.7064,11.3605,5.4461,11.3584,1.8801,-1.8801,22,28,0,8.5570,7.3587,4.9054,9.6871,2.0421,6.3946,7.4076,12.7665,5.9746,184.9017,20.5289,3.0099,FALSE,FALSE,FALSE,FALSE,FALSE,FALSE,FALSE,FALSE
699,7.6399,11.6735,5.5486,11.3584,1.9603,-1.9603,22,29,0,8.5570,7.3587,4.9054,9.6871,2.0421,6.3946,7.4076,12.7665,5.9746,184.9017,20.5289,3.0099,FALSE,FALSE,FALSE,FALSE,FALSE,FALSE,FALSE,FALSE
700,7.5734,11.9865,5.6598,11.3584,2.1133,-2.1133,22,30,0,8.5570,7.3587,4.9054,9.6871,2.0421,6.3946,7.4076,12.7665,5.9746,184.9017,20.5289,3.0099,FALSE,FALSE,FALSE,FALSE,FALSE,FALSE,FALSE,FALSE
701,7.5068,12.2995,5.7797,11.3584,2.5230,-2.5230,22,31,0,8.5570,7.3587,4.9054,9.6871,2.0421,6.3946,7.4076,12.7665,5.9746,184.9017,20.5289,3.0099,FALSE,FALSE,FALSE,FALSE,FALSE,FALSE,FALSE,FALSE
702,10.0427,2.5334,6.2128,11.5259,2.1961,-2.1961,23,0,3,8.9705,7.5778,4.8950,10.1143,2.1967,6.3946,7.8267,12.9590,6.3946,184.9017,20.5289,3.0099,FALSE,FALSE,FALSE,FALSE,FALSE,FALSE,FALSE,FALSE
703,9.9762,2.8464,6.0545,11.5259,1.9327,-1.9327,23,1,3,8.9705,7.5778,4.8950,10.1143,2.1967,6.3946,7.8267,12.9590,6.3946,184.9017,20.5289,3.0099,FALSE,FALSE,FALSE,FALSE,FALSE,FALSE,FALSE,FALSE
704,9.9097,3.1594,5.9063,11.5259,1.6643,-1.6643,23,2,3,8.9705,7.5778,4.8950,10.1143,2.1967,6.3946,7.8267,12.9590,6.3946,184.9017,20.5289,3.0099,FALSE,FALSE,FALSE,FALSE,FALSE,FALSE,FALSE,FALSE
705,9.8431,3.4724,5.7681,11.5259,1.4205,-1.4205,23,3,3,8.9705,7.5778,4.8950,10.1143,2.1967,6.3946,7.8267,12.9590,6.3946,184.9017,20.5289,3.0099,FALSE,FALSE,FALSE,FALSE,FALSE,FALSE,FALSE,FALSE
706,9.7766,3.7854,5.6400,11.5259,1.1955,-1.1955,23,4,3,8.9705,7.5778,4.8950,10.1143,2.1967,6.3946,7.8267,12.9590,6.3946,184.9017,20.5289,3.0099,FALSE,FALSE,FALSE,FALSE,FALSE,FALSE,FALSE,FALSE
707,9.7101,4.0984,5.5219,11.5259,1.0145,-1.0145,23,5,3,8.9705,7.5778,4.8950,10.1143,2.1967,6.3946,7.8267,12.9590,6.3946,184.9017,20.5289,3.0099,FALSE,FALSE,FALSE,FALSE,FALSE,FALSE,FALSE,FALSE
708,9.6436,4.4114,5.4141,11.5259,0.8915,-0.8915,23,6,3,8.9705,7.5778,4.8950,10.1143,2.1967,6.3946,7.8267,12.9590,6.3946,184.9017,20.5289,3.0099,FALSE,FALSE,FALSE,FALSE,FALSE,FALSE,FALSE,FALSE
709,9.5770,4.7244,5.3166,11.5259,0.8122,-0.8122,23,7,3,8.9705,7.5778,4.8950,10.1143,2.1967,6.3946,7.8267,12.9590,6.3946,184.9017,20.5289,3.0099,FALSE,FALSE,FALSE,FALSE,FALSE,FALSE,FALSE,FALSE
710,9.5105,5.0374,5.2293,11.5259,0.7825,-0.7825,23,8,3,8.9705,7.5778,4.8950,10.1143,2.1967,6.3946,7.8267,12.9590,6.3946,184.9017,20.5289,3.0099,FALSE,FALSE,FALSE,FALSE,FALSE,FALSE,FALSE,FALSE
711,9.4440,5.3504,5.1520,11.5259,0.7969,-0.7969,23,9,3,8.9705,7.5778,4.8950,10.1143,2.1967,6.3946,7.8267,12.9590,6.3946,184.9017,20.5289,3.0099,FALSE,FALSE,FALSE,FALSE,FALSE,FALSE,FALSE,FALSE
712,9.3774,5.6634,5.0848,11.5259,0.9119,-0.9119,23,10,3,8.9705,7.5778,4.8950,10.1143,2.1967,6.3946,7.8267,12.9590,6.3946,184.9017,20.5289,3.0099,FALSE,FALSE,FALSE,FALSE,FALSE,FALSE,FALSE,FALSE
713,9.3109,5.9764,5.0276,11.5259,1.2542,-1.2542,23,11,3,8.9705,7.5778,4.8950,10.1143,2.1967,6.3946,7.8267,12.9590,6.3946,184.9017,20.5289,3.0099,FALSE,FALSE,FALSE,FALSE,FALSE,FALSE,FALSE,FALSE
714,9.2444,6.2895,4.9807,11.5259,1.5852,-1.5852,23,12,3,8.9705,7.5778,4.8950,10.1143,2.1967,6.3946,7.8267,12.9590,6.3946,184.9017,20.5289,3.0099,FALSE,FALSE,FALSE,FALSE,FALSE,FALSE,FALSE,FALSE
715,9.1778,6.6025,4.9442,11.5259,1.8265,-1.8265,23,13,3,8.9705,7.5778,4.8950,10.1143,2.1967,6.3946,7.8267,12.9590,6.3946,184.9017,20.5289,3.0099,FALSE,FALSE,FALSE,FALSE,FALSE,FALSE,FALSE,FALSE
716,9.1113,6.9155,4.9177,11.5259,1.9564,-1.9564,23,14,0,8.9705,7.5778,4.8950,10.1143,2.1967,6.3946,7.8267,12.9590,6.3946,184.9017,20.5289,3.0099,FALSE,FALSE,FALSE,FALSE,FALSE,FALSE,FALSE,FALSE
717,9.0448,7.2285,4.9013,11.5259,2.0284,-2.0284,23,15,0,8.9705,7.5778,4.8950,10.1143,2.1967,6.3946,7.8267,12.9590,6.3946,184.9017,20.5289,3.0099,FALSE,FALSE,FALSE,FALSE,FALSE,FALSE,FALSE,FALSE
718,8.9782,7.5415,4.8950,11.5259,1.9959,-1.9959,23,16,0,8.9705,7.5778,4.8950,10.1143,2.1967,6.3946,7.8267,12.9590,6.3946,184.9017,20.5289,3.0099,FALSE,FALSE,FALSE,FALSE,FALSE,FALSE,FALSE,FALSE
719,8.9117,7.8545,4.8988,11.5259,1.9066,-1.9066,23,17,0,8.9705,7.5778,4.8950,10.1143,2.1967,6.3946,7.8267,12.9590,6.3946,184.9017,20.5289,3.0099,FALSE,FALSE,FALSE,FALSE,FALSE,FALSE,FALSE,FALSE
720,8.8452,8.1675,4.9127,11.5259,1.7935,-1.7935,23,18,0,8.9705,7.5778,4.8950,10.1143,2.1967,6.3946,7.8267,12.9590,6.3946,184.9017,20.5289,3.0099,FALSE,FALSE,FALSE,FALSE,FALSE,FALSE,FALSE,FALSE
721,8.7786,8.4805,4.9371,11.5259,1.7444,-1.7444,23,19,0,8.9705,7.5778,4.8950,10.1143,2.1967,6.3946,7.8267,12.9590,6.3946,184.9017,20.5289,3.0099,FALSE,FALSE,FALSE,FALSE,FALSE,FALSE,FALSE,FALSE
722,8.7121,8.7935,4.9716,11.5259,1.8435,-1.8435,23,20,0,8.9705,7.5778,4.8950,10.1143,2.1967,6.3946,7.8267,12.9590,6.3946,184.9017,20.5289,3.0099,FALSE,FALSE,FALSE,FALSE,FALSE,FALSE,FALSE,FALSE
723,8.6456,9.1065,5.0161,11.5259,2.0668,-2.0668,23,21,0,8.9705,7.5778,4.8950,10.1143,2.1967,6.3946,7.8267,12.9590,6.3946,184.9017,20.5289,3.0099,FALSE,FALSE,FALSE,FALSE,FALSE,FALSE,FALSE,FALSE
724,8.5790,9.4195,5.0706,11.5259,2.2144,-2.2144,23,22,0,8.9705,7.5778,4.8950,10.1143,2.1967,6.3946,7.8267,12.9590,6.3946,184.9017,20.5289,3.0099,FALSE,FALSE,FALSE,FALSE,FALSE,FALSE,FALSE,FALSE
725,8.5125,9.7325,5.1353,11.5259,2.3011,-2.3011,23,23,0,8.9705,7.5778,4.8950,10.1143,2.1967,6.3946,7.8267,12.9590,6.3946,184.9017,20.5289,3.0099,FALSE,FALSE,FALSE,FALSE,FALSE,FALSE,FALSE,FALSE
726,8.4460,10.0455,5.2102,11.5259,2.3408,-2.3408,23,24,0,8.9705,7.5778,4.8950,10.1143,2.1967,6.3946,7.8267,12.9590,6.3946,184.9017,20.5289,3.0099,FALSE,FALSE,FALSE,FALSE,FALSE,FALSE,FALSE,FALSE
727,8.3794,10.3585,5.2954,11.5259,2.3328,-2.3328,23,25,0,8.9705,7.5778,4.8950,10.1143,2.1967,6.3946,7.8267,12.9590,6.3946,184.9017,20.5289,3.0099,FALSE,FALSE,FALSE,FALSE,FALSE,FALSE,FALSE,FALSE
728,8.3129,10.6716,5.3908,11.5259,2.1938,-2.1938,23,26,0,8.9705,7.5778,4.8950,10.1143,2.1967,6.3946,7.8267,12.9590,6.3946,184.9017,20.5289,3.0099,FALSE,FALSE,FALSE,FALSE,FALSE,FALSE,FALSE,FALSE
729,8.2464,10.9846,5.4962,11.5259,2.1007,-2.1007,23,27,0,8.9705,7.5778,4.8950,10.1143,2.1967,6.3946,7.8267,12.9590,6.3946,184.9017,20.5289,3.0099,FALSE,FALSE,FALSE,FALSE,FALSE,FALSE,FALSE,FALSE
730,8.1799,11.2976,5.6117,11.5259,2.0989,-2.0989,23,28,0,8.9705,7.5778,4.8950,10.1143,2.1967,6.3946,7.8267,12.9590,6.3946,184.9017,20.5289,3.0099,FALSE,FALSE,FALSE,FALSE,FALSE,FALSE,FALSE,FALSE
731,8.1133,11.6106,5.7372,11.5259,2.1597,-2.1597,23,29,0,8.9705,7.5778,4.8950,10.1143,2.1967,6.3946,7.8267,12.9590,6.3946,184.9017,20.5289,3.0099,FALSE,FALSE,FALSE,FALSE,FALSE,FALSE,FALSE,FALSE
732,8.0468,11.9236,5.8730,11.5259,2.2445,-2.2445,23,30,0,8.9705,7.5778,4.8950,10.1143,2.1967,6.3946,7.8267,12.9590,6.3946,184.9017,20.5289,3.0099,FALSE,FALSE,FALSE,FALSE,FALSE,FALSE,FALSE,FALSE
733,7.9803,12.2366,6.0192,11.5259,2.5197,-2.5197,23,31,0,8.9705,7.5778,4.8950,10.1143,2.1967,6.3946,7.8267,12.9590,6.3946,184.9017,20.5289,3.0099,FALSE,FALSE,FALSE,FALSE,FALSE,FALSE,FALSE,FALSE
734,7.9137,12.5496,6.1754,11.5259,3.0285,-3.0285,23,32,0,8.9705,7.5778,4.8950,10.1143,2.1967,6.3946,7.8267,12.9590,6.3946,184.9017,20.5289,3.0099,FALSE,FALSE,FALSE,FALSE,FALSE,FALSE,FALSE,FALSE
735,10.4496,2.7834,6.1655,11.5732,2.0225,-2.0225,24,0,3,9.3922,7.7581,4.8950,10.5412,2.3528,6.3946,8.2433,13.1635,6.3946,184.9017,20.5289,3.0099,FALSE,FALSE,FALSE,FALSE,FALSE,FALSE,FALSE,FALSE
736,10.3831,3.0964,6.0106,11.5732,1.7594,-1.7594,24,1,3,9.3922,7.7581,4.8950,10.5412,2.3528,6.3946,8.2433,13.1635,6.3946,184.9017,20.5289,3.0099,FALSE,FALSE,FALSE,FALSE,FALSE,FALSE,FALSE,FALSE
737,10.3166,3.4094,5.8657,11.5732,1.5199,-1.5199,24,2,3,9.3922,7.7581,4.8950,10.5412,2.3528,6.3946,8.2433,13.1635,6.3946,184.9017,20.5289,3.0099,FALSE,FALSE,FALSE,FALSE,FALSE,FALSE,FALSE,FALSE
738,10.2500,3.7224,5.7308,11.5732,1.2935,-1.2935,24,3,3,9.3922,7.7581,4.8950,10.5412,2.3528,6.3946,8.2433,13.1635,6.3946,184.9017,20.5289,3.0099,FALSE,FALSE,FALSE,FALSE,FALSE,FALSE,FALSE,FALSE
739,10.1835,4.0355,5.6063,11.5732,1.1356,-1.1356,24,4,3,9.3922,7.7581,4.8950,10.5412,2.3528,6.3946,8.2433,13.1635,6.3946,184.9017,20.5289,3.0099,FALSE,FALSE,FALSE,FALSE,FALSE,FALSE,FALSE,FALSE
740,10.1170,4.3485,5.4918,11.5732,1.0157,-1.0157,24,5,3,9.3922,7.7581,4.8950,10.5412,2.3528,6.3946,8.2433,13.1635,6.3946,184.9017,20.5289,3.0099,FALSE,FALSE,FALSE,FALSE,FALSE,FALSE,FALSE,FALSE
741,10.0505,4.6615,5.3873,11.5732,0.9355,-0.9355,24,6,3,9.3922,7.7581,4.8950,10.5412,2.3528,6.3946,8.2433,13.1635,6.3946,184.9017,20.5289,3.0099,FALSE,FALSE,FALSE,FALSE,FALSE,FALSE,FALSE,FALSE
742,9.9839,4.9745,5.2927,11.5732,0.8865,-0.8865,24,7,3,9.3922,7.7581,4.8950,10.5412,2.3528,6.3946,8.2433,13.1635,6.3946,184.9017,20.5289,3.0099,FALSE,FALSE,FALSE,FALSE,FALSE,FALSE,FALSE,FALSE
743,9.9174,5.2875,5.2082,11.5732,0.8655,-0.8655,24,8,3,9.3922,7.7581,4.8950,10.5412,2.3528,6.3946,8.2433,13.1635,6.3946,184.9017,20.5289,3.0099,FALSE,FALSE,FALSE,FALSE,FALSE,FALSE,FALSE,FALSE
744,9.8509,5.6005,5.1337,11.5732,0.8651,-0.8651,24,9,3,9.3922,7.7581,4.8950,10.5412,2.3528,6.3946,8.2433,13.1635,6.3946,184.9017,20.5289,3.0099,FALSE,FALSE,FALSE,FALSE,FALSE,FALSE,FALSE,FALSE
745,9.7843,5.9135,5.0696,11.5732,0.9531,-0.9531,24,10,3,9.3922,7.7581,4.8950,10.5412,2.3528,6.3946,8.2433,13.1635,6.3946,184.9017,20.5289,3.0099,FALSE,FALSE,FALSE,FALSE,FALSE,FALSE,FALSE,FALSE
746,9.7178,6.2265,5.0154,11.5732,1.1603,-1.1603,24,11,3,9.3922,7.7581,4.8950,10.5412,2.3528,6.3946,8.2433,13.1635,6.3946,184.9017,20.5289,3.0099,FALSE,FALSE,FALSE,FALSE,FALSE,FALSE,FALSE,FALSE
747,9.6513,6.5395,4.9712,11.5732,1.3686,-1.3686,24,12,3,9.3922,7.7581,4.8950,10.5412,2.3528,6.3946,8.2433,13.1635,6.3946,184.9017,20.5289,3.0099,FALSE,FALSE,FALSE,FALSE,FALSE,FALSE,FALSE,FALSE
748,9.5847,6.8525,4.9370,11.5732,1.5130,-1.5130,24,13,3,9.3922,7.7581,4.8950,10.5412,2.3528,6.3946,8.2433,13.1635,6.3946,184.9017,20.5289,3.0099,FALSE,FALSE,FALSE,FALSE,FALSE,FALSE,FALSE,FALSE
749,9.5182,7.1655,4.9127,11.5732,1.5821,-1.5821,24,14,0,9.3922,7.7581,4.8950,10.5412,2.3528,6.3946,8.2433,13.1635,6.3946,184.9017,20.5289,3.0099,FALSE,FALSE,FALSE,FALSE,FALSE,FALSE,FALSE,FALSE
750,9.4517,7.4785,4.8988,11.5732,1.5891,-1.5891,24,15,0,9.3922,7.7581,4.8950,10.5412,2.3528,6.3946,8.2433,13.1635,6.3946,184.9017,20.5289,3.0099,FALSE,FALSE,FALSE,FALSE,FALSE,FALSE,FALSE,FALSE
751,9.3851,7.7915,4.8950,11.5732,1.5358,-1.5358,24,16,0,9.3922,7.7581,4.8950,10.5412,2.3528,6.3946,8.2433,13.1635,6.3946,184.9017,20.5289,3.0099,FALSE,FALSE,FALSE,FALSE,FALSE,FALSE,FALSE,FALSE
752,9.3186,8.1046,4.9012,11.5732,1.4551,-1.4551,24,17,0,9.3922,7.7581,4.8950,10.5412,2.3528,6.3946,8.2433,13.1635,6.3946,184.9017,20.5289,3.0099,FALSE,FALSE,FALSE,FALSE,FALSE,FALSE,FALSE,FALSE
753,9.2521,8.4176,4.9173,11.5732,1.3787,-1.3787,24,18,0,9.3922,7.7581,4.8950,10.5412,2.3528,6.3946,8.2433,13.1635,6.3946,184.9017,20.5289,3.0099,FALSE,FALSE,FALSE,FALSE,FALSE,FALSE,FALSE,FALSE
754,9.1855,8.7306,4.9434,11.5732,1.6072,-1.6072,24,19,0,9.3922,7.7581,4.8950,10.5412,2.3528,6.3946,8.2433,13.1635,6.3946,184.9017,20.5289,3.0099,FALSE,FALSE,FALSE,FALSE,FALSE,FALSE,FALSE,FALSE
755,9.1190,9.0436,4.9795,11.5732,1.8952,-1.8952,24,20,0,9.3922,7.7581,4.8950,10.5412,2.3528,6.3946,8.2433,13.1635,6.3946,184.9017,20.5289,3.0099,FALSE,FALSE,FALSE,FALSE,FALSE,FALSE,FALSE,FALSE
756,9.0525,9.3566,5.0260,11.5732,2.1517,-2.1517,24,21,0,9.3922,7.7581,4.8950,10.5412,2.3528,6.3946,8.2433,13.1635,6.3946,184.9017,20.5289,3.0099,FALSE,FALSE,FALSE,FALSE,FALSE,FALSE,FALSE,FALSE
757,8.9859,9.6696,5.0826,11.5732,2.2754,-2.2754,24,22,0,9.3922,7.7581,4.8950,10.5412,2.3528,6.3946,8.2433,13.1635,6.3946,184.9017,20.5289,3.0099,FALSE,FALSE,FALSE,FALSE,FALSE,FALSE,FALSE,FALSE
758,8.9194,9.9826,5.1491,11.5732,2.3375,-2.3375,24,23,0,9.3922,7.7581,4.8950,10.5412,2.3528,6.3946,8.2433,13.1635,6.3946,184.9017,20.5289,3.0099,FALSE,FALSE,FALSE,FALSE,FALSE,FALSE,FALSE,FALSE
759,8.8529,10.2956,5.2255,11.5732,2.3369,-2.3369,24,24,0,9.3922,7.7581,4.8950,10.5412,2.3528,6.3946,8.2433,13.1635,6.3946,184.9017,20.5289,3.0099,FALSE,FALSE,FALSE,FALSE,FALSE,FALSE,FALSE,FALSE
760,8.7863,10.6086,5.3119,11.5732,2.2341,-2.2341,24,25,0,9.3922,7.7581,4.8950,10.5412,2.3528,6.3946,8.2433,13.1635,6.3946,184.9017,20.5289,3.0099,FALSE,FALSE,FALSE,FALSE,FALSE,FALSE,FALSE,FALSE
761,8.7198,10.9216,5.4085,11.5732,2.1002,-2.1002,24,26,0,9.3922,7.7581,4.8950,10.5412,2.3528,6.3946,8.2433,13.1635,6.3946,184.9017,20.5289,3.0099,FALSE,FALSE,FALSE,FALSE,FALSE,FALSE,FALSE,FALSE
762,8.6533,11.2346,5.5154,11.5732,2.0106,-2.0106,24,27,0,9.3922,7.7581,4.8950,10.5412,2.3528,6.3946,8.2433,13.1635,6.3946,184.9017,20.5289,3.0099,FALSE,FALSE,FALSE,FALSE,FALSE,FALSE,FALSE,FALSE
763,8.5868,11.5476,5.6323,11.5732,2.0524,-2.0524,24,28,0,9.3922,7.7581,4.8950,10.5412,2.3528,6.3946,8.2433,13.1635,6.3946,184.9017,20.5289,3.0099,FALSE,FALSE,FALSE,FALSE,FALSE,FALSE,FALSE,FALSE
764,8.5202,11.8606,5.7591,11.5732,2.1600,-2.1600,24,29,0,9.3922,7.7581,4.8950,10.5412,2.3528,6.3946,8.2433,13.1635,6.3946,184.9017,20.5289,3.0099,FALSE,FALSE,FALSE,FALSE,FALSE,FALSE,FALSE,FALSE
765,8.4537,12.1736,5.8959,11.5732,2.2679,-2.2679,24,30,0,9.3922,7.7581,4.8950,10.5412,2.3528,6.3946,8.2433,13.1635,6.3946,184.9017,20.5289,3.0099,FALSE,FALSE,FALSE,FALSE,FALSE,FALSE,FALSE,FALSE
766,8.3872,12.4867,6.0426,11.5732,2.5309,-2.5309,24,31,0,9.3922,7.7581,4.8950,10.5412,2.3528,6.3946,8.2433,13.1635,6.3946,184.9017,20.5289,3.0099,FALSE,FALSE,FALSE,FALSE,FALSE,FALSE,FALSE,FALSE
767,8.3206,12.7997,6.1997,11.5732,3.1183,-3.1183,24,32,0,9.3922,7.7581,4.8950,10.5412,2.3528,6.3946,8.2433,13.1635,6.3946,184.9017,20.5289,3.0099,FALSE,FALSE,FALSE,FALSE,FALSE,FALSE,FALSE,FALSE
768,10.8565,3.0335,6.1196,11.6195,1.9115,-1.9115,25,0,3,9.8137,7.9395,4.8950,10.9677,2.5105,6.3946,8.6598,13.3685,6.3946,184.9017,20.5289,3.0099,FALSE,FALSE,FALSE,FALSE,FALSE,FALSE,FALSE,FALSE
769,10.7900,3.3465,5.9684,11.6195,1.6546,-1.6546,25,1,3,9.8137,7.9395,4.8950,10.9677,2.5105,6.3946,8.6598,13.3685,6.3946,184.9017,20.5289,3.0099,FALSE,FALSE,FALSE,FALSE,FALSE,FALSE,FALSE,FALSE
770,10.7235,3.6595,5.8272,11.6195,1.4230,-1.4230,25,2,3,9.8137,7.9395,4.8950,10.9677,2.5105,6.3946,8.6598,13.3685,6.3946,184.9017,20.5289,3.0099,FALSE,FALSE,FALSE,FALSE,FALSE,FALSE,FALSE,FALSE
771,10.6569,3.9725,5.6959,11.6195,1.2409,-1.2409,25,3,3,9.8137,7.9395,4.8950,10.9677,2.5105,6.3946,8.6598,13.3685,6.3946,184.9017,20.5289,3.0099,FALSE,FALSE,FALSE,FALSE,FALSE,FALSE,FALSE,FALSE
772,10.5904,4.2855,5.5745,11.6195,1.1049,-1.1049,25,4,3,9.8137,7.9395,4.8950,10.9677,2.5105,6.3946,8.6598,13.3685,6.3946,184.9017,20.5289,3.0099,FALSE,FALSE,FALSE,FALSE,FALSE,FALSE,FALSE,FALSE
773,10.5239,4.5985,5.4629,11.6195,1.0077,-1.0077,25,5,3,9.8137,7.9395,4.8950,10.9677,2.5105,6.3946,8.6598,13.3685,6.3946,184.9017,20.5289,3.0099,FALSE,FALSE,FALSE,FALSE,FALSE,FALSE,FALSE,FALSE
774,10.4574,4.9115,5.3614,11.6195,0.9431,-0.9431,25,6,3,9.8137,7.9395,4.8950,10.9677,2.5105,6.3946,8.6598,13.3685,6.3946,184.9017,20.5289,3.0099,FALSE,FALSE,FALSE,FALSE,FALSE,FALSE,FALSE,FALSE
775,10.3908,5.2245,5.2701,11.6195,0.9134,-0.9134,25,7,3,9.8137,7.9395,4.8950,10.9677,2.5105,6.3946,8.6598,13.3685,6.3946,184.9017,20.5289,3.0099,FALSE,FALSE,FALSE,FALSE,FALSE,FALSE,FALSE,FALSE
776,10.3243,5.5375,5.1886,11.6195,0.8934,-0.8934,25,8,3,9.8137,7.9395,4.8950,10.9677,2.5105,6.3946,8.6598,13.3685,6.3946,184.9017,20.5289,3.0099,FALSE,FALSE,FALSE,FALSE,FALSE,FALSE,FALSE,FALSE
777,10.2578,5.8506,5.1171,11.6195,0.9077,-0.9077,25,9,3,9.8137,7.9395,4.8950,10.9677,2.5105,6.3946,8.6598,13.3685,6.3946,184.9017,20.5289,3.0099,FALSE,FALSE,FALSE,FALSE,FALSE,FALSE,FALSE,FALSE
778,10.1912,6.1636,5.0554,11.6195,0.9674,-0.9674,25,10,3,9.8137,7.9395,4.8950,10.9677,2.5105,6.3946,8.6598,13.3685,6.3946,184.9017,20.5289,3.0099,FALSE,FALSE,FALSE,FALSE,FALSE,FALSE,FALSE,FALSE
779,10.1247,6.4766,5.0036,11.6195,1.0861,-1.0861,25,11,3,9.8137,7.9395,4.8950,10.9677,2.5105,6.3946,8.6598,13.3685,6.3946,184.9017,20.5289,3.0099,FALSE,FALSE,FALSE,FALSE,FALSE,FALSE,FALSE,FALSE
780,10.0582,6.7896,4.9622,11.6195,1.1554,-1.1554,25,12,3,9.8137,7.9395,4.8950,10.9677,2.5105,6.3946,8.6598,13.3685,6.3946,184.9017,20.5289,3.0099,FALSE,FALSE,FALSE,FALSE,FALSE,FALSE,FALSE,FALSE
781,9.9916,7.1026,4.9306,11.6195,1.1615,-1.1615,25,13,0,9.8137,7.9395,4.8950,10.9677,2.5105,6.3946,8.6598,13.3685,6.3946,184.9017,20.5289,3.0099,FALSE,FALSE,FALSE,FALSE,FALSE,FALSE,FALSE,FALSE
782,9.9251,7.4156,4.9090,11.6195,1.1276,-1.1276,25,14,0,9.8137,7.9395,4.8950,10.9677,2.5105,6.3946,8.6598,13.3685,6.3946,184.9017,20.5289,3.0099,FALSE,FALSE,FALSE,FALSE,FALSE,FALSE,FALSE,FALSE
783,9.8586,7.7286,4.8972,11.6195,1.0526,-1.0526,25,15,0,9.8137,7.9395,4.8950,10.9677,2.5105,6.3946,8.6598,13.3685,6.3946,184.9017,20.5289,3.0099,FALSE,FALSE,FALSE,FALSE,FALSE,FALSE,FALSE,FALSE
784,9.7920,8.0416,4.8953,11.6195,0.9547,-0.9547,25,16,0,9.8137,7.9395,4.8950,10.9677,2.5105,6.3946,8.6598,13.3685,6.3946,184.9017,20.5289,3.0099,FALSE,FALSE,FALSE,FALSE,FALSE,FALSE,FALSE,FALSE
785,9.7255,8.3546,4.9035,11.6195,0.8672,-0.8672,25,17,0,9.8137,7.9395,4.8950,10.9677,2.5105,6.3946,8.6598,13.3685,6.3946,184.9017,20.5289,3.0099,FALSE,FALSE,FALSE,FALSE,FALSE,FALSE,FALSE,FALSE
786,9.6590,8.6676,4.9219,11.6195,1.0054,-1.0054,25,18,0,9.8137,7.9395,4.8950,10.9677,2.5105,6.3946,8.6598,13.3685,6.3946,184.9017,20.5289,3.0099,FALSE,FALSE,FALSE,FALSE,FALSE,FALSE,FALSE,FALSE
787,9.5924,8.9806,4.9502,11.6195,1.3562,-1.3562,25,19,0,9.8137,7.9395,4.8950,10.9677,2.5105,6.3946,8.6598,13.3685,6.3946,184.9017,20.5289,3.0099,FALSE,FALSE,FALSE,FALSE,FALSE,FALSE,FALSE,FALSE
788,9.5259,9.2936,4.9883,11.6195,1.8091,-1.8091,25,20,0,9.8137,7.9395,4.8950,10.9677,2.5105,6.3946,8.6598,13.3685,6.3946,184.9017,20.5289,3.0099,FALSE,FALSE,FALSE,FALSE,FALSE,FALSE,FALSE,FALSE
789,9.4594,9.6066,5.0363,11.6195,2.0895,-2.0895,25,21,0,9.8137,7.9395,4.8950,10.9677,2.5105,6.3946,8.6598,13.3685,6.3946,184.9017,20.5289,3.0099,FALSE,FALSE,FALSE,FALSE,FALSE,FALSE,FALSE,FALSE
790,9.3928,9.9197,5.0942,11.6195,2.1932,-2.1932,25,22,0,9.8137,7.9395,4.8950,10.9677,2.5105,6.3946,8.6598,13.3685,6.3946,184.9017,20.5289,3.0099,FALSE,FALSE,FALSE,FALSE,FALSE,FALSE,FALSE,FALSE
791,9.3263,10.2327,5.1625,11.6195,2.2145,-2.2145,25,23,0,9.8137,7.9395,4.8950,10.9677,2.5105,6.3946,8.6598,13.3685,6.3946,184.9017,20.5289,3.0099,FALSE,FALSE,FALSE,FALSE,FALSE,FALSE,FALSE,FALSE
792,9.2598,10.5457,5.2407,11.6195,2.1520,-2.1520,25,24,0,9.8137,7.9395,4.8950,10.9677,2.5105,6.3946,8.6598,13.3685,6.3946,184.9017,20.5289,3.0099,FALSE,FALSE,FALSE,FALSE,FALSE,FALSE,FALSE,FALSE
793,9.1932,10.8587,5.3287,11.6195,2.0215,-2.0215,25,25,0,9.8137,7.9395,4.8950,10.9677,2.5105,6.3946,8.6598,13.3685,6.3946,184.9017,20.5289,3.0099,FALSE,FALSE,FALSE,FALSE,FALSE,FALSE,FALSE,FALSE
794,9.1267,11.1717,5.4266,11.6195,1.8673,-1.8673,25,26,0,9.8137,7.9395,4.8950,10.9677,2.5105,6.3946,8.6598,13.3685,6.3946,184.9017,20.5289,3.0099,FALSE,FALSE,FALSE,FALSE,FALSE,FALSE,FALSE,FALSE
795,9.0602,11.4847,5.5344,11.6195,1.8682,-1.8682,25,27,0,9.8137,7.9395,4.8950,10.9677,2.5105,6.3946,8.6598,13.3685,6.3946,184.9017,20.5289,3.0099,FALSE,FALSE,FALSE,FALSE,FALSE,FALSE,FALSE,FALSE
796,8.9937,11.7977,5.6523,11.6195,1.9858,-1.9858,25,28,0,9.8137,7.9395,4.8950,10.9677,2.5105,6.3946,8.6598,13.3685,6.3946,184.9017,20.5289,3.0099,FALSE,FALSE,FALSE,FALSE,FALSE,FALSE,FALSE,FALSE
797,8.9271,12.1107,5.7804,11.6195,2.1119,-2.1119,25,29,0,9.8137,7.9395,4.8950,10.9677,2.5105,6.3946,8.6598,13.3685,6.3946,184.9017,20.5289,3.0099,FALSE,FALSE,FALSE,FALSE,FALSE,FALSE,FALSE,FALSE
798,8.8606,12.4237,5.9184,11.6195,2.2621,-2.2621,25,30,0,9.8137,7.9395,4.8950,10.9677,2.5105,6.3946,8.6598,13.3685,6.3946,184.9017,20.5289,3.0099,FALSE,FALSE,FALSE,FALSE,FALSE,FALSE,FALSE,FALSE
799,8.7941,12.7367,6.0662,11.6195,2.6205,-2.6205,25,31,0,9.8137,7.9395,4.8950,10.9677,2.5105,6.3946,8.6598,13.3685,6.3946,184.9017,20.5289,3.0099,FALSE,FALSE,FALSE,FALSE,FALSE,FALSE,FALSE,FALSE
800,8.7275,13.0497,6.2238,11.6195,3.2684,-3.2684,25,32,0,9.8137,7.9395,4.8950,10.9677,2.5105,6.3946,8.6598,13.3685,6.3946,184.9017,20.5289,3.0099,FALSE,FALSE,FALSE,FALSE,FALSE,FALSE,FALSE,FALSE
801,11.2634,3.2836,6.0765,11.6642,1.7298,-1.7298,26,0,3,10.2350,8.1221,4.8950,11.3938,2.6702,6.3946,9.0762,13.5739,6.3946,184.9017,20.5289,3.0099,FALSE,FALSE,FALSE,FALSE,FALSE,FALSE,FALSE,FALSE
802,11.1969,3.5966,5.9286,11.6642,1.4609,-1.4609,26,1,3,10.2350,8.1221,4.8950,11.3938,2.6702,6.3946,9.0762,13.5739,6.3946,184.9017,20.5289,3.0099,FALSE,FALSE,FALSE,FALSE,FALSE,FALSE,FALSE,FALSE
803,11.1304,3.9096,5.7904,11.6642,1.2340,-1.2340,26,2,3,10.2350,8.1221,4.8950,11.3938,2.6702,6.3946,9.0762,13.5739,6.3946,184.9017,20.5289,3.0099,FALSE,FALSE,FALSE,FALSE,FALSE,FALSE,FALSE,FALSE
804,11.0638,4.2226,5.6621,11.6642,1.0620,-1.0620,26,3,3,10.2350,8.1221,4.8950,11.3938,2.6702,6.3946,9.0762,13.5739,6.3946,184.9017,20.5289,3.0099,FALSE,FALSE,FALSE,FALSE,FALSE,FALSE,FALSE,FALSE
805,10.9973,4.5356,5.5440,11.6642,0.9563,-0.9563,26,4,3,10.2350,8.1221,4.8950,11.3938,2.6702,6.3946,9.0762,13.5739,6.3946,184.9017,20.5289,3.0099,FALSE,FALSE,FALSE,FALSE,FALSE,FALSE,FALSE,FALSE
806,10.9308,4.8486,5.4358,11.6642,0.8925,-0.8925,26,5,3,10.2350,8.1221,4.8950,11.3938,2.6702,6.3946,9.0762,13.5739,6.3946,184.9017,20.5289,3.0099,FALSE,FALSE,FALSE,FALSE,FALSE,FALSE,FALSE,FALSE
807,10.8643,5.1616,5.3373,11.6642,0.8493,-0.8493,26,6,3,10.2350,8.1221,4.8950,11.3938,2.6702,6.3946,9.0762,13.5739,6.3946,184.9017,20.5289,3.0099,FALSE,FALSE,FALSE,FALSE,FALSE,FALSE,FALSE,FALSE
808,10.7977,5.4746,5.2486,11.6642,0.8314,-0.8314,26,7,3,10.2350,8.1221,4.8950,11.3938,2.6702,6.3946,9.0762,13.5739,6.3946,184.9017,20.5289,3.0099,FALSE,FALSE,FALSE,FALSE,FALSE,FALSE,FALSE,FALSE
809,10.7312,5.7876,5.1697,11.6642,0.8289,-0.8289,26,8,3,10.2350,8.1221,4.8950,11.3938,2.6702,6.3946,9.0762,13.5739,6.3946,184.9017,20.5289,3.0099,FALSE,FALSE,FALSE,FALSE,FALSE,FALSE,FALSE,FALSE
810,10.6647,6.1006,5.1011,11.6642,0.8698,-0.8698,26,9,3,10.2350,8.1221,4.8950,11.3938,2.6702,6.3946,9.0762,13.5739,6.3946,184.9017,20.5289,3.0099,FALSE,FALSE,FALSE,FALSE,FALSE,FALSE,FALSE,FALSE
811,10.5981,6.4136,5.0423,11.6642,0.9724,-0.9724,26,10,3,10.2350,8.1221,4.8950,11.3938,2.6702,6.3946,9.0762,13.5739,6.3946,184.9017,20.5289,3.0099,FALSE,FALSE,FALSE,FALSE,FALSE,FALSE,FALSE,FALSE
812,10.5316,6.7266,4.9933,11.6642,1.0410,-1.0410,26,11,3,10.2350,8.1221,4.8950,11.3938,2.6702,6.3946,9.0762,13.5739,6.3946,184.9017,20.5289,3.0099,FALSE,FALSE,FALSE,FALSE,FALSE,FALSE,FALSE,FALSE
813,10.4651,7.0396,4.9541,11.6642,1.0383,-1.0383,26,12,3,10.2350,8.1221,4.8950,11.3938,2.6702,6.3946,9.0762,13.5739,6.3946,184.9017,20.5289,3.0099,FALSE,FALSE,FALSE,FALSE,FALSE,FALSE,FALSE,FALSE
814,10.3985,7.3526,4.9246,11.6642,0.9723,-0.9723,26,13,0,10.2350,8.1221,4.8950,11.3938,2.6702,6.3946,9.0762,13.5739,6.3946,184.9017,20.5289,3.0099,FALSE,FALSE,FALSE,FALSE,FALSE,FALSE,FALSE,FALSE
815,10.3320,7.6657,4.9053,11.6642,0.8340,-0.8340,26,14,0,10.2350,8.1221,4.8950,11.3938,2.6702,6.3946,9.0762,13.5739,6.3946,184.9017,20.5289,3.0099,FALSE,FALSE,FALSE,FALSE,FALSE,FALSE,FALSE,FALSE
816,10.2655,7.9787,4.8960,11.6642,0.6980,-0.6980,26,15,0,10.2350,8.1221,4.8950,11.3938,2.6702,6.3946,9.0762,13.5739,6.3946,184.9017,20.5289,3.0099,FALSE,FALSE,FALSE,FALSE,FALSE,FALSE,FALSE,FALSE
817,10.1989,8.2917,4.8965,11.6642,0.6156,-0.6156,26,16,0,10.2350,8.1221,4.8950,11.3938,2.6702,6.3946,9.0762,13.5739,6.3946,184.9017,20.5289,3.0099,FALSE,FALSE,FALSE,FALSE,FALSE,FALSE,FALSE,FALSE
818,10.1324,8.6047,4.9067,11.6642,0.6065,-0.6065,26,17,0,10.2350,8.1221,4.8950,11.3938,2.6702,6.3946,9.0762,13.5739,6.3946,184.9017,20.5289,3.0099,FALSE,FALSE,FALSE,FALSE,FALSE,FALSE,FALSE,FALSE
819,10.0659,8.9177,4.9267,11.6642,0.8108,-0.8108,26,18,0,10.2350,8.1221,4.8950,11.3938,2.6702,6.3946,9.0762,13.5739,6.3946,184.9017,20.5289,3.0099,FALSE,FALSE,FALSE,FALSE,FALSE,FALSE,FALSE,FALSE
820,9.9993,9.2307,4.9568,11.6642,1.1222,-1.1222,26,19,0,10.2350,8.1221,4.8950,11.3938,2.6702,6.3946,9.0762,13.5739,6.3946,184.9017,20.5289,3.0099,FALSE,FALSE,FALSE,FALSE,FALSE,FALSE,FALSE,FALSE
821,9.9328,9.5437,4.9969,11.6642,1.5769,-1.5769,26,20,0,10.2350,8.1221,4.8950,11.3938,2.6702,6.3946,9.0762,13.5739,6.3946,184.9017,20.5289,3.0099,FALSE,FALSE,FALSE,FALSE,FALSE,FALSE,FALSE,FALSE
822,9.8663,9.8567,5.0469,11.6642,1.7739,-1.7739,26,21,0,10.2350,8.1221,4.8950,11.3938,2.6702,6.3946,9.0762,13.5739,6.3946,184.9017,20.5289,3.0099,FALSE,FALSE,FALSE,FALSE,FALSE,FALSE,FALSE,FALSE
823,9.7997,10.1697,5.1066,11.6642,1.8909,-1.8909,26,22,0,10.2350,8.1221,4.8950,11.3938,2.6702,6.3946,9.0762,13.5739,6.3946,184.9017,20.5289,3.0099,FALSE,FALSE,FALSE,FALSE,FALSE,FALSE,FALSE,FALSE
824,9.7332,10.4827,5.1761,11.6642,1.8858,-1.8858,26,23,0,10.2350,8.1221,4.8950,11.3938,2.6702,6.3946,9.0762,13.5739,6.3946,184.9017,20.5289,3.0099,FALSE,FALSE,FALSE,FALSE,FALSE,FALSE,FALSE,FALSE
825,9.6667,10.7957,5.2555,11.6642,1.7995,-1.7995,26,24,0,10.2350,8.1221,4.8950,11.3938,2.6702,6.3946,9.0762,13.5739,6.3946,184.9017,20.5289,3.0099,FALSE,FALSE,FALSE,FALSE,FALSE,FALSE,FALSE,FALSE
826,9.6002,11.1087,5.3451,11.6642,1.6422,-1.6422,26,25,0,10.2350,8.1221,4.8950,11.3938,2.6702,6.3946,9.0762,13.5739,6.3946,184.9017,20.5289,3.0099,FALSE,FALSE,FALSE,FALSE,FALSE,FALSE,FALSE,FALSE
827,9.5336,11.4217,5.4445,11.6642,1.6014,-1.6014,26,26,0,10.2350,8.1221,4.8950,11.3938,2.6702,6.3946,9.0762,13.5739,6.3946,184.9017,20.5289,3.0099,FALSE,FALSE,FALSE,FALSE,FALSE,FALSE,FALSE,FALSE
828,9.4671,11.7348,5.5536,11.6642,1.6976,-1.6976,26,27,0,10.2350,8.1221,4.8950,11.3938,2.6702,6.3946,9.0762,13.5739,6.3946,184.9017,20.5289,3.0099,FALSE,FALSE,FALSE,FALSE,FALSE,FALSE,FALSE,FALSE
829,9.4006,12.0478,5.6726,11.6642,1.8818,-1.8818,26,28,0,10.2350,8.1221,4.8950,11.3938,2.6702,6.3946,9.0762,13.5739,6.3946,184.9017,20.5289,3.0099,FALSE,FALSE,FALSE,FALSE,FALSE,FALSE,FALSE,FALSE
830,9.3340,12.3608,5.8014,11.6642,2.0682,-2.0682,26,29,0,10.2350,8.1221,4.8950,11.3938,2.6702,6.3946,9.0762,13.5739,6.3946,184.9017,20.5289,3.0099,FALSE,FALSE,FALSE,FALSE,FALSE,FALSE,FALSE,FALSE
831,9.2675,12.6738,5.9404,11.6642,2.2542,-2.2542,26,30,0,10.2350,8.1221,4.8950,11.3938,2.6702,6.3946,9.0762,13.5739,6.3946,184.9017,20.5289,3.0099,FALSE,FALSE,FALSE,FALSE,FALSE,FALSE,FALSE,FALSE
832,9.2010,12.9868,6.0893,11.6642,2.7283,-2.7283,26,31,0,10.2350,8.1221,4.8950,11.3938,2.6702,6.3946,9.0762,13.5739,6.3946,184.9017,20.5289,3.0099,FALSE,FALSE,FALSE,FALSE,FALSE,FALSE,FALSE,FALSE
833,11.7369,3.2206,6.1792,11.7279,1.8173,-1.8173,27,0,3,10.6582,8.2952,4.8950,11.8240,2.8108,6.3946,9.4925,13.7796,6.3946,184.9017,20.5289,3.0099,FALSE,FALSE,FALSE,FALSE,FALSE,FALSE,FALSE,FALSE
834,11.6703,3.5336,6.0255,11.7279,1.4925,-1.4925,27,1,3,10.6582,8.2952,4.8950,11.8240,2.8108,6.3946,9.4925,13.7796,6.3946,184.9017,20.5289,3.0099,FALSE,FALSE,FALSE,FALSE,FALSE,FALSE,FALSE,FALSE
835,11.6038,3.8466,5.8816,11.7279,1.2055,-1.2055,27,2,3,10.6582,8.2952,4.8950,11.8240,2.8108,6.3946,9.4925,13.7796,6.3946,184.9017,20.5289,3.0099,FALSE,FALSE,FALSE,FALSE,FALSE,FALSE,FALSE,FALSE
836,11.5373,4.1596,5.7478,11.7279,0.9554,-0.9554,27,3,3,10.6582,8.2952,4.8950,11.8240,2.8108,6.3946,9.4925,13.7796,6.3946,184.9017,20.5289,3.0099,FALSE,FALSE,FALSE,FALSE,FALSE,FALSE,FALSE,FALSE
837,11.4707,4.4726,5.6237,11.7279,0.7973,-0.7973,27,4,3,10.6582,8.2952,4.8950,11.8240,2.8108,6.3946,9.4925,13.7796,6.3946,184.9017,20.5289,3.0099,FALSE,FALSE,FALSE,FALSE,FALSE,FALSE,FALSE,FALSE
838,11.4042,4.7856,5.5092,11.7279,0.6979,-0.6979,27,5,3,10.6582,8.2952,4.8950,11.8240,2.8108,6.3946,9.4925,13.7796,6.3946,184.9017,20.5289,3.0099,FALSE,FALSE,FALSE,FALSE,FALSE,FALSE,FALSE,FALSE
839,11.3377,5.0987,5.4044,11.7279,0.6469,-0.6469,27,6,3,10.6582,8.2952,4.8950,11.8240,2.8108,6.3946,9.4925,13.7796,6.3946,184.9017,20.5289,3.0099,FALSE,FALSE,FALSE,FALSE,FALSE,FALSE,FALSE,FALSE
840,11.2712,5.4117,5.3094,11.7279,0.6226,-0.6226,27,7,3,10.6582,8.2952,4.8950,11.8240,2.8108,6.3946,9.4925,13.7796,6.3946,184.9017,20.5289,3.0099,FALSE,FALSE,FALSE,FALSE,FALSE,FALSE,FALSE,FALSE
841,11.2046,5.7247,5.2244,11.7279,0.6194,-0.6194,27,8,3,10.6582,8.2952,4.8950,11.8240,2.8108,6.3946,9.4925,13.7796,6.3946,184.9017,20.5289,3.0099,FALSE,FALSE,FALSE,FALSE,FALSE,FALSE,FALSE,FALSE
842,11.1381,6.0377,5.1492,11.7279,0.6370,-0.6370,27,9,3,10.6582,8.2952,4.8950,11.8240,2.8108,6.3946,9.4925,13.7796,6.3946,184.9017,20.5289,3.0099,FALSE,FALSE,FALSE,FALSE,FALSE,FALSE,FALSE,FALSE
843,11.0716,6.3507,5.0835,11.7279,0.6985,-0.6985,27,10,3,10.6582,8.2952,4.8950,11.8240,2.8108,6.3946,9.4925,13.7796,6.3946,184.9017,20.5289,3.0099,FALSE,FALSE,FALSE,FALSE,FALSE,FALSE,FALSE,FALSE
844,11.0050,6.6637,5.0275,11.7279,0.8011,-0.8011,27,11,3,10.6582,8.2952,4.8950,11.8240,2.8108,6.3946,9.4925,13.7796,6.3946,184.9017,20.5289,3.0099,FALSE,FALSE,FALSE,FALSE,FALSE,FALSE,FALSE,FALSE
845,10.9385,6.9767,4.9814,11.7279,0.8838,-0.8838,27,12,3,10.6582,8.2952,4.8950,11.8240,2.8108,6.3946,9.4925,13.7796,6.3946,184.9017,20.5289,3.0099,FALSE,FALSE,FALSE,FALSE,FALSE,FALSE,FALSE,FALSE
846,10.8720,7.2897,4.9454,11.7279,0.8722,-0.8722,27,13,0,10.6582,8.2952,4.8950,11.8240,2.8108,6.3946,9.4925,13.7796,6.3946,184.9017,20.5289,3.0099,FALSE,FALSE,FALSE,FALSE,FALSE,FALSE,FALSE,FALSE
847,10.8054,7.6027,4.9189,11.7279,0.7230,-0.7230,27,14,0,10.6582,8.2952,4.8950,11.8240,2.8108,6.3946,9.4925,13.7796,6.3946,184.9017,20.5289,3.0099,FALSE,FALSE,FALSE,FALSE,FALSE,FALSE,FALSE,FALSE
848,10.7389,7.9157,4.9022,11.7279,0.5113,-0.5113,27,15,0,10.6582,8.2952,4.8950,11.8240,2.8108,6.3946,9.4925,13.7796,6.3946,184.9017,20.5289,3.0099,FALSE,FALSE,FALSE,FALSE,FALSE,FALSE,FALSE,FALSE
849,10.6724,8.2287,4.8950,11.7279,0.3787,-0.3787,27,16,0,10.6582,8.2952,4.8950,11.8240,2.8108,6.3946,9.4925,13.7796,6.3946,184.9017,20.5289,3.0099,FALSE,FALSE,FALSE,FALSE,FALSE,FALSE,FALSE,FALSE
850,10.6058,8.5417,4.8978,11.7279,0.3268,-0.3268,27,17,0,10.6582,8.2952,4.8950,11.8240,2.8108,6.3946,9.4925,13.7796,6.3946,184.9017,20.5289,3.0099,FALSE,FALSE,FALSE,FALSE,FALSE,FALSE,FALSE,FALSE
851,10.5393,8.8547,4.9106,11.7279,0.4150,-0.4150,27,18,0,10.6582,8.2952,4.8950,11.8240,2.8108,6.3946,9.4925,13.7796,6.3946,184.9017,20.5289,3.0099,FALSE,FALSE,FALSE,FALSE,FALSE,FALSE,FALSE,FALSE
852,10.4728,9.1677,4.9330,11.7279,0.5793,-0.5793,27,19,0,10.6582,8.2952,4.8950,11.8240,2.8108,6.3946,9.4925,13.7796,6.3946,184.9017,20.5289,3.0099,FALSE,FALSE,FALSE,FALSE,FALSE,FALSE,FALSE,FALSE
853,10.4062,9.4808,4.9651,11.7279,0.9022,-0.9022,27,20,0,10.6582,8.2952,4.8950,11.8240,2.8108,6.3946,9.4925,13.7796,6.3946,184.9017,20.5289,3.0099,FALSE,FALSE,FALSE,FALSE,FALSE,FALSE,FALSE,FALSE
854,10.3397,9.7938,5.0068,11.7279,1.1823,-1.1823,27,21,0,10.6582,8.2952,4.8950,11.8240,2.8108,6.3946,9.4925,13.7796,6.3946,184.9017,20.5289,3.0099,FALSE,FALSE,FALSE,FALSE,FALSE,FALSE,FALSE,FALSE
855,10.2732,10.1068,5.0584,11.7279,1.3784,-1.3784,27,22,0,10.6582,8.2952,4.8950,11.8240,2.8108,6.3946,9.4925,13.7796,6.3946,184.9017,20.5289,3.0099,FALSE,FALSE,FALSE,FALSE,FALSE,FALSE,FALSE,FALSE
856,10.2066,10.4198,5.1201,11.7279,1.4410,-1.4410,27,23,0,10.6582,8.2952,4.8950,11.8240,2.8108,6.3946,9.4925,13.7796,6.3946,184.9017,20.5289,3.0099,FALSE,FALSE,FALSE,FALSE,FALSE,FALSE,FALSE,FALSE
857,10.1401,10.7328,5.1913,11.7279,1.3961,-1.3961,27,24,0,10.6582,8.2952,4.8950,11.8240,2.8108,6.3946,9.4925,13.7796,6.3946,184.9017,20.5289,3.0099,FALSE,FALSE,FALSE,FALSE,FALSE,FALSE,FALSE,FALSE
858,10.0736,11.0458,5.2723,11.7279,1.2755,-1.2755,27,25,0,10.6582,8.2952,4.8950,11.8240,2.8108,6.3946,9.4925,13.7796,6.3946,184.9017,20.5289,3.0099,FALSE,FALSE,FALSE,FALSE,FALSE,FALSE,FALSE,FALSE
859,10.0071,11.3588,5.3628,11.7279,1.2163,-1.2163,27,26,0,10.6582,8.2952,4.8950,11.8240,2.8108,6.3946,9.4925,13.7796,6.3946,184.9017,20.5289,3.0099,FALSE,FALSE,FALSE,FALSE,FALSE,FALSE,FALSE,FALSE
860,9.9405,11.6718,5.4634,11.7279,1.2732,-1.2732,27,27,0,10.6582,8.2952,4.8950,11.8240,2.8108,6.3946,9.4925,13.7796,6.3946,184.9017,20.5289,3.0099,FALSE,FALSE,FALSE,FALSE,FALSE,FALSE,FALSE,FALSE
861,9.8740,11.9848,5.5738,11.7279,1.4624,-1.4624,27,28,0,10.6582,8.2952,4.8950,11.8240,2.8108,6.3946,9.4925,13.7796,6.3946,184.9017,20.5289,3.0099,FALSE,FALSE,FALSE,FALSE,FALSE,FALSE,FALSE,FALSE
862,9.8075,12.2978,5.6940,11.7279,1.7512,-1.7512,27,29,0,10.6582,8.2952,4.8950,11.8240,2.8108,6.3946,9.4925,13.7796,6.3946,184.9017,20.5289,3.0099,FALSE,FALSE,FALSE,FALSE,FALSE,FALSE,FALSE,FALSE
863,9.7409,12.6108,5.8237,11.7279,2.0157,-2.0157,27,30,0,10.6582,8.2952,4.8950,11.8240,2.8108,6.3946,9.4925,13.7796,6.3946,184.9017,20.5289,3.0099,FALSE,FALSE,FALSE,FALSE,FALSE,FALSE,FALSE,FALSE
864,9.6744,12.9238,5.9632,11.7279,2.3202,-2.3202,27,31,0,10.6582,8.2952,4.8950,11.8240,2.8108,6.3946,9.4925,13.7796,6.3946,184.9017,20.5289,3.0099,FALSE,FALSE,FALSE,FALSE,FALSE,FALSE,FALSE,FALSE
865,9.6079,13.2368,6.1126,11.7279,2.8291,-2.8291,27,32,0,10.6582,8.2952,4.8950,11.8240,2.8108,6.3946,9.4925,13.7796,6.3946,184.9017,20.5289,3.0099,FALSE,FALSE,FALSE,FALSE,FALSE,FALSE,FALSE,FALSE
866,-184.9017,-20.5289,-3.0099,0.0000,0.0000,0.0000,0,0,0,0.0000,0.0000,0.0000,0.0000,0.0000,0.0000,0.0000,0.0000,0.0000,0.0000,0.0000,0.0000,TRUE,FALSE,FALSE,FALSE,FALSE,FALSE,FALSE,FALSE
867,-183.9017,-20.5289,-3.0099,0.0000,0.0000,0.0000,0,0,0,0.0000,0.0000,0.0000,0.0000,0.0000,0.0000,0.0000,0.0000,0.0000,0.0000,0.0000,0.0000,FALSE,FALSE,FALSE,TRUE,FALSE,FALSE,FALSE,FALSE
868,-184.9017,-20.5289,-2.0099,0.0000,0.0000,0.0000,0,0,0,0.0000,0.0000,0.0000,0.0000,0.0000,0.0000,0.0000,0.0000,0.0000,0.0000,0.0000,0.0000,FALSE,FALSE,TRUE,FALSE,FALSE,FALSE,FALSE,FALSE
869,-184.9017,-19.5289,-3.0099,0.0000,0.0000,0.0000,0,0,0,0.0000,0.0000,0.0000,0.0000,0.0000,0.0000,0.0000,0.0000,0.0000,0.0000,0.0000,0.0000,FALSE,TRUE,FALSE,FALSE,FALSE,FALSE,FALSE,FALSE
870,0.0000,0.0000,0.0000,0.0000,0.0000,0.0000,0,0,0,0.0000,0.0000,0.0000,0.0000,0.0000,0.0000,0.0000,0.0000,0.0000,0.0000,0.0000,0.0000,FALSE,FALSE,FALSE,FALSE,FALSE,FALSE,TRUE,FALSE
871,1.0000,0.0000,0.0000,0.0000,0.0000,0.0000,0,0,0,0.0000,0.0000,0.0000,0.0000,0.0000,0.0000,0.0000,0.0000,0.0000,0.0000,0.0000,0.0000,FALSE,FALSE,FALSE,FALSE,TRUE,FALSE,FALSE,FALSE
872,0.0000,0.0000,1.0000,0.0000,0.0000,0.0000,0,0,0,0.0000,0.0000,0.0000,0.0000,0.0000,0.0000,0.0000,0.0000,0.0000,0.0000,0.0000,0.0000,FALSE,FALSE,FALSE,FALSE,FALSE,TRUE,FALSE,FALSE
873,0.0000,1.0000,0.0000,0.0000,0.0000,0.0000,0,0,0,0.0000,0.0000,0.0000,0.0000,0.0000,0.0000,0.0000,0.0000,0.0000,0.0000,0.0000,0.0000,FALSE,FALSE,FALSE,FALSE,FALSE,FALSE,FALSE,TRUE