index,position_x,position_y,position_z,Caten-length_walltowall,Bulbcablelength(M),CatenToFloor,LineID,cat_sagcenter_pt_x,cat_sagcenter_pt_y,cat_sagcenter_pt_z,cat_endpoint1_x,cat_endpoint1_y,cat_endpoint1_z,cat_endpoint2_x,cat_endpoint2_y,cat_endpoint2_z,AmI_Zaxis_indicator,AmI_Xaxis_indicator,AmI_0axis_Indicator,AmI_Yaxis_indicator
0,-0.014,0.066,6.221,11.472,2.731,-6.221,0,-1.077,5.069,4.693,0.042,-0.197,6.395,-2.197,10.336,6.395,False,False,False,False
1,-0.070,0.329,6.047,11.472,2.196,-6.047,0,-1.077,5.069,4.693,0.042,-0.197,6.395,-2.197,10.336,6.395,False,False,False,False
2,-0.127,0.600,5.887,11.472,1.665,-5.887,0,-1.077,5.069,4.693,0.042,-0.197,6.395,-2.197,10.336,6.395,False,False,False,False
3,-0.186,0.875,5.736,11.472,1.177,-5.736,0,-1.077,5.069,4.693,0.042,-0.197,6.395,-2.197,10.336,6.395,False,False,False,False
4,-0.245,1.154,5.590,11.472,0.878,-5.590,0,-1.077,5.069,4.693,0.042,-0.197,6.395,-2.197,10.336,6.395,False,False,False,False
5,-0.306,1.441,5.463,11.472,0.758,-5.463,0,-1.077,5.069,4.693,0.042,-0.197,6.395,-2.197,10.336,6.395,False,False,False,False
6,-0.367,1.728,5.335,11.472,0.789,-5.335,0,-1.077,5.069,4.693,0.042,-0.197,6.395,-2.197,10.336,6.395,False,False,False,False
7,-0.430,2.023,5.228,11.472,0.940,-5.228,0,-1.077,5.069,4.693,0.042,-0.197,6.395,-2.197,10.336,6.395,False,False,False,False
8,-0.493,2.319,5.125,11.472,1.217,-5.125,0,-1.077,5.069,4.693,0.042,-0.197,6.395,-2.197,10.336,6.395,False,False,False,False
9,-0.557,2.619,5.033,11.472,1.611,-5.033,0,-1.077,5.069,4.693,0.042,-0.197,6.395,-2.197,10.336,6.395,False,False,False,False
10,-0.621,2.922,4.955,11.472,1.877,-4.955,0,-1.077,5.069,4.693,0.042,-0.197,6.395,-2.197,10.336,6.395,False,False,False,False
11,-0.686,3.226,4.878,11.472,1.841,-4.878,0,-1.077,5.069,4.693,0.042,-0.197,6.395,-2.197,10.336,6.395,False,False,False,False
12,-0.751,3.535,4.826,11.472,1.686,-4.826,0,-1.077,5.069,4.693,0.042,-0.197,6.395,-2.197,10.336,6.395,False,False,False,False
13,-0.817,3.844,4.774,11.472,1.428,-4.774,0,-1.077,5.069,4.693,0.042,-0.197,6.395,-2.197,10.336,6.395,False,False,False,False
14,-0.883,4.155,4.739,11.472,1.147,-4.739,0,-1.077,5.069,4.693,0.042,-0.197,6.395,-2.197,10.336,6.395,False,False,False,False
15,-0.949,4.467,4.713,11.472,0.989,-4.713,0,-1.077,5.069,4.693,0.042,-0.197,6.395,-2.197,10.336,6.395,False,False,False,False
16,-1.016,4.779,4.693,11.472,0.895,-4.693,0,-1.077,5.069,4.693,0.042,-0.197,6.395,-2.197,10.336,6.395,False,False,False,False
17,-1.082,5.093,4.693,11.472,0.733,-4.693,0,-1.077,5.069,4.693,0.042,-0.197,6.395,-2.197,10.336,6.395,False,False,False,False
18,-1.149,5.406,4.693,11.472,0.501,-4.693,0,-1.077,5.069,4.693,0.042,-0.197,6.395,-2.197,10.336,6.395,False,False,False,False
19,-1.215,5.718,4.717,11.472,0.303,-4.717,0,-1.077,5.069,4.693,0.042,-0.197,6.395,-2.197,10.336,6.395,False,False,False,False
20,-1.282,6.030,4.743,11.472,0.157,-4.743,0,-1.077,5.069,4.693,0.042,-0.197,6.395,-2.197,10.336,6.395,False,False,False,False
21,-1.348,6.341,4.782,11.472,0.103,-4.782,0,-1.077,5.069,4.693,0.042,-0.197,6.395,-2.197,10.336,6.395,False,False,False,False
22,-1.413,6.650,4.834,11.472,0.123,-4.834,0,-1.077,5.069,4.693,0.042,-0.197,6.395,-2.197,10.336,6.395,False,False,False,False
23,-1.479,6.958,4.889,11.472,0.194,-4.889,0,-1.077,5.069,4.693,0.042,-0.197,6.395,-2.197,10.336,6.395,False,False,False,False
24,-1.544,7.262,4.967,11.472,0.341,-4.967,0,-1.077,5.069,4.693,0.042,-0.197,6.395,-2.197,10.336,6.395,False,False,False,False
25,-1.608,7.566,5.045,11.472,0.528,-5.045,0,-1.077,5.069,4.693,0.042,-0.197,6.395,-2.197,10.336,6.395,False,False,False,False
26,-1.672,7.864,5.140,11.472,0.774,-5.140,0,-1.077,5.069,4.693,0.042,-0.197,6.395,-2.197,10.336,6.395,False,False,False,False
27,-1.735,8.160,5.243,11.472,1.063,-5.243,0,-1.077,5.069,4.693,0.042,-0.197,6.395,-2.197,10.336,6.395,False,False,False,False
28,-1.797,8.454,5.354,11.472,1.388,-5.354,0,-1.077,5.069,4.693,0.042,-0.197,6.395,-2.197,10.336,6.395,False,False,False,False
29,-1.858,8.741,5.482,11.472,1.745,-5.482,0,-1.077,5.069,4.693,0.042,-0.197,6.395,-2.197,10.336,6.395,False,False,False,False
30,-1.919,9.029,5.610,11.472,2.098,-5.610,0,-1.077,5.069,4.693,0.042,-0.197,6.395,-2.197,10.336,6.395,False,False,False,False
31,-1.978,9.305,5.759,11.472,2.451,-5.759,0,-1.077,5.069,4.693,0.042,-0.197,6.395,-2.197,10.336,6.395,False,False,False,False
32,-2.037,9.581,5.910,11.472,2.789,-5.910,0,-1.077,5.069,4.693,0.042,-0.197,6.395,-2.197,10.336,6.395,False,False,False,False
33,-2.094,9.850,6.073,11.472,3.115,-6.073,0,-1.077,5.069,4.693,0.042,-0.197,6.395,-2.197,10.336,6.395,False,False,False,False
34,0.412,0.224,6.135,11.512,2.520,-6.135,1,-0.627,5.117,4.693,0.496,-0.171,6.395,-1.751,10.404,6.395,False,False,False,False
35,0.356,0.489,5.964,11.512,2.054,-5.964,1,-0.627,5.117,4.693,0.496,-0.171,6.395,-1.751,10.404,6.395,False,False,False,False
36,0.297,0.765,5.814,11.512,1.633,-5.814,1,-0.627,5.117,4.693,0.496,-0.171,6.395,-1.751,10.404,6.395,False,False,False,False
37,0.239,1.041,5.663,11.512,1.230,-5.663,1,-0.627,5.117,4.693,0.496,-0.171,6.395,-1.751,10.404,6.395,False,False,False,False
38,0.178,1.325,5.529,11.512,1.089,-5.529,1,-0.627,5.117,4.693,0.496,-0.171,6.395,-1.751,10.404,6.395,False,False,False,False
39,0.117,1.612,5.402,11.512,1.118,-5.402,1,-0.627,5.117,4.693,0.496,-0.171,6.395,-1.751,10.404,6.395,False,False,False,False
40,0.056,1.903,5.282,11.512,1.242,-5.282,1,-0.627,5.117,4.693,0.496,-0.171,6.395,-1.751,10.404,6.395,False,False,False,False
41,-0.007,2.199,5.180,11.512,1.414,-5.180,1,-0.627,5.117,4.693,0.496,-0.171,6.395,-1.751,10.404,6.395,False,False,False,False
42,-0.070,2.495,5.077,11.512,1.735,-5.077,1,-0.627,5.117,4.693,0.496,-0.171,6.395,-1.751,10.404,6.395,False,False,False,False
43,-0.135,2.799,4.997,11.512,1.953,-4.997,1,-0.627,5.117,4.693,0.496,-0.171,6.395,-1.751,10.404,6.395,False,False,False,False
44,-0.199,3.102,4.919,11.512,2.035,-4.919,1,-0.627,5.117,4.693,0.496,-0.171,6.395,-1.751,10.404,6.395,False,False,False,False
45,-0.264,3.409,4.855,11.512,1.945,-4.855,1,-0.627,5.117,4.693,0.496,-0.171,6.395,-1.751,10.404,6.395,False,False,False,False
46,-0.330,3.717,4.803,11.512,1.735,-4.803,1,-0.627,5.117,4.693,0.496,-0.171,6.395,-1.751,10.404,6.395,False,False,False,False
47,-0.396,4.027,4.753,11.512,1.399,-4.753,1,-0.627,5.117,4.693,0.496,-0.171,6.395,-1.751,10.404,6.395,False,False,False,False
48,-0.462,4.339,4.727,11.512,1.151,-4.727,1,-0.627,5.117,4.693,0.496,-0.171,6.395,-1.751,10.404,6.395,False,False,False,False
49,-0.528,4.651,4.701,11.512,0.992,-4.701,1,-0.627,5.117,4.693,0.496,-0.171,6.395,-1.751,10.404,6.395,False,False,False,False
50,-0.595,4.964,4.693,11.512,0.902,-4.693,1,-0.627,5.117,4.693,0.496,-0.171,6.395,-1.751,10.404,6.395,False,False,False,False
51,-0.662,5.277,4.693,11.512,0.712,-4.693,1,-0.627,5.117,4.693,0.496,-0.171,6.395,-1.751,10.404,6.395,False,False,False,False
52,-0.728,5.590,4.702,11.512,0.452,-4.702,1,-0.627,5.117,4.693,0.496,-0.171,6.395,-1.751,10.404,6.395,False,False,False,False
53,-0.794,5.902,4.728,11.512,0.260,-4.728,1,-0.627,5.117,4.693,0.496,-0.171,6.395,-1.751,10.404,6.395,False,False,False,False
54,-0.861,6.214,4.754,11.512,0.122,-4.754,1,-0.627,5.117,4.693,0.496,-0.171,6.395,-1.751,10.404,6.395,False,False,False,False
55,-0.927,6.523,4.804,11.512,0.080,-4.804,1,-0.627,5.117,4.693,0.496,-0.171,6.395,-1.751,10.404,6.395,False,False,False,False
56,-0.992,6.832,4.856,11.512,0.111,-4.856,1,-0.627,5.117,4.693,0.496,-0.171,6.395,-1.751,10.404,6.395,False,False,False,False
57,-1.057,7.139,4.921,11.512,0.217,-4.921,1,-0.627,5.117,4.693,0.496,-0.171,6.395,-1.751,10.404,6.395,False,False,False,False
58,-1.122,7.443,4.999,11.512,0.355,-4.999,1,-0.627,5.117,4.693,0.496,-0.171,6.395,-1.751,10.404,6.395,False,False,False,False
59,-1.186,7.745,5.079,11.512,0.527,-5.079,1,-0.627,5.117,4.693,0.496,-0.171,6.395,-1.751,10.404,6.395,False,False,False,False
60,-1.249,8.042,5.182,11.512,0.780,-5.182,1,-0.627,5.117,4.693,0.496,-0.171,6.395,-1.751,10.404,6.395,False,False,False,False
61,-1.312,8.338,5.285,11.512,1.079,-5.285,1,-0.627,5.117,4.693,0.496,-0.171,6.395,-1.751,10.404,6.395,False,False,False,False
62,-1.374,8.628,5.405,11.512,1.416,-5.405,1,-0.627,5.117,4.693,0.496,-0.171,6.395,-1.751,10.404,6.395,False,False,False,False
63,-1.435,8.916,5.532,11.512,1.779,-5.532,1,-0.627,5.117,4.693,0.496,-0.171,6.395,-1.751,10.404,6.395,False,False,False,False
64,-1.496,9.200,5.667,11.512,2.158,-5.667,1,-0.627,5.117,4.693,0.496,-0.171,6.395,-1.751,10.404,6.395,False,False,False,False
65,-1.554,9.476,5.817,11.512,2.494,-5.817,1,-0.627,5.117,4.693,0.496,-0.171,6.395,-1.751,10.404,6.395,False,False,False,False
66,-1.613,9.752,5.968,11.512,2.850,-5.968,1,-0.627,5.117,4.693,0.496,-0.171,6.395,-1.751,10.404,6.395,False,False,False,False
67,-1.669,10.016,6.139,11.512,3.227,-6.139,1,-0.627,5.117,4.693,0.496,-0.171,6.395,-1.751,10.404,6.395,False,False,False,False
68,0.895,0.120,6.222,11.553,2.679,-6.222,2,-0.178,5.165,4.693,0.951,-0.144,6.395,-1.306,10.475,6.395,False,False,False,False
69,0.839,0.384,6.050,11.553,2.319,-6.050,2,-0.178,5.165,4.693,0.951,-0.144,6.395,-1.306,10.475,6.395,False,False,False,False
70,0.781,0.655,5.890,11.553,1.948,-5.890,2,-0.178,5.165,4.693,0.951,-0.144,6.395,-1.306,10.475,6.395,False,False,False,False
71,0.722,0.931,5.740,11.553,1.603,-5.740,2,-0.178,5.165,4.693,0.951,-0.144,6.395,-1.306,10.475,6.395,False,False,False,False
72,0.663,1.210,5.595,11.553,1.398,-5.595,2,-0.178,5.165,4.693,0.951,-0.144,6.395,-1.306,10.475,6.395,False,False,False,False
73,0.602,1.497,5.468,11.553,1.324,-5.468,2,-0.178,5.165,4.693,0.951,-0.144,6.395,-1.306,10.475,6.395,False,False,False,False
74,0.541,1.785,5.342,11.553,1.399,-5.342,2,-0.178,5.165,4.693,0.951,-0.144,6.395,-1.306,10.475,6.395,False,False,False,False
75,0.478,2.079,5.234,11.553,1.622,-5.234,2,-0.178,5.165,4.693,0.951,-0.144,6.395,-1.306,10.475,6.395,False,False,False,False
76,0.415,2.376,5.132,11.553,1.861,-5.132,2,-0.178,5.165,4.693,0.951,-0.144,6.395,-1.306,10.475,6.395,False,False,False,False
77,0.352,2.675,5.038,11.553,2.068,-5.038,2,-0.178,5.165,4.693,0.951,-0.144,6.395,-1.306,10.475,6.395,False,False,False,False
78,0.287,2.979,4.961,11.553,2.180,-4.961,2,-0.178,5.165,4.693,0.951,-0.144,6.395,-1.306,10.475,6.395,False,False,False,False
79,0.222,3.283,4.884,11.553,2.104,-4.884,2,-0.178,5.165,4.693,0.951,-0.144,6.395,-1.306,10.475,6.395,False,False,False,False
80,0.157,3.591,4.831,11.553,1.938,-4.831,2,-0.178,5.165,4.693,0.951,-0.144,6.395,-1.306,10.475,6.395,False,False,False,False
81,0.091,3.900,4.779,11.553,1.678,-4.779,2,-0.178,5.165,4.693,0.951,-0.144,6.395,-1.306,10.475,6.395,False,False,False,False
82,0.025,4.211,4.742,11.553,1.379,-4.742,2,-0.178,5.165,4.693,0.951,-0.144,6.395,-1.306,10.475,6.395,False,False,False,False
83,-0.041,4.523,4.716,11.553,1.153,-4.716,2,-0.178,5.165,4.693,0.951,-0.144,6.395,-1.306,10.475,6.395,False,False,False,False
84,-0.108,4.835,4.693,11.553,1.024,-4.693,2,-0.178,5.165,4.693,0.951,-0.144,6.395,-1.306,10.475,6.395,False,False,False,False
85,-0.174,5.149,4.693,11.553,0.921,-4.693,2,-0.178,5.165,4.693,0.951,-0.144,6.395,-1.306,10.475,6.395,False,False,False,False
86,-0.241,5.462,4.693,11.553,0.735,-4.693,2,-0.178,5.165,4.693,0.951,-0.144,6.395,-1.306,10.475,6.395,False,False,False,False
87,-0.307,5.774,4.713,11.553,0.487,-4.713,2,-0.178,5.165,4.693,0.951,-0.144,6.395,-1.306,10.475,6.395,False,False,False,False
88,-0.374,6.086,4.739,11.553,0.282,-4.739,2,-0.178,5.165,4.693,0.951,-0.144,6.395,-1.306,10.475,6.395,False,False,False,False
89,-0.440,6.397,4.773,11.553,0.122,-4.773,2,-0.178,5.165,4.693,0.951,-0.144,6.395,-1.306,10.475,6.395,False,False,False,False
90,-0.505,6.706,4.825,11.553,0.046,-4.825,2,-0.178,5.165,4.693,0.951,-0.144,6.395,-1.306,10.475,6.395,False,False,False,False
91,-0.571,7.015,4.877,11.553,0.064,-4.877,2,-0.178,5.165,4.693,0.951,-0.144,6.395,-1.306,10.475,6.395,False,False,False,False
92,-0.636,7.320,4.953,11.553,0.152,-4.953,2,-0.178,5.165,4.693,0.951,-0.144,6.395,-1.306,10.475,6.395,False,False,False,False
93,-0.700,7.624,5.030,11.553,0.234,-5.030,2,-0.178,5.165,4.693,0.951,-0.144,6.395,-1.306,10.475,6.395,False,False,False,False
94,-0.764,7.924,5.121,11.553,0.408,-5.121,2,-0.178,5.165,4.693,0.951,-0.144,6.395,-1.306,10.475,6.395,False,False,False,False
95,-0.827,8.220,5.223,11.553,0.663,-5.223,2,-0.178,5.165,4.693,0.951,-0.144,6.395,-1.306,10.475,6.395,False,False,False,False
96,-0.890,8.516,5.328,11.553,0.950,-5.328,2,-0.178,5.165,4.693,0.951,-0.144,6.395,-1.306,10.475,6.395,False,False,False,False
97,-0.951,8.804,5.455,11.553,1.275,-5.455,2,-0.178,5.165,4.693,0.951,-0.144,6.395,-1.306,10.475,6.395,False,False,False,False
98,-1.012,9.092,5.581,11.553,1.608,-5.581,2,-0.178,5.165,4.693,0.951,-0.144,6.395,-1.306,10.475,6.395,False,False,False,False
99,-1.072,9.372,5.725,11.553,1.969,-5.725,2,-0.178,5.165,4.693,0.951,-0.144,6.395,-1.306,10.475,6.395,False,False,False,False
100,-1.131,9.648,5.875,11.553,2.363,-5.875,2,-0.178,5.165,4.693,0.951,-0.144,6.395,-1.306,10.475,6.395,False,False,False,False
101,-1.189,9.920,6.032,11.553,2.772,-6.032,2,-0.178,5.165,4.693,0.951,-0.144,6.395,-1.306,10.475,6.395,False,False,False,False
102,-1.245,10.184,6.204,11.553,3.083,-6.204,2,-0.178,5.165,4.693,0.951,-0.144,6.395,-1.306,10.475,6.395,False,False,False,False
103,1.254,0.595,6.130,11.295,2.234,-6.130,3,0.237,5.376,4.693,1.337,0.203,6.395,-0.862,10.547,6.395,False,False,False,False
104,1.198,0.858,5.957,11.295,1.920,-5.957,3,0.237,5.376,4.693,1.337,0.203,6.395,-0.862,10.547,6.395,False,False,False,False
105,1.139,1.133,5.804,11.295,1.707,-5.804,3,0.237,5.376,4.693,1.337,0.203,6.395,-0.862,10.547,6.395,False,False,False,False
106,1.081,1.407,5.650,11.295,1.605,-5.650,3,0.237,5.376,4.693,1.337,0.203,6.395,-0.862,10.547,6.395,False,False,False,False
107,1.021,1.691,5.516,11.295,1.699,-5.516,3,0.237,5.376,4.693,1.337,0.203,6.395,-0.862,10.547,6.395,False,False,False,False
108,0.960,1.978,5.386,11.295,1.838,-5.386,3,0.237,5.376,4.693,1.337,0.203,6.395,-0.862,10.547,6.395,False,False,False,False
109,0.898,2.268,5.268,11.295,2.011,-5.268,3,0.237,5.376,4.693,1.337,0.203,6.395,-0.862,10.547,6.395,False,False,False,False
110,0.835,2.564,5.163,11.295,2.211,-5.163,3,0.237,5.376,4.693,1.337,0.203,6.395,-0.862,10.547,6.395,False,False,False,False
111,0.772,2.860,5.060,11.295,2.251,-5.060,3,0.237,5.376,4.693,1.337,0.203,6.395,-0.862,10.547,6.395,False,False,False,False
112,0.708,3.164,4.981,11.295,2.222,-4.981,3,0.237,5.376,4.693,1.337,0.203,6.395,-0.862,10.547,6.395,False,False,False,False
113,0.643,3.467,4.902,11.295,2.092,-4.902,3,0.237,5.376,4.693,1.337,0.203,6.395,-0.862,10.547,6.395,False,False,False,False
114,0.578,3.774,4.842,11.295,1.886,-4.842,3,0.237,5.376,4.693,1.337,0.203,6.395,-0.862,10.547,6.395,False,False,False,False
115,0.512,4.083,4.789,11.295,1.623,-4.789,3,0.237,5.376,4.693,1.337,0.203,6.395,-0.862,10.547,6.395,False,False,False,False
116,0.447,4.392,4.746,11.295,1.385,-4.746,3,0.237,5.376,4.693,1.337,0.203,6.395,-0.862,10.547,6.395,False,False,False,False
117,0.380,4.704,4.719,11.295,1.156,-4.719,3,0.237,5.376,4.693,1.337,0.203,6.395,-0.862,10.547,6.395,False,False,False,False
118,0.314,5.016,4.693,11.295,0.976,-4.693,3,0.237,5.376,4.693,1.337,0.203,6.395,-0.862,10.547,6.395,False,False,False,False
119,0.247,5.330,4.693,11.295,0.860,-4.693,3,0.237,5.376,4.693,1.337,0.203,6.395,-0.862,10.547,6.395,False,False,False,False
120,0.181,5.643,4.693,11.295,0.696,-4.693,3,0.237,5.376,4.693,1.337,0.203,6.395,-0.862,10.547,6.395,False,False,False,False
121,0.114,5.955,4.712,11.295,0.560,-4.712,3,0.237,5.376,4.693,1.337,0.203,6.395,-0.862,10.547,6.395,False,False,False,False
122,0.048,6.267,4.738,11.295,0.386,-4.738,3,0.237,5.376,4.693,1.337,0.203,6.395,-0.862,10.547,6.395,False,False,False,False
123,-0.018,6.578,4.773,11.295,0.207,-4.773,3,0.237,5.376,4.693,1.337,0.203,6.395,-0.862,10.547,6.395,False,False,False,False
124,-0.084,6.887,4.827,11.295,0.099,-4.827,3,0.237,5.376,4.693,1.337,0.203,6.395,-0.862,10.547,6.395,False,False,False,False
125,-0.149,7.196,4.880,11.295,0.115,-4.880,3,0.237,5.376,4.693,1.337,0.203,6.395,-0.862,10.547,6.395,False,False,False,False
126,-0.214,7.499,4.958,11.295,0.238,-4.958,3,0.237,5.376,4.693,1.337,0.203,6.395,-0.862,10.547,6.395,False,False,False,False
127,-0.278,7.803,5.038,11.295,0.319,-5.038,3,0.237,5.376,4.693,1.337,0.203,6.395,-0.862,10.547,6.395,False,False,False,False
128,-0.342,8.102,5.133,11.295,0.480,-5.133,3,0.237,5.376,4.693,1.337,0.203,6.395,-0.862,10.547,6.395,False,False,False,False
129,-0.405,8.397,5.237,11.295,0.701,-5.237,3,0.237,5.376,4.693,1.337,0.203,6.395,-0.862,10.547,6.395,False,False,False,False
130,-0.467,8.690,5.349,11.295,0.912,-5.349,3,0.237,5.376,4.693,1.337,0.203,6.395,-0.862,10.547,6.395,False,False,False,False
131,-0.528,8.976,5.478,11.295,1.172,-5.478,3,0.237,5.376,4.693,1.337,0.203,6.395,-0.862,10.547,6.395,False,False,False,False
132,-0.589,9.262,5.608,11.295,1.414,-5.608,3,0.237,5.376,4.693,1.337,0.203,6.395,-0.862,10.547,6.395,False,False,False,False
133,-0.647,9.538,5.759,11.295,1.709,-5.759,3,0.237,5.376,4.693,1.337,0.203,6.395,-0.862,10.547,6.395,False,False,False,False
134,-0.705,9.812,5.912,11.295,2.068,-5.912,3,0.237,5.376,4.693,1.337,0.203,6.395,-0.862,10.547,6.395,False,False,False,False
135,-0.762,10.079,6.078,11.295,2.450,-6.078,3,0.237,5.376,4.693,1.337,0.203,6.395,-0.862,10.547,6.395,False,False,False,False
136,1.528,1.468,6.204,10.402,2.193,-6.204,4,0.582,5.918,4.694,1.582,1.217,6.395,-0.417,10.621,6.395,False,False,False,False
137,1.475,1.720,6.014,10.402,2.266,-6.014,4,0.582,5.918,4.694,1.582,1.217,6.395,-0.417,10.621,6.395,False,False,False,False
138,1.418,1.984,5.843,10.402,2.406,-5.843,4,0.582,5.918,4.694,1.582,1.217,6.395,-0.417,10.621,6.395,False,False,False,False
139,1.362,2.252,5.677,10.402,2.536,-5.677,4,0.582,5.918,4.694,1.582,1.217,6.395,-0.417,10.621,6.395,False,False,False,False
140,1.303,2.528,5.528,10.402,2.641,-5.528,4,0.582,5.918,4.694,1.582,1.217,6.395,-0.417,10.621,6.395,False,False,False,False
141,1.243,2.809,5.387,10.402,2.623,-5.387,4,0.582,5.918,4.694,1.582,1.217,6.395,-0.417,10.621,6.395,False,False,False,False
142,1.182,3.096,5.260,10.402,2.536,-5.260,4,0.582,5.918,4.694,1.582,1.217,6.395,-0.417,10.621,6.395,False,False,False,False
143,1.120,3.389,5.146,10.402,2.388,-5.146,4,0.582,5.918,4.694,1.582,1.217,6.395,-0.417,10.621,6.395,False,False,False,False
144,1.057,3.684,5.041,10.402,2.157,-5.041,4,0.582,5.918,4.694,1.582,1.217,6.395,-0.417,10.621,6.395,False,False,False,False
145,0.993,3.985,4.954,10.402,1.835,-4.954,4,0.582,5.918,4.694,1.582,1.217,6.395,-0.417,10.621,6.395,False,False,False,False
146,0.929,4.288,4.873,10.402,1.488,-4.873,4,0.582,5.918,4.694,1.582,1.217,6.395,-0.417,10.621,6.395,False,False,False,False
147,0.863,4.596,4.815,10.402,1.172,-4.815,4,0.582,5.918,4.694,1.582,1.217,6.395,-0.417,10.621,6.395,False,False,False,False
148,0.798,4.904,4.757,10.402,0.917,-4.757,4,0.582,5.918,4.694,1.582,1.217,6.395,-0.417,10.621,6.395,False,False,False,False
149,0.732,5.215,4.728,10.402,0.771,-4.728,4,0.582,5.918,4.694,1.582,1.217,6.395,-0.417,10.621,6.395,False,False,False,False
150,0.666,5.526,4.699,10.402,0.685,-4.699,4,0.582,5.918,4.694,1.582,1.217,6.395,-0.417,10.621,6.395,False,False,False,False
151,0.599,5.839,4.694,10.402,0.609,-4.694,4,0.582,5.918,4.694,1.582,1.217,6.395,-0.417,10.621,6.395,False,False,False,False
152,0.533,6.152,4.694,10.402,0.513,-4.694,4,0.582,5.918,4.694,1.582,1.217,6.395,-0.417,10.621,6.395,False,False,False,False
153,0.466,6.463,4.713,10.402,0.376,-4.713,4,0.582,5.918,4.694,1.582,1.217,6.395,-0.417,10.621,6.395,False,False,False,False
154,0.400,6.774,4.742,10.402,0.190,-4.742,4,0.582,5.918,4.694,1.582,1.217,6.395,-0.417,10.621,6.395,False,False,False,False
155,0.334,7.084,4.785,10.402,0.258,-4.785,4,0.582,5.918,4.694,1.582,1.217,6.395,-0.417,10.621,6.395,False,False,False,False
156,0.269,7.392,4.843,10.402,0.400,-4.843,4,0.582,5.918,4.694,1.582,1.217,6.395,-0.417,10.621,6.395,False,False,False,False
157,0.204,7.698,4.910,10.402,0.580,-4.910,4,0.582,5.918,4.694,1.582,1.217,6.395,-0.417,10.621,6.395,False,False,False,False
158,0.140,8.000,4.997,10.402,0.704,-4.997,4,0.582,5.918,4.694,1.582,1.217,6.395,-0.417,10.621,6.395,False,False,False,False
159,0.076,8.299,5.087,10.402,0.790,-5.087,4,0.582,5.918,4.694,1.582,1.217,6.395,-0.417,10.621,6.395,False,False,False,False
160,0.014,8.592,5.201,10.402,0.897,-5.201,4,0.582,5.918,4.694,1.582,1.217,6.395,-0.417,10.621,6.395,False,False,False,False
161,-0.048,8.884,5.315,10.402,1.033,-5.315,4,0.582,5.918,4.694,1.582,1.217,6.395,-0.417,10.621,6.395,False,False,False,False
162,-0.108,9.166,5.456,10.402,1.215,-5.456,4,0.582,5.918,4.694,1.582,1.217,6.395,-0.417,10.621,6.395,False,False,False,False
163,-0.168,9.448,5.597,10.402,1.412,-5.597,4,0.582,5.918,4.694,1.582,1.217,6.395,-0.417,10.621,6.395,False,False,False,False
164,-0.225,9.718,5.759,10.402,1.703,-5.759,4,0.582,5.918,4.694,1.582,1.217,6.395,-0.417,10.621,6.395,False,False,False,False
165,-0.282,9.985,5.925,10.402,2.033,-5.925,4,0.582,5.918,4.694,1.582,1.217,6.395,-0.417,10.621,6.395,False,False,False,False
166,-0.337,10.242,6.107,10.402,2.330,-6.107,4,0.582,5.918,4.694,1.582,1.217,6.395,-0.417,10.621,6.395,False,False,False,False
167,1.859,2.078,6.099,10.013,2.686,-6.099,5,0.982,6.202,4.694,1.937,1.708,6.395,0.027,10.695,6.395,False,False,False,False
168,1.805,2.331,5.911,10.013,2.781,-5.911,5,0.982,6.202,4.694,1.937,1.708,6.395,0.027,10.695,6.395,False,False,False,False
169,1.749,2.595,5.739,10.013,2.846,-5.739,5,0.982,6.202,4.694,1.937,1.708,6.395,0.027,10.695,6.395,False,False,False,False
170,1.692,2.863,5.575,10.013,2.777,-5.575,5,0.982,6.202,4.694,1.937,1.708,6.395,0.027,10.695,6.395,False,False,False,False
171,1.632,3.142,5.428,10.013,2.672,-5.428,5,0.982,6.202,4.694,1.937,1.708,6.395,0.027,10.695,6.395,False,False,False,False
172,1.573,3.423,5.289,10.013,2.512,-5.289,5,0.982,6.202,4.694,1.937,1.708,6.395,0.027,10.695,6.395,False,False,False,False
173,1.511,3.714,5.170,10.013,2.301,-5.170,5,0.982,6.202,4.694,1.937,1.708,6.395,0.027,10.695,6.395,False,False,False,False
174,1.449,4.006,5.056,10.013,1.975,-5.056,5,0.982,6.202,4.694,1.937,1.708,6.395,0.027,10.695,6.395,False,False,False,False
175,1.385,4.306,4.966,10.013,1.595,-4.966,5,0.982,6.202,4.694,1.937,1.708,6.395,0.027,10.695,6.395,False,False,False,False
176,1.321,4.607,4.878,10.013,1.194,-4.878,5,0.982,6.202,4.694,1.937,1.708,6.395,0.027,10.695,6.395,False,False,False,False
177,1.256,4.914,4.818,10.013,0.838,-4.818,5,0.982,6.202,4.694,1.937,1.708,6.395,0.027,10.695,6.395,False,False,False,False
178,1.190,5.222,4.758,10.013,0.635,-4.758,5,0.982,6.202,4.694,1.937,1.708,6.395,0.027,10.695,6.395,False,False,False,False
179,1.124,5.533,4.727,10.013,0.553,-4.727,5,0.982,6.202,4.694,1.937,1.708,6.395,0.027,10.695,6.395,False,False,False,False
180,1.058,5.845,4.697,10.013,0.486,-4.697,5,0.982,6.202,4.694,1.937,1.708,6.395,0.027,10.695,6.395,False,False,False,False
181,0.992,6.157,4.694,10.013,0.434,-4.694,5,0.982,6.202,4.694,1.937,1.708,6.395,0.027,10.695,6.395,False,False,False,False
182,0.925,6.469,4.694,10.013,0.305,-4.694,5,0.982,6.202,4.694,1.937,1.708,6.395,0.027,10.695,6.395,False,False,False,False
183,0.859,6.781,4.718,10.013,0.157,-4.718,5,0.982,6.202,4.694,1.937,1.708,6.395,0.027,10.695,6.395,False,False,False,False
184,0.793,7.092,4.749,10.013,0.283,-4.749,5,0.982,6.202,4.694,1.937,1.708,6.395,0.027,10.695,6.395,False,False,False,False
185,0.727,7.401,4.801,10.013,0.504,-4.801,5,0.982,6.202,4.694,1.937,1.708,6.395,0.027,10.695,6.395,False,False,False,False
186,0.662,7.709,4.861,10.013,0.740,-4.861,5,0.982,6.202,4.694,1.937,1.708,6.395,0.027,10.695,6.395,False,False,False,False
187,0.597,8.012,4.941,10.013,0.873,-4.941,5,0.982,6.202,4.694,1.937,1.708,6.395,0.027,10.695,6.395,False,False,False,False
188,0.533,8.312,5.031,10.013,1.016,-5.031,5,0.982,6.202,4.694,1.937,1.708,6.395,0.027,10.695,6.395,False,False,False,False
189,0.471,8.607,5.136,10.013,1.113,-5.136,5,0.982,6.202,4.694,1.937,1.708,6.395,0.027,10.695,6.395,False,False,False,False
190,0.409,8.898,5.255,10.013,1.225,-5.255,5,0.982,6.202,4.694,1.937,1.708,6.395,0.027,10.695,6.395,False,False,False,False
191,0.348,9.183,5.387,10.013,1.373,-5.387,5,0.982,6.202,4.694,1.937,1.708,6.395,0.027,10.695,6.395,False,False,False,False
192,0.289,9.461,5.533,10.013,1.583,-5.533,5,0.982,6.202,4.694,1.937,1.708,6.395,0.027,10.695,6.395,False,False,False,False
193,0.231,9.734,5.689,10.013,1.877,-5.689,5,0.982,6.202,4.694,1.937,1.708,6.395,0.027,10.695,6.395,False,False,False,False
194,0.175,9.997,5.862,10.013,2.203,-5.862,5,0.982,6.202,4.694,1.937,1.708,6.395,0.027,10.695,6.395,False,False,False,False
195,0.120,10.255,6.042,10.013,2.477,-6.042,5,0.982,6.202,4.694,1.937,1.708,6.395,0.027,10.695,6.395,False,False,False,False
196,2.339,1.980,6.198,10.059,2.415,-6.198,6,1.432,6.251,4.694,2.392,1.733,6.395,0.471,10.771,6.395,False,False,False,False
197,2.285,2.236,5.995,10.059,2.570,-5.995,6,1.432,6.251,4.694,2.392,1.733,6.395,0.471,10.771,6.395,False,False,False,False
198,2.227,2.508,5.815,10.059,2.691,-5.815,6,1.432,6.251,4.694,2.392,1.733,6.395,0.471,10.771,6.395,False,False,False,False
199,2.169,2.781,5.638,10.059,2.693,-5.638,6,1.432,6.251,4.694,2.392,1.733,6.395,0.471,10.771,6.395,False,False,False,False
200,2.108,3.068,5.485,10.059,2.643,-5.485,6,1.432,6.251,4.694,2.392,1.733,6.395,0.471,10.771,6.395,False,False,False,False
201,2.047,3.356,5.334,10.059,2.515,-5.334,6,1.432,6.251,4.694,2.392,1.733,6.395,0.471,10.771,6.395,False,False,False,False
202,1.983,3.656,5.209,10.059,2.328,-5.209,6,1.432,6.251,4.694,2.392,1.733,6.395,0.471,10.771,6.395,False,False,False,False
203,1.919,3.957,5.087,10.059,2.038,-5.087,6,1.432,6.251,4.694,2.392,1.733,6.395,0.471,10.771,6.395,False,False,False,False
204,1.854,4.266,4.990,10.059,1.689,-4.990,6,1.432,6.251,4.694,2.392,1.733,6.395,0.471,10.771,6.395,False,False,False,False
205,1.787,4.577,4.898,10.059,1.281,-4.898,6,1.432,6.251,4.694,2.392,1.733,6.395,0.471,10.771,6.395,False,False,False,False
206,1.720,4.894,4.831,10.059,0.850,-4.831,6,1.432,6.251,4.694,2.392,1.733,6.395,0.471,10.771,6.395,False,False,False,False
207,1.653,5.212,4.768,10.059,0.563,-4.768,6,1.432,6.251,4.694,2.392,1.733,6.395,0.471,10.771,6.395,False,False,False,False
208,1.584,5.533,4.731,10.059,0.402,-4.731,6,1.432,6.251,4.694,2.392,1.733,6.395,0.471,10.771,6.395,False,False,False,False
209,1.516,5.855,4.700,10.059,0.327,-4.700,6,1.432,6.251,4.694,2.392,1.733,6.395,0.471,10.771,6.395,False,False,False,False
210,1.447,6.178,4.694,10.059,0.277,-4.694,6,1.432,6.251,4.694,2.392,1.733,6.395,0.471,10.771,6.395,False,False,False,False
211,1.378,6.502,4.694,10.059,0.182,-4.694,6,1.432,6.251,4.694,2.392,1.733,6.395,0.471,10.771,6.395,False,False,False,False
212,1.310,6.824,4.717,10.059,0.084,-4.717,6,1.432,6.251,4.694,2.392,1.733,6.395,0.471,10.771,6.395,False,False,False,False
213,1.241,7.146,4.748,10.059,0.224,-4.748,6,1.432,6.251,4.694,2.392,1.733,6.395,0.471,10.771,6.395,False,False,False,False
214,1.173,7.466,4.802,10.059,0.482,-4.802,6,1.432,6.251,4.694,2.392,1.733,6.395,0.471,10.771,6.395,False,False,False,False
215,1.106,7.784,4.865,10.059,0.762,-4.865,6,1.432,6.251,4.694,2.392,1.733,6.395,0.471,10.771,6.395,False,False,False,False
216,1.039,8.097,4.948,10.059,1.039,-4.948,6,1.432,6.251,4.694,2.392,1.733,6.395,0.471,10.771,6.395,False,False,False,False
217,0.973,8.408,5.041,10.059,1.350,-5.041,6,1.432,6.251,4.694,2.392,1.733,6.395,0.471,10.771,6.395,False,False,False,False
218,0.909,8.712,5.154,10.059,1.582,-5.154,6,1.432,6.251,4.694,2.392,1.733,6.395,0.471,10.771,6.395,False,False,False,False
219,0.845,9.013,5.276,10.059,1.694,-5.276,6,1.432,6.251,4.694,2.392,1.733,6.395,0.471,10.771,6.395,False,False,False,False
220,0.782,9.306,5.417,10.059,1.756,-5.417,6,1.432,6.251,4.694,2.392,1.733,6.395,0.471,10.771,6.395,False,False,False,False
221,0.721,9.594,5.567,10.059,1.867,-5.567,6,1.432,6.251,4.694,2.392,1.733,6.395,0.471,10.771,6.395,False,False,False,False
222,0.662,9.873,5.735,10.059,2.120,-5.735,6,1.432,6.251,4.694,2.392,1.733,6.395,0.471,10.771,6.395,False,False,False,False
223,0.604,10.146,5.913,10.059,2.463,-5.913,6,1.432,6.251,4.694,2.392,1.733,6.395,0.471,10.771,6.395,False,False,False,False
224,0.548,10.408,6.106,10.059,2.772,-6.106,6,1.432,6.251,4.694,2.392,1.733,6.395,0.471,10.771,6.395,False,False,False,False
225,2.766,2.138,6.101,10.098,2.100,-6.101,7,1.880,6.306,4.694,2.845,1.767,6.395,0.915,10.847,6.395,False,False,False,False
226,2.710,2.401,5.909,10.098,2.255,-5.909,7,1.880,6.306,4.694,2.845,1.767,6.395,0.915,10.847,6.395,False,False,False,False
227,2.652,2.675,5.732,10.098,2.372,-5.732,7,1.880,6.306,4.694,2.845,1.767,6.395,0.915,10.847,6.395,False,False,False,False
228,2.592,2.954,5.565,10.098,2.406,-5.565,7,1.880,6.306,4.694,2.845,1.767,6.395,0.915,10.847,6.395,False,False,False,False
229,2.531,3.243,5.415,10.098,2.371,-5.415,7,1.880,6.306,4.694,2.845,1.767,6.395,0.915,10.847,6.395,False,False,False,False
230,2.469,3.536,5.275,10.098,2.270,-5.275,7,1.880,6.306,4.694,2.845,1.767,6.395,0.915,10.847,6.395,False,False,False,False
231,2.405,3.837,5.153,10.098,2.088,-5.153,7,1.880,6.306,4.694,2.845,1.767,6.395,0.915,10.847,6.395,False,False,False,False
232,2.340,4.141,5.041,10.098,1.791,-5.041,7,1.880,6.306,4.694,2.845,1.767,6.395,0.915,10.847,6.395,False,False,False,False
233,2.274,4.452,4.949,10.098,1.414,-4.949,7,1.880,6.306,4.694,2.845,1.767,6.395,0.915,10.847,6.395,False,False,False,False
234,2.208,4.765,4.865,10.098,0.992,-4.865,7,1.880,6.306,4.694,2.845,1.767,6.395,0.915,10.847,6.395,False,False,False,False
235,2.140,5.083,4.803,10.098,0.609,-4.803,7,1.880,6.306,4.694,2.845,1.767,6.395,0.915,10.847,6.395,False,False,False,False
236,2.072,5.402,4.749,10.098,0.332,-4.749,7,1.880,6.306,4.694,2.845,1.767,6.395,0.915,10.847,6.395,False,False,False,False
237,2.004,5.725,4.718,10.098,0.205,-4.718,7,1.880,6.306,4.694,2.845,1.767,6.395,0.915,10.847,6.395,False,False,False,False
238,1.935,6.047,4.694,10.098,0.150,-4.694,7,1.880,6.306,4.694,2.845,1.767,6.395,0.915,10.847,6.395,False,False,False,False
239,1.866,6.370,4.694,10.098,0.089,-4.694,7,1.880,6.306,4.694,2.845,1.767,6.395,0.915,10.847,6.395,False,False,False,False
240,1.798,6.693,4.699,10.098,0.051,-4.699,7,1.880,6.306,4.694,2.845,1.767,6.395,0.915,10.847,6.395,False,False,False,False
241,1.729,7.015,4.730,10.098,0.094,-4.730,7,1.880,6.306,4.694,2.845,1.767,6.395,0.915,10.847,6.395,False,False,False,False
242,1.661,7.337,4.766,10.098,0.226,-4.766,7,1.880,6.306,4.694,2.845,1.767,6.395,0.915,10.847,6.395,False,False,False,False
243,1.593,7.655,4.828,10.098,0.486,-4.828,7,1.880,6.306,4.694,2.845,1.767,6.395,0.915,10.847,6.395,False,False,False,False
244,1.526,7.973,4.893,10.098,0.830,-4.893,7,1.880,6.306,4.694,2.845,1.767,6.395,0.915,10.847,6.395,False,False,False,False
245,1.460,8.284,4.985,10.098,1.311,-4.985,7,1.880,6.306,4.694,2.845,1.767,6.395,0.915,10.847,6.395,False,False,False,False
246,1.394,8.594,5.080,10.098,1.664,-5.080,7,1.880,6.306,4.694,2.845,1.767,6.395,0.915,10.847,6.395,False,False,False,False
247,1.330,8.895,5.201,10.098,1.910,-5.201,7,1.880,6.306,4.694,2.845,1.767,6.395,0.915,10.847,6.395,False,False,False,False
248,1.266,9.196,5.324,10.098,2.003,-5.324,7,1.880,6.306,4.694,2.845,1.767,6.395,0.915,10.847,6.395,False,False,False,False
249,1.204,9.484,5.474,10.098,1.969,-5.474,7,1.880,6.306,4.694,2.845,1.767,6.395,0.915,10.847,6.395,False,False,False,False
250,1.143,9.773,5.625,10.098,2.047,-5.625,7,1.880,6.306,4.694,2.845,1.767,6.395,0.915,10.847,6.395,False,False,False,False
251,1.085,10.047,5.802,10.098,2.249,-5.802,7,1.880,6.306,4.694,2.845,1.767,6.395,0.915,10.847,6.395,False,False,False,False
252,1.027,10.321,5.979,10.098,2.598,-5.979,7,1.880,6.306,4.694,2.845,1.767,6.395,0.915,10.847,6.395,False,False,False,False
253,0.972,10.577,6.181,10.098,2.898,-6.181,7,1.880,6.306,4.694,2.845,1.767,6.395,0.915,10.847,6.395,False,False,False,False
254,3.576,0.493,6.197,9.997,0.525,-6.197,8,2.674,4.733,4.694,3.628,0.247,6.395,1.721,9.219,6.395,False,False,False,False
255,3.523,0.740,5.999,9.997,0.510,-5.999,8,2.674,4.733,4.694,3.628,0.247,6.395,1.721,9.219,6.395,False,False,False,False
256,3.468,1.002,5.824,9.997,0.496,-5.824,8,2.674,4.733,4.694,3.628,0.247,6.395,1.721,9.219,6.395,False,False,False,False
257,3.412,1.265,5.651,9.997,0.463,-5.651,8,2.674,4.733,4.694,3.628,0.247,6.395,1.721,9.219,6.395,False,False,False,False
258,3.353,1.541,5.501,9.997,0.472,-5.501,8,2.674,4.733,4.694,3.628,0.247,6.395,1.721,9.219,6.395,False,False,False,False
259,3.294,1.819,5.354,9.997,0.525,-5.354,8,2.674,4.733,4.694,3.628,0.247,6.395,1.721,9.219,6.395,False,False,False,False
260,3.233,2.107,5.228,9.997,0.672,-5.228,8,2.674,4.733,4.694,3.628,0.247,6.395,1.721,9.219,6.395,False,False,False,False
261,3.171,2.397,5.110,9.997,0.877,-5.110,8,2.674,4.733,4.694,3.628,0.247,6.395,1.721,9.219,6.395,False,False,False,False
262,3.108,2.694,5.010,9.997,1.099,-5.010,8,2.674,4.733,4.694,3.628,0.247,6.395,1.721,9.219,6.395,False,False,False,False
263,3.044,2.995,4.920,9.997,1.262,-4.920,8,2.674,4.733,4.694,3.628,0.247,6.395,1.721,9.219,6.395,False,False,False,False
264,2.979,3.299,4.847,9.997,1.366,-4.847,8,2.674,4.733,4.694,3.628,0.247,6.395,1.721,9.219,6.395,False,False,False,False
265,2.914,3.606,4.787,9.997,1.398,-4.787,8,2.674,4.733,4.694,3.628,0.247,6.395,1.721,9.219,6.395,False,False,False,False
266,2.848,3.916,4.742,9.997,1.327,-4.742,8,2.674,4.733,4.694,3.628,0.247,6.395,1.721,9.219,6.395,False,False,False,False
267,2.782,4.227,4.711,9.997,1.148,-4.711,8,2.674,4.733,4.694,3.628,0.247,6.395,1.721,9.219,6.395,False,False,False,False
268,2.716,4.539,4.694,9.997,0.883,-4.694,8,2.674,4.733,4.694,3.628,0.247,6.395,1.721,9.219,6.395,False,False,False,False
269,2.649,4.852,4.694,9.997,0.593,-4.694,8,2.674,4.733,4.694,3.628,0.247,6.395,1.721,9.219,6.395,False,False,False,False
270,2.583,5.164,4.704,9.997,0.399,-4.704,8,2.674,4.733,4.694,3.628,0.247,6.395,1.721,9.219,6.395,False,False,False,False
271,2.517,5.475,4.734,9.997,0.263,-4.734,8,2.674,4.733,4.694,3.628,0.247,6.395,1.721,9.219,6.395,False,False,False,False
272,2.451,5.786,4.772,9.997,0.210,-4.772,8,2.674,4.733,4.694,3.628,0.247,6.395,1.721,9.219,6.395,False,False,False,False
273,2.385,6.094,4.833,9.997,0.214,-4.833,8,2.674,4.733,4.694,3.628,0.247,6.395,1.721,9.219,6.395,False,False,False,False
274,2.320,6.400,4.898,9.997,0.210,-4.898,8,2.674,4.733,4.694,3.628,0.247,6.395,1.721,9.219,6.395,False,False,False,False
275,2.256,6.700,4.988,9.997,0.238,-4.988,8,2.674,4.733,4.694,3.628,0.247,6.395,1.721,9.219,6.395,False,False,False,False
276,2.193,7.000,5.081,9.997,0.312,-5.081,8,2.674,4.733,4.694,3.628,0.247,6.395,1.721,9.219,6.395,False,False,False,False
277,2.131,7.290,5.200,9.997,0.479,-5.200,8,2.674,4.733,4.694,3.628,0.247,6.395,1.721,9.219,6.395,False,False,False,False
278,2.069,7.581,5.319,9.997,0.737,-5.319,8,2.674,4.733,4.694,3.628,0.247,6.395,1.721,9.219,6.395,False,False,False,False
279,2.010,7.859,5.466,9.997,1.103,-5.466,8,2.674,4.733,4.694,3.628,0.247,6.395,1.721,9.219,6.395,False,False,False,False
280,1.951,8.137,5.612,9.997,1.554,-5.612,8,2.674,4.733,4.694,3.628,0.247,6.395,1.721,9.219,6.395,False,False,False,False
281,1.895,8.402,5.783,9.997,2.097,-5.783,8,2.674,4.733,4.694,3.628,0.247,6.395,1.721,9.219,6.395,False,False,False,False
282,1.839,8.665,5.955,9.997,2.466,-5.955,8,2.674,4.733,4.694,3.628,0.247,6.395,1.721,9.219,6.395,False,False,False,False
283,1.786,8.914,6.149,9.997,2.758,-6.149,8,2.674,4.733,4.694,3.628,0.247,6.395,1.721,9.219,6.395,False,False,False,False
284,3.987,0.721,6.096,9.935,0.304,-6.096,9,3.119,4.806,4.694,4.065,0.353,6.395,2.172,9.261,6.395,False,False,False,False
285,3.933,0.974,5.908,9.935,0.273,-5.908,9,3.119,4.806,4.694,4.065,0.353,6.395,2.172,9.261,6.395,False,False,False,False
286,3.878,1.237,5.734,9.935,0.248,-5.734,9,3.119,4.806,4.694,4.065,0.353,6.395,2.172,9.261,6.395,False,False,False,False
287,3.821,1.505,5.570,9.935,0.225,-5.570,9,3.119,4.806,4.694,4.065,0.353,6.395,2.172,9.261,6.395,False,False,False,False
288,3.762,1.783,5.423,9.935,0.234,-5.423,9,3.119,4.806,4.694,4.065,0.353,6.395,2.172,9.261,6.395,False,False,False,False
289,3.702,2.064,5.283,9.935,0.281,-5.283,9,3.119,4.806,4.694,4.065,0.353,6.395,2.172,9.261,6.395,False,False,False,False
290,3.640,2.355,5.164,9.935,0.383,-5.164,9,3.119,4.806,4.694,4.065,0.353,6.395,2.172,9.261,6.395,False,False,False,False
291,3.578,2.647,5.051,9.935,0.521,-5.051,9,3.119,4.806,4.694,4.065,0.353,6.395,2.172,9.261,6.395,False,False,False,False
292,3.514,2.947,4.960,9.935,0.693,-4.960,9,3.119,4.806,4.694,4.065,0.353,6.395,2.172,9.261,6.395,False,False,False,False
293,3.450,3.248,4.874,9.935,0.817,-4.874,9,3.119,4.806,4.694,4.065,0.353,6.395,2.172,9.261,6.395,False,False,False,False
294,3.385,3.556,4.813,9.935,0.904,-4.813,9,3.119,4.806,4.694,4.065,0.353,6.395,2.172,9.261,6.395,False,False,False,False
295,3.319,3.863,4.754,9.935,0.883,-4.754,9,3.119,4.806,4.694,4.065,0.353,6.395,2.172,9.261,6.395,False,False,False,False
296,3.253,4.175,4.724,9.935,0.818,-4.724,9,3.119,4.806,4.694,4.065,0.353,6.395,2.172,9.261,6.395,False,False,False,False
297,3.187,4.486,4.694,9.935,0.598,-4.694,9,3.119,4.806,4.694,4.065,0.353,6.395,2.172,9.261,6.395,False,False,False,False
298,3.120,4.799,4.694,9.935,0.467,-4.694,9,3.119,4.806,4.694,4.065,0.353,6.395,2.172,9.261,6.395,False,False,False,False
299,3.054,5.112,4.694,9.935,0.376,-4.694,9,3.119,4.806,4.694,4.065,0.353,6.395,2.172,9.261,6.395,False,False,False,False
300,2.988,5.424,4.722,9.935,0.329,-4.722,9,3.119,4.806,4.694,4.065,0.353,6.395,2.172,9.261,6.395,False,False,False,False
301,2.921,5.736,4.753,9.935,0.299,-4.753,9,3.119,4.806,4.694,4.065,0.353,6.395,2.172,9.261,6.395,False,False,False,False
302,2.856,6.044,4.810,9.935,0.287,-4.810,9,3.119,4.806,4.694,4.065,0.353,6.395,2.172,9.261,6.395,False,False,False,False
303,2.790,6.351,4.871,9.935,0.231,-4.871,9,3.119,4.806,4.694,4.065,0.353,6.395,2.172,9.261,6.395,False,False,False,False
304,2.726,6.653,4.956,9.935,0.211,-4.956,9,3.119,4.806,4.694,4.065,0.353,6.395,2.172,9.261,6.395,False,False,False,False
305,2.663,6.953,5.046,9.935,0.222,-5.046,9,3.119,4.806,4.694,4.065,0.353,6.395,2.172,9.261,6.395,False,False,False,False
306,2.600,7.246,5.158,9.935,0.311,-5.158,9,3.119,4.806,4.694,4.065,0.353,6.395,2.172,9.261,6.395,False,False,False,False
307,2.539,7.537,5.278,9.935,0.487,-5.278,9,3.119,4.806,4.694,4.065,0.353,6.395,2.172,9.261,6.395,False,False,False,False
308,2.479,7.819,5.416,9.935,0.735,-5.416,9,3.119,4.806,4.694,4.065,0.353,6.395,2.172,9.261,6.395,False,False,False,False
309,2.420,8.097,5.564,9.935,1.042,-5.564,9,3.119,4.806,4.694,4.065,0.353,6.395,2.172,9.261,6.395,False,False,False,False
310,2.362,8.365,5.727,9.935,1.413,-5.727,9,3.119,4.806,4.694,4.065,0.353,6.395,2.172,9.261,6.395,False,False,False,False
311,2.307,8.628,5.900,9.935,1.812,-5.900,9,3.119,4.806,4.694,4.065,0.353,6.395,2.172,9.261,6.395,False,False,False,False
312,2.253,8.881,6.087,9.935,2.186,-6.087,9,3.119,4.806,4.694,4.065,0.353,6.395,2.172,9.261,6.395,False,False,False,False
313,4.451,0.705,6.195,9.891,0.193,-6.195,10,3.561,4.891,4.694,4.503,0.461,6.395,2.619,9.321,6.395,False,False,False,False
314,4.399,0.950,5.995,9.891,0.138,-5.995,10,3.561,4.891,4.694,4.503,0.461,6.395,2.619,9.321,6.395,False,False,False,False
315,4.343,1.211,5.819,9.891,0.097,-5.819,10,3.561,4.891,4.694,4.503,0.461,6.395,2.619,9.321,6.395,False,False,False,False
316,4.287,1.473,5.645,9.891,0.060,-5.645,10,3.561,4.891,4.694,4.503,0.461,6.395,2.619,9.321,6.395,False,False,False,False
317,4.229,1.749,5.493,9.891,0.044,-5.493,10,3.561,4.891,4.694,4.503,0.461,6.395,2.619,9.321,6.395,False,False,False,False
318,4.170,2.027,5.345,9.891,0.037,-5.345,10,3.561,4.891,4.694,4.503,0.461,6.395,2.619,9.321,6.395,False,False,False,False
319,4.109,2.314,5.220,9.891,0.075,-5.220,10,3.561,4.891,4.694,4.503,0.461,6.395,2.619,9.321,6.395,False,False,False,False
320,4.047,2.604,5.100,9.891,0.136,-5.100,10,3.561,4.891,4.694,4.503,0.461,6.395,2.619,9.321,6.395,False,False,False,False
321,3.984,2.902,5.002,9.891,0.222,-5.002,10,3.561,4.891,4.694,4.503,0.461,6.395,2.619,9.321,6.395,False,False,False,False
322,3.920,3.202,4.911,9.891,0.325,-4.911,10,3.561,4.891,4.694,4.503,0.461,6.395,2.619,9.321,6.395,False,False,False,False
323,3.855,3.507,4.840,9.891,0.418,-4.840,10,3.561,4.891,4.694,4.503,0.461,6.395,2.619,9.321,6.395,False,False,False,False
324,3.790,3.814,4.779,9.891,0.455,-4.779,10,3.561,4.891,4.694,4.503,0.461,6.395,2.619,9.321,6.395,False,False,False,False
325,3.724,4.124,4.737,9.891,0.437,-4.737,10,3.561,4.891,4.694,4.503,0.461,6.395,2.619,9.321,6.395,False,False,False,False
326,3.658,4.436,4.707,9.891,0.376,-4.707,10,3.561,4.891,4.694,4.503,0.461,6.395,2.619,9.321,6.395,False,False,False,False
327,3.591,4.748,4.694,9.891,0.335,-4.694,10,3.561,4.891,4.694,4.503,0.461,6.395,2.619,9.321,6.395,False,False,False,False
328,3.525,5.061,4.694,9.891,0.346,-4.694,10,3.561,4.891,4.694,4.503,0.461,6.395,2.619,9.321,6.395,False,False,False,False
329,3.458,5.373,4.709,9.891,0.390,-4.709,10,3.561,4.891,4.694,4.503,0.461,6.395,2.619,9.321,6.395,False,False,False,False
330,3.392,5.685,4.740,9.891,0.445,-4.740,10,3.561,4.891,4.694,4.503,0.461,6.395,2.619,9.321,6.395,False,False,False,False
331,3.326,5.995,4.785,9.891,0.457,-4.785,10,3.561,4.891,4.694,4.503,0.461,6.395,2.619,9.321,6.395,False,False,False,False
332,3.261,6.302,4.846,9.891,0.406,-4.846,10,3.561,4.891,4.694,4.503,0.461,6.395,2.619,9.321,6.395,False,False,False,False
333,3.196,6.607,4.919,9.891,0.332,-4.919,10,3.561,4.891,4.694,4.503,0.461,6.395,2.619,9.321,6.395,False,False,False,False
334,3.132,6.907,5.010,9.891,0.280,-5.010,10,3.561,4.891,4.694,4.503,0.461,6.395,2.619,9.321,6.395,False,False,False,False
335,3.069,7.204,5.111,9.891,0.280,-5.111,10,3.561,4.891,4.694,4.503,0.461,6.395,2.619,9.321,6.395,False,False,False,False
336,3.008,7.494,5.231,9.891,0.350,-5.231,10,3.561,4.891,4.694,4.503,0.461,6.395,2.619,9.321,6.395,False,False,False,False
337,2.947,7.781,5.359,9.891,0.485,-5.359,10,3.561,4.891,4.694,4.503,0.461,6.395,2.619,9.321,6.395,False,False,False,False
338,2.888,8.058,5.507,9.891,0.703,-5.507,10,3.561,4.891,4.694,4.503,0.461,6.395,2.619,9.321,6.395,False,False,False,False
339,2.830,8.332,5.660,9.891,0.931,-5.660,10,3.561,4.891,4.694,4.503,0.461,6.395,2.619,9.321,6.395,False,False,False,False
340,2.774,8.594,5.835,9.891,1.204,-5.835,10,3.561,4.891,4.694,4.503,0.461,6.395,2.619,9.321,6.395,False,False,False,False
341,2.719,8.853,6.013,9.891,1.525,-6.013,10,3.561,4.891,4.694,4.503,0.461,6.395,2.619,9.321,6.395,False,False,False,False
342,4.858,0.951,6.116,10.694,0.182,-6.116,11,3.907,5.425,4.694,4.940,0.569,6.395,2.875,10.282,6.395,False,False,False,False
343,4.803,1.210,5.937,10.694,0.113,-5.937,11,3.907,5.425,4.694,4.940,0.569,6.395,2.875,10.282,6.395,False,False,False,False
344,4.746,1.480,5.775,10.694,0.067,-5.775,11,3.907,5.425,4.694,4.940,0.569,6.395,2.875,10.282,6.395,False,False,False,False
345,4.688,1.751,5.614,10.694,0.021,-5.614,11,3.907,5.425,4.694,4.940,0.569,6.395,2.875,10.282,6.395,False,False,False,False
346,4.628,2.034,5.478,10.694,0.005,-5.478,11,3.907,5.425,4.694,4.940,0.569,6.395,2.875,10.282,6.395,False,False,False,False
347,4.568,2.317,5.341,10.694,0.002,-5.341,11,3.907,5.425,4.694,4.940,0.569,6.395,2.875,10.282,6.395,False,False,False,False
348,4.506,2.608,5.225,10.694,0.028,-5.225,11,3.907,5.425,4.694,4.940,0.569,6.395,2.875,10.282,6.395,False,False,False,False
349,4.444,2.902,5.114,10.694,0.046,-5.114,11,3.907,5.425,4.694,4.940,0.569,6.395,2.875,10.282,6.395,False,False,False,False
350,4.380,3.201,5.019,10.694,0.092,-5.019,11,3.907,5.425,4.694,4.940,0.569,6.395,2.875,10.282,6.395,False,False,False,False
351,4.316,3.503,4.935,10.694,0.144,-4.935,11,3.907,5.425,4.694,4.940,0.569,6.395,2.875,10.282,6.395,False,False,False,False
352,4.251,3.807,4.861,10.694,0.184,-4.861,11,3.907,5.425,4.694,4.940,0.569,6.395,2.875,10.282,6.395,False,False,False,False
353,4.186,4.115,4.805,10.694,0.216,-4.805,11,3.907,5.425,4.694,4.940,0.569,6.395,2.875,10.282,6.395,False,False,False,False
354,4.120,4.424,4.753,10.694,0.235,-4.753,11,3.907,5.425,4.694,4.940,0.569,6.395,2.875,10.282,6.395,False,False,False,False
355,4.054,4.735,4.724,10.694,0.260,-4.724,11,3.907,5.425,4.694,4.940,0.569,6.395,2.875,10.282,6.395,False,False,False,False
356,3.988,5.047,4.696,10.694,0.325,-4.696,11,3.907,5.425,4.694,4.940,0.569,6.395,2.875,10.282,6.395,False,False,False,False
357,3.921,5.360,4.694,10.694,0.416,-4.694,11,3.907,5.425,4.694,4.940,0.569,6.395,2.875,10.282,6.395,False,False,False,False
358,3.855,5.672,4.694,10.694,0.488,-4.694,11,3.907,5.425,4.694,4.940,0.569,6.395,2.875,10.282,6.395,False,False,False,False
359,3.789,5.984,4.713,10.694,0.506,-4.713,11,3.907,5.425,4.694,4.940,0.569,6.395,2.875,10.282,6.395,False,False,False,False
360,3.722,6.296,4.741,10.694,0.456,-4.741,11,3.907,5.425,4.694,4.940,0.569,6.395,2.875,10.282,6.395,False,False,False,False
361,3.656,6.606,4.782,10.694,0.381,-4.782,11,3.907,5.425,4.694,4.940,0.569,6.395,2.875,10.282,6.395,False,False,False,False
362,3.591,6.914,4.838,10.694,0.305,-4.838,11,3.907,5.425,4.694,4.940,0.569,6.395,2.875,10.282,6.395,False,False,False,False
363,3.526,7.221,4.900,10.694,0.251,-4.900,11,3.907,5.425,4.694,4.940,0.569,6.395,2.875,10.282,6.395,False,False,False,False
364,3.461,7.523,4.984,10.694,0.209,-4.984,11,3.907,5.425,4.694,4.940,0.569,6.395,2.875,10.282,6.395,False,False,False,False
365,3.397,7.825,5.068,10.694,0.170,-5.068,11,3.907,5.425,4.694,4.940,0.569,6.395,2.875,10.282,6.395,False,False,False,False
366,3.335,8.119,5.178,10.694,0.233,-5.178,11,3.907,5.425,4.694,4.940,0.569,6.395,2.875,10.282,6.395,False,False,False,False
367,3.272,8.412,5.289,10.694,0.346,-5.289,11,3.907,5.425,4.694,4.940,0.569,6.395,2.875,10.282,6.395,False,False,False,False
368,3.212,8.698,5.420,10.694,0.534,-5.420,11,3.907,5.425,4.694,4.940,0.569,6.395,2.875,10.282,6.395,False,False,False,False
369,3.152,8.981,5.557,10.694,0.787,-5.557,11,3.907,5.425,4.694,4.940,0.569,6.395,2.875,10.282,6.395,False,False,False,False
370,3.093,9.257,5.707,10.694,1.103,-5.707,11,3.907,5.425,4.694,4.940,0.569,6.395,2.875,10.282,6.395,False,False,False,False
371,3.036,9.527,5.869,10.694,1.470,-5.869,11,3.907,5.425,4.694,4.940,0.569,6.395,2.875,10.282,6.395,False,False,False,False
372,2.979,9.792,6.038,10.694,1.838,-6.038,11,3.907,5.425,4.694,4.940,0.569,6.395,2.875,10.282,6.395,False,False,False,False
373,5.321,0.941,6.221,11.467,0.389,-6.221,12,4.258,5.941,4.693,5.376,0.678,6.395,3.139,11.205,6.395,False,False,False,False
374,5.265,1.204,6.047,11.467,0.265,-6.047,12,4.258,5.941,4.693,5.376,0.678,6.395,3.139,11.205,6.395,False,False,False,False
375,5.207,1.475,5.887,11.467,0.186,-5.887,12,4.258,5.941,4.693,5.376,0.678,6.395,3.139,11.205,6.395,False,False,False,False
376,5.149,1.750,5.736,11.467,0.116,-5.736,12,4.258,5.941,4.693,5.376,0.678,6.395,3.139,11.205,6.395,False,False,False,False
377,5.089,2.029,5.590,11.467,0.050,-5.590,12,4.258,5.941,4.693,5.376,0.678,6.395,3.139,11.205,6.395,False,False,False,False
378,5.028,2.316,5.462,11.467,0.019,-5.462,12,4.258,5.941,4.693,5.376,0.678,6.395,3.139,11.205,6.395,False,False,False,False
379,4.967,2.603,5.335,11.467,0.005,-5.335,12,4.258,5.941,4.693,5.376,0.678,6.395,3.139,11.205,6.395,False,False,False,False
380,4.905,2.898,5.228,11.467,0.005,-5.228,12,4.258,5.941,4.693,5.376,0.678,6.395,3.139,11.205,6.395,False,False,False,False
381,4.842,3.194,5.125,11.467,0.028,-5.125,12,4.258,5.941,4.693,5.376,0.678,6.395,3.139,11.205,6.395,False,False,False,False
382,4.778,3.494,5.033,11.467,0.066,-5.033,12,4.258,5.941,4.693,5.376,0.678,6.395,3.139,11.205,6.395,False,False,False,False
383,4.714,3.797,4.955,11.467,0.103,-4.955,12,4.258,5.941,4.693,5.376,0.678,6.395,3.139,11.205,6.395,False,False,False,False
384,4.649,4.101,4.878,11.467,0.123,-4.878,12,4.258,5.941,4.693,5.376,0.678,6.395,3.139,11.205,6.395,False,False,False,False
385,4.583,4.410,4.826,11.467,0.158,-4.826,12,4.258,5.941,4.693,5.376,0.678,6.395,3.139,11.205,6.395,False,False,False,False
386,4.518,4.719,4.774,11.467,0.202,-4.774,12,4.258,5.941,4.693,5.376,0.678,6.395,3.139,11.205,6.395,False,False,False,False
387,4.452,5.030,4.739,11.467,0.277,-4.739,12,4.258,5.941,4.693,5.376,0.678,6.395,3.139,11.205,6.395,False,False,False,False
388,4.385,5.342,4.712,11.467,0.373,-4.712,12,4.258,5.941,4.693,5.376,0.678,6.395,3.139,11.205,6.395,False,False,False,False
389,4.319,5.654,4.693,11.467,0.450,-4.693,12,4.258,5.941,4.693,5.376,0.678,6.395,3.139,11.205,6.395,False,False,False,False
390,4.252,5.967,4.693,11.467,0.478,-4.693,12,4.258,5.941,4.693,5.376,0.678,6.395,3.139,11.205,6.395,False,False,False,False
391,4.186,6.281,4.693,11.467,0.450,-4.693,12,4.258,5.941,4.693,5.376,0.678,6.395,3.139,11.205,6.395,False,False,False,False
392,4.119,6.593,4.717,11.467,0.423,-4.717,12,4.258,5.941,4.693,5.376,0.678,6.395,3.139,11.205,6.395,False,False,False,False
393,4.053,6.905,4.743,11.467,0.367,-4.743,12,4.258,5.941,4.693,5.376,0.678,6.395,3.139,11.205,6.395,False,False,False,False
394,3.987,7.215,4.782,11.467,0.346,-4.782,12,4.258,5.941,4.693,5.376,0.678,6.395,3.139,11.205,6.395,False,False,False,False
395,3.921,7.524,4.834,11.467,0.270,-4.834,12,4.258,5.941,4.693,5.376,0.678,6.395,3.139,11.205,6.395,False,False,False,False
396,3.856,7.833,4.890,11.467,0.162,-4.890,12,4.258,5.941,4.693,5.376,0.678,6.395,3.139,11.205,6.395,False,False,False,False
397,3.791,8.137,4.968,11.467,0.067,-4.968,12,4.258,5.941,4.693,5.376,0.678,6.395,3.139,11.205,6.395,False,False,False,False
398,3.727,8.440,5.046,11.467,0.015,-5.046,12,4.258,5.941,4.693,5.376,0.678,6.395,3.139,11.205,6.395,False,False,False,False
399,3.663,8.739,5.142,11.467,0.089,-5.142,12,4.258,5.941,4.693,5.376,0.678,6.395,3.139,11.205,6.395,False,False,False,False
400,3.600,9.035,5.245,11.467,0.268,-5.245,12,4.258,5.941,4.693,5.376,0.678,6.395,3.139,11.205,6.395,False,False,False,False
401,3.538,9.328,5.356,11.467,0.528,-5.356,12,4.258,5.941,4.693,5.376,0.678,6.395,3.139,11.205,6.395,False,False,False,False
402,3.477,9.615,5.484,11.467,0.859,-5.484,12,4.258,5.941,4.693,5.376,0.678,6.395,3.139,11.205,6.395,False,False,False,False
403,3.416,9.903,5.611,11.467,1.214,-5.611,12,4.258,5.941,4.693,5.376,0.678,6.395,3.139,11.205,6.395,False,False,False,False
404,3.357,10.179,5.761,11.467,1.587,-5.761,12,4.258,5.941,4.693,5.376,0.678,6.395,3.139,11.205,6.395,False,False,False,False
405,3.298,10.455,5.912,11.467,2.011,-5.912,12,4.258,5.941,4.693,5.376,0.678,6.395,3.139,11.205,6.395,False,False,False,False
406,3.241,10.723,6.076,11.467,2.424,-6.076,12,4.258,5.941,4.693,5.376,0.678,6.395,3.139,11.205,6.395,False,False,False,False
407,5.729,1.185,6.138,11.654,0.636,-6.138,13,4.674,6.149,4.693,5.813,0.789,6.395,3.533,11.513,6.395,False,False,False,False
408,5.672,1.451,5.969,11.654,0.452,-5.969,13,4.674,6.149,4.693,5.813,0.789,6.395,3.533,11.513,6.395,False,False,False,False
409,5.613,1.728,5.820,11.654,0.316,-5.820,13,4.674,6.149,4.693,5.813,0.789,6.395,3.533,11.513,6.395,False,False,False,False
410,5.555,2.005,5.671,11.654,0.188,-5.671,13,4.674,6.149,4.693,5.813,0.789,6.395,3.533,11.513,6.395,False,False,False,False
411,5.494,2.289,5.537,11.654,0.094,-5.537,13,4.674,6.149,4.693,5.813,0.789,6.395,3.533,11.513,6.395,False,False,False,False
412,5.433,2.577,5.412,11.654,0.033,-5.412,13,4.674,6.149,4.693,5.813,0.789,6.395,3.533,11.513,6.395,False,False,False,False
413,5.371,2.867,5.291,11.654,0.001,-5.291,13,4.674,6.149,4.693,5.813,0.789,6.395,3.533,11.513,6.395,False,False,False,False
414,5.308,3.164,5.190,11.654,0.013,-5.190,13,4.674,6.149,4.693,5.813,0.789,6.395,3.533,11.513,6.395,False,False,False,False
415,5.245,3.460,5.089,11.654,0.038,-5.089,13,4.674,6.149,4.693,5.813,0.789,6.395,3.533,11.513,6.395,False,False,False,False
416,5.181,3.763,5.007,11.654,0.088,-5.007,13,4.674,6.149,4.693,5.813,0.789,6.395,3.533,11.513,6.395,False,False,False,False
417,5.116,4.067,4.930,11.654,0.081,-4.930,13,4.674,6.149,4.693,5.813,0.789,6.395,3.533,11.513,6.395,False,False,False,False
418,5.051,4.372,4.863,11.654,0.087,-4.863,13,4.674,6.149,4.693,5.813,0.789,6.395,3.533,11.513,6.395,False,False,False,False
419,4.986,4.681,4.811,11.654,0.122,-4.811,13,4.674,6.149,4.693,5.813,0.789,6.395,3.533,11.513,6.395,False,False,False,False
420,4.920,4.990,4.760,11.654,0.160,-4.760,13,4.674,6.149,4.693,5.813,0.789,6.395,3.533,11.513,6.395,False,False,False,False
421,4.854,5.302,4.732,11.654,0.251,-4.732,13,4.674,6.149,4.693,5.813,0.789,6.395,3.533,11.513,6.395,False,False,False,False
422,4.787,5.614,4.706,11.654,0.332,-4.706,13,4.674,6.149,4.693,5.813,0.789,6.395,3.533,11.513,6.395,False,False,False,False
423,4.721,5.927,4.693,11.654,0.386,-4.693,13,4.674,6.149,4.693,5.813,0.789,6.395,3.533,11.513,6.395,False,False,False,False
424,4.654,6.240,4.693,11.654,0.430,-4.693,13,4.674,6.149,4.693,5.813,0.789,6.395,3.533,11.513,6.395,False,False,False,False
425,4.588,6.554,4.695,11.654,0.441,-4.695,13,4.674,6.149,4.693,5.813,0.789,6.395,3.533,11.513,6.395,False,False,False,False
426,4.521,6.866,4.721,11.654,0.471,-4.721,13,4.674,6.149,4.693,5.813,0.789,6.395,3.533,11.513,6.395,False,False,False,False
427,4.455,7.178,4.747,11.654,0.475,-4.747,13,4.674,6.149,4.693,5.813,0.789,6.395,3.533,11.513,6.395,False,False,False,False
428,4.389,7.488,4.789,11.654,0.418,-4.789,13,4.674,6.149,4.693,5.813,0.789,6.395,3.533,11.513,6.395,False,False,False,False
429,4.323,7.797,4.841,11.654,0.313,-4.841,13,4.674,6.149,4.693,5.813,0.789,6.395,3.533,11.513,6.395,False,False,False,False
430,4.258,8.105,4.897,11.654,0.174,-4.897,13,4.674,6.149,4.693,5.813,0.789,6.395,3.533,11.513,6.395,False,False,False,False
431,4.193,8.409,4.974,11.654,0.046,-4.974,13,4.674,6.149,4.693,5.813,0.789,6.395,3.533,11.513,6.395,False,False,False,False
432,4.129,8.713,5.051,11.654,0.035,-5.051,13,4.674,6.149,4.693,5.813,0.789,6.395,3.533,11.513,6.395,False,False,False,False
433,4.065,9.011,5.147,11.654,0.147,-5.147,13,4.674,6.149,4.693,5.813,0.789,6.395,3.533,11.513,6.395,False,False,False,False
434,4.002,9.308,5.248,11.654,0.347,-5.248,13,4.674,6.149,4.693,5.813,0.789,6.395,3.533,11.513,6.395,False,False,False,False
435,3.940,9.601,5.358,11.654,0.624,-5.358,13,4.674,6.149,4.693,5.813,0.789,6.395,3.533,11.513,6.395,False,False,False,False
436,3.879,9.890,5.484,11.654,0.973,-5.484,13,4.674,6.149,4.693,5.813,0.789,6.395,3.533,11.513,6.395,False,False,False,False
437,3.817,10.178,5.609,11.654,1.370,-5.609,13,4.674,6.149,4.693,5.813,0.789,6.395,3.533,11.513,6.395,False,False,False,False
438,3.758,10.457,5.757,11.654,1.791,-5.757,13,4.674,6.149,4.693,5.813,0.789,6.395,3.533,11.513,6.395,False,False,False,False
439,3.699,10.734,5.906,11.654,2.216,-5.906,13,4.674,6.149,4.693,5.813,0.789,6.395,3.533,11.513,6.395,False,False,False,False
440,3.641,11.005,6.066,11.654,2.603,-6.066,13,4.674,6.149,4.693,5.813,0.789,6.395,3.533,11.513,6.395,False,False,False,False
441,6.193,1.165,6.224,11.679,1.121,-6.224,14,5.107,6.274,4.693,6.249,0.900,6.395,3.964,11.651,6.395,False,False,False,False
442,6.137,1.430,6.053,11.679,0.933,-6.053,14,5.107,6.274,4.693,6.249,0.900,6.395,3.964,11.651,6.395,False,False,False,False
443,6.079,1.702,5.895,11.679,0.722,-5.895,14,5.107,6.274,4.693,6.249,0.900,6.395,3.964,11.651,6.395,False,False,False,False
444,6.020,1.979,5.747,11.679,0.514,-5.747,14,5.107,6.274,4.693,6.249,0.900,6.395,3.964,11.651,6.395,False,False,False,False
445,5.961,2.258,5.601,11.679,0.342,-5.601,14,5.107,6.274,4.693,6.249,0.900,6.395,3.964,11.651,6.395,False,False,False,False
446,5.900,2.546,5.476,11.679,0.199,-5.476,14,5.107,6.274,4.693,6.249,0.900,6.395,3.964,11.651,6.395,False,False,False,False
447,5.838,2.834,5.351,11.679,0.117,-5.351,14,5.107,6.274,4.693,6.249,0.900,6.395,3.964,11.651,6.395,False,False,False,False
448,5.776,3.128,5.242,11.679,0.081,-5.242,14,5.107,6.274,4.693,6.249,0.900,6.395,3.964,11.651,6.395,False,False,False,False
449,5.713,3.425,5.141,11.679,0.059,-5.141,14,5.107,6.274,4.693,6.249,0.900,6.395,3.964,11.651,6.395,False,False,False,False
450,5.649,3.724,5.047,11.679,0.052,-5.047,14,5.107,6.274,4.693,6.249,0.900,6.395,3.964,11.651,6.395,False,False,False,False
451,5.585,4.028,4.970,11.679,0.051,-4.970,14,5.107,6.274,4.693,6.249,0.900,6.395,3.964,11.651,6.395,False,False,False,False
452,5.520,4.332,4.894,11.679,0.039,-4.894,14,5.107,6.274,4.693,6.249,0.900,6.395,3.964,11.651,6.395,False,False,False,False
453,5.455,4.640,4.838,11.679,0.052,-4.838,14,5.107,6.274,4.693,6.249,0.900,6.395,3.964,11.651,6.395,False,False,False,False
454,5.389,4.949,4.787,11.679,0.074,-4.787,14,5.107,6.274,4.693,6.249,0.900,6.395,3.964,11.651,6.395,False,False,False,False
455,5.323,5.259,4.746,11.679,0.117,-4.746,14,5.107,6.274,4.693,6.249,0.900,6.395,3.964,11.651,6.395,False,False,False,False
456,5.257,5.571,4.720,11.679,0.197,-4.720,14,5.107,6.274,4.693,6.249,0.900,6.395,3.964,11.651,6.395,False,False,False,False
457,5.190,5.883,4.694,11.679,0.288,-4.694,14,5.107,6.274,4.693,6.249,0.900,6.395,3.964,11.651,6.395,False,False,False,False
458,5.124,6.197,4.693,11.679,0.403,-4.693,14,5.107,6.274,4.693,6.249,0.900,6.395,3.964,11.651,6.395,False,False,False,False
459,5.057,6.510,4.693,11.679,0.490,-4.693,14,5.107,6.274,4.693,6.249,0.900,6.395,3.964,11.651,6.395,False,False,False,False
460,4.991,6.822,4.707,11.679,0.565,-4.707,14,5.107,6.274,4.693,6.249,0.900,6.395,3.964,11.651,6.395,False,False,False,False
461,4.924,7.135,4.733,11.679,0.603,-4.733,14,5.107,6.274,4.693,6.249,0.900,6.395,3.964,11.651,6.395,False,False,False,False
462,4.858,7.447,4.761,11.679,0.571,-4.761,14,5.107,6.274,4.693,6.249,0.900,6.395,3.964,11.651,6.395,False,False,False,False
463,4.792,7.756,4.812,11.679,0.485,-4.812,14,5.107,6.274,4.693,6.249,0.900,6.395,3.964,11.651,6.395,False,False,False,False
464,4.727,8.065,4.864,11.679,0.339,-4.864,14,5.107,6.274,4.693,6.249,0.900,6.395,3.964,11.651,6.395,False,False,False,False
465,4.662,8.370,4.932,11.679,0.157,-4.932,14,5.107,6.274,4.693,6.249,0.900,6.395,3.964,11.651,6.395,False,False,False,False
466,4.597,8.675,5.008,11.679,0.047,-5.008,14,5.107,6.274,4.693,6.249,0.900,6.395,3.964,11.651,6.395,False,False,False,False
467,4.533,8.977,5.090,11.679,0.108,-5.090,14,5.107,6.274,4.693,6.249,0.900,6.395,3.964,11.651,6.395,False,False,False,False
468,4.470,9.274,5.191,11.679,0.252,-5.191,14,5.107,6.274,4.693,6.249,0.900,6.395,3.964,11.651,6.395,False,False,False,False
469,4.407,9.570,5.292,11.679,0.499,-5.292,14,5.107,6.274,4.693,6.249,0.900,6.395,3.964,11.651,6.395,False,False,False,False
470,4.345,9.860,5.413,11.679,0.838,-5.413,14,5.107,6.274,4.693,6.249,0.900,6.395,3.964,11.651,6.395,False,False,False,False
471,4.284,10.149,5.538,11.679,1.215,-5.538,14,5.107,6.274,4.693,6.249,0.900,6.395,3.964,11.651,6.395,False,False,False,False
472,4.223,10.433,5.672,11.679,1.624,-5.672,14,5.107,6.274,4.693,6.249,0.900,6.395,3.964,11.651,6.395,False,False,False,False
473,4.164,10.711,5.821,11.679,2.050,-5.821,14,5.107,6.274,4.693,6.249,0.900,6.395,3.964,11.651,6.395,False,False,False,False
474,4.105,10.989,5.969,11.679,2.429,-5.969,14,5.107,6.274,4.693,6.249,0.900,6.395,3.964,11.651,6.395,False,False,False,False
475,4.049,11.254,6.139,11.679,2.799,-6.139,14,5.107,6.274,4.693,6.249,0.900,6.395,3.964,11.651,6.395,False,False,False,False
476,6.601,1.412,6.139,11.702,1.460,-6.139,15,5.540,6.400,4.693,6.685,1.014,6.395,4.395,11.789,6.395,False,False,False,False
477,6.544,1.677,5.970,11.702,1.220,-5.970,15,5.540,6.400,4.693,6.685,1.014,6.395,4.395,11.789,6.395,False,False,False,False
478,6.485,1.955,5.822,11.702,1.003,-5.822,15,5.540,6.400,4.693,6.685,1.014,6.395,4.395,11.789,6.395,False,False,False,False
479,6.426,2.232,5.674,11.702,0.784,-5.674,15,5.540,6.400,4.693,6.685,1.014,6.395,4.395,11.789,6.395,False,False,False,False
480,6.366,2.516,5.540,11.702,0.577,-5.540,15,5.540,6.400,4.693,6.685,1.014,6.395,4.395,11.789,6.395,False,False,False,False
481,6.305,2.804,5.415,11.702,0.400,-5.415,15,5.540,6.400,4.693,6.685,1.014,6.395,4.395,11.789,6.395,False,False,False,False
482,6.243,3.094,5.294,11.702,0.266,-5.294,15,5.540,6.400,4.693,6.685,1.014,6.395,4.395,11.789,6.395,False,False,False,False
483,6.180,3.391,5.193,11.702,0.178,-5.193,15,5.540,6.400,4.693,6.685,1.014,6.395,4.395,11.789,6.395,False,False,False,False
484,6.117,3.688,5.093,11.702,0.110,-5.093,15,5.540,6.400,4.693,6.685,1.014,6.395,4.395,11.789,6.395,False,False,False,False
485,6.053,3.990,5.010,11.702,0.076,-5.010,15,5.540,6.400,4.693,6.685,1.014,6.395,4.395,11.789,6.395,False,False,False,False
486,5.988,4.294,4.934,11.702,0.042,-4.934,15,5.540,6.400,4.693,6.685,1.014,6.395,4.395,11.789,6.395,False,False,False,False
487,5.923,4.600,4.865,11.702,0.020,-4.865,15,5.540,6.400,4.693,6.685,1.014,6.395,4.395,11.789,6.395,False,False,False,False
488,5.857,4.909,4.814,11.702,0.021,-4.814,15,5.540,6.400,4.693,6.685,1.014,6.395,4.395,11.789,6.395,False,False,False,False
489,5.792,5.218,4.763,11.702,0.030,-4.763,15,5.540,6.400,4.693,6.685,1.014,6.395,4.395,11.789,6.395,False,False,False,False
490,5.725,5.530,4.734,11.702,0.078,-4.734,15,5.540,6.400,4.693,6.685,1.014,6.395,4.395,11.789,6.395,False,False,False,False
491,5.659,5.842,4.708,11.702,0.130,-4.708,15,5.540,6.400,4.693,6.685,1.014,6.395,4.395,11.789,6.395,False,False,False,False
492,5.593,6.154,4.693,11.702,0.263,-4.693,15,5.540,6.400,4.693,6.685,1.014,6.395,4.395,11.789,6.395,False,False,False,False
493,5.526,6.468,4.693,11.702,0.408,-4.693,15,5.540,6.400,4.693,6.685,1.014,6.395,4.395,11.789,6.395,False,False,False,False
494,5.460,6.781,4.693,11.702,0.518,-4.693,15,5.540,6.400,4.693,6.685,1.014,6.395,4.395,11.789,6.395,False,False,False,False
495,5.393,7.093,4.719,11.702,0.628,-4.719,15,5.540,6.400,4.693,6.685,1.014,6.395,4.395,11.789,6.395,False,False,False,False
496,5.327,7.405,4.745,11.702,0.669,-4.745,15,5.540,6.400,4.693,6.685,1.014,6.395,4.395,11.789,6.395,False,False,False,False
497,5.261,7.716,4.784,11.702,0.629,-4.784,15,5.540,6.400,4.693,6.685,1.014,6.395,4.395,11.789,6.395,False,False,False,False
498,5.195,8.025,4.836,11.702,0.526,-4.836,15,5.540,6.400,4.693,6.685,1.014,6.395,4.395,11.789,6.395,False,False,False,False
499,5.130,8.333,4.890,11.702,0.344,-4.890,15,5.540,6.400,4.693,6.685,1.014,6.395,4.395,11.789,6.395,False,False,False,False
500,5.065,8.637,4.966,11.702,0.186,-4.966,15,5.540,6.400,4.693,6.685,1.014,6.395,4.395,11.789,6.395,False,False,False,False
501,5.000,8.941,5.042,11.702,0.116,-5.042,15,5.540,6.400,4.693,6.685,1.014,6.395,4.395,11.789,6.395,False,False,False,False
502,4.937,9.241,5.135,11.702,0.156,-5.135,15,5.540,6.400,4.693,6.685,1.014,6.395,4.395,11.789,6.395,False,False,False,False
503,4.874,9.537,5.236,11.702,0.343,-5.236,15,5.540,6.400,4.693,6.685,1.014,6.395,4.395,11.789,6.395,False,False,False,False
504,4.811,9.832,5.343,11.702,0.626,-5.343,15,5.540,6.400,4.693,6.685,1.014,6.395,4.395,11.789,6.395,False,False,False,False
505,4.750,10.120,5.468,11.702,0.975,-5.468,15,5.540,6.400,4.693,6.685,1.014,6.395,4.395,11.789,6.395,False,False,False,False
506,4.688,10.409,5.593,11.702,1.366,-5.593,15,5.540,6.400,4.693,6.685,1.014,6.395,4.395,11.789,6.395,False,False,False,False
507,4.629,10.689,5.737,11.702,1.804,-5.737,15,5.540,6.400,4.693,6.685,1.014,6.395,4.395,11.789,6.395,False,False,False,False
508,4.570,10.967,5.885,11.702,2.197,-5.885,15,5.540,6.400,4.693,6.685,1.014,6.395,4.395,11.789,6.395,False,False,False,False
509,4.512,11.240,6.041,11.702,2.582,-6.041,15,5.540,6.400,4.693,6.685,1.014,6.395,4.395,11.789,6.395,False,False,False,False
510,4.455,11.505,6.212,11.702,2.960,-6.212,15,5.540,6.400,4.693,6.685,1.014,6.395,4.395,11.789,6.395,False,False,False,False
511,7.064,1.396,6.225,11.723,1.991,-6.225,16,5.973,6.528,4.693,7.120,1.131,6.395,4.826,11.927,6.395,False,False,False,False
512,7.008,1.661,6.054,11.723,1.779,-6.054,16,5.973,6.528,4.693,7.120,1.131,6.395,4.826,11.927,6.395,False,False,False,False
513,6.950,1.933,5.897,11.723,1.547,-5.897,16,5.973,6.528,4.693,7.120,1.131,6.395,4.826,11.927,6.395,False,False,False,False
514,6.891,2.211,5.749,11.723,1.304,-5.749,16,5.973,6.528,4.693,7.120,1.131,6.395,4.826,11.927,6.395,False,False,False,False
515,6.832,2.490,5.603,11.723,1.066,-5.603,16,5.973,6.528,4.693,7.120,1.131,6.395,4.826,11.927,6.395,False,False,False,False
516,6.770,2.778,5.479,11.723,0.826,-5.479,16,5.973,6.528,4.693,7.120,1.131,6.395,4.826,11.927,6.395,False,False,False,False
517,6.709,3.066,5.354,11.723,0.582,-5.354,16,5.973,6.528,4.693,7.120,1.131,6.395,4.826,11.927,6.395,False,False,False,False
518,6.647,3.360,5.245,11.723,0.380,-5.245,16,5.973,6.528,4.693,7.120,1.131,6.395,4.826,11.927,6.395,False,False,False,False
519,6.583,3.657,5.145,11.723,0.241,-5.145,16,5.973,6.528,4.693,7.120,1.131,6.395,4.826,11.927,6.395,False,False,False,False
520,6.520,3.956,5.049,11.723,0.147,-5.049,16,5.973,6.528,4.693,7.120,1.131,6.395,4.826,11.927,6.395,False,False,False,False
521,6.455,4.260,4.973,11.723,0.085,-4.973,16,5.973,6.528,4.693,7.120,1.131,6.395,4.826,11.927,6.395,False,False,False,False
522,6.391,4.564,4.897,11.723,0.037,-4.897,16,5.973,6.528,4.693,7.120,1.131,6.395,4.826,11.927,6.395,False,False,False,False
523,6.325,4.872,4.841,11.723,0.013,-4.841,16,5.973,6.528,4.693,7.120,1.131,6.395,4.826,11.927,6.395,False,False,False,False
524,6.260,5.181,4.790,11.723,0.002,-4.790,16,5.973,6.528,4.693,7.120,1.131,6.395,4.826,11.927,6.395,False,False,False,False
525,6.194,5.491,4.747,11.723,0.014,-4.747,16,5.973,6.528,4.693,7.120,1.131,6.395,4.826,11.927,6.395,False,False,False,False
526,6.127,5.804,4.722,11.723,0.054,-4.722,16,5.973,6.528,4.693,7.120,1.131,6.395,4.826,11.927,6.395,False,False,False,False
527,6.061,6.116,4.696,11.723,0.108,-4.696,16,5.973,6.528,4.693,7.120,1.131,6.395,4.826,11.927,6.395,False,False,False,False
528,5.994,6.429,4.693,11.723,0.207,-4.693,16,5.973,6.528,4.693,7.120,1.131,6.395,4.826,11.927,6.395,False,False,False,False
529,5.928,6.742,4.693,11.723,0.351,-4.693,16,5.973,6.528,4.693,7.120,1.131,6.395,4.826,11.927,6.395,False,False,False,False
530,5.861,7.054,4.705,11.723,0.497,-4.705,16,5.973,6.528,4.693,7.120,1.131,6.395,4.826,11.927,6.395,False,False,False,False
531,5.795,7.367,4.731,11.723,0.618,-4.731,16,5.973,6.528,4.693,7.120,1.131,6.395,4.826,11.927,6.395,False,False,False,False
532,5.729,7.679,4.757,11.723,0.657,-4.757,16,5.973,6.528,4.693,7.120,1.131,6.395,4.826,11.927,6.395,False,False,False,False
533,5.663,7.988,4.808,11.723,0.610,-4.808,16,5.973,6.528,4.693,7.120,1.131,6.395,4.826,11.927,6.395,False,False,False,False
534,5.597,8.297,4.859,11.723,0.472,-4.859,16,5.973,6.528,4.693,7.120,1.131,6.395,4.826,11.927,6.395,False,False,False,False
535,5.532,8.603,4.924,11.723,0.313,-4.924,16,5.973,6.528,4.693,7.120,1.131,6.395,4.826,11.927,6.395,False,False,False,False
536,5.468,8.907,5.001,11.723,0.183,-5.001,16,5.973,6.528,4.693,7.120,1.131,6.395,4.826,11.927,6.395,False,False,False,False
537,5.403,9.211,5.080,11.723,0.146,-5.080,16,5.973,6.528,4.693,7.120,1.131,6.395,4.826,11.927,6.395,False,False,False,False
538,5.340,9.507,5.181,11.723,0.284,-5.181,16,5.973,6.528,4.693,7.120,1.131,6.395,4.826,11.927,6.395,False,False,False,False
539,5.277,9.804,5.281,11.723,0.540,-5.281,16,5.973,6.528,4.693,7.120,1.131,6.395,4.826,11.927,6.395,False,False,False,False
540,5.215,10.095,5.398,11.723,0.880,-5.398,16,5.973,6.528,4.693,7.120,1.131,6.395,4.826,11.927,6.395,False,False,False,False
541,5.154,10.384,5.523,11.723,1.261,-5.523,16,5.973,6.528,4.693,7.120,1.131,6.395,4.826,11.927,6.395,False,False,False,False
542,5.093,10.670,5.654,11.723,1.653,-5.654,16,5.973,6.528,4.693,7.120,1.131,6.395,4.826,11.927,6.395,False,False,False,False
543,5.034,10.948,5.802,11.723,2.035,-5.802,16,5.973,6.528,4.693,7.120,1.131,6.395,4.826,11.927,6.395,False,False,False,False
544,4.975,11.226,5.950,11.723,2.403,-5.950,16,5.973,6.528,4.693,7.120,1.131,6.395,4.826,11.927,6.395,False,False,False,False
545,4.918,11.493,6.116,11.723,2.767,-6.116,16,5.973,6.528,4.693,7.120,1.131,6.395,4.826,11.927,6.395,False,False,False,False
546,7.166,3.081,6.108,10.361,1.576,-6.108,17,6.251,7.385,4.694,7.246,2.705,6.395,5.256,12.066,6.395,False,False,False,False
547,7.109,3.347,5.919,10.361,1.226,-5.919,17,6.251,7.385,4.694,7.246,2.705,6.395,5.256,12.066,6.395,False,False,False,False
548,7.051,3.623,5.747,10.361,0.942,-5.747,17,6.251,7.385,4.694,7.246,2.705,6.395,5.256,12.066,6.395,False,False,False,False
549,6.991,3.903,5.581,10.361,0.722,-5.581,17,6.251,7.385,4.694,7.246,2.705,6.395,5.256,12.066,6.395,False,False,False,False
550,6.929,4.194,5.435,10.361,0.558,-5.435,17,6.251,7.385,4.694,7.246,2.705,6.395,5.256,12.066,6.395,False,False,False,False
551,6.867,4.487,5.294,10.361,0.445,-5.294,17,6.251,7.385,4.694,7.246,2.705,6.395,5.256,12.066,6.395,False,False,False,False
552,6.803,4.789,5.176,10.361,0.344,-5.176,17,6.251,7.385,4.694,7.246,2.705,6.395,5.256,12.066,6.395,False,False,False,False
553,6.738,5.092,5.060,10.361,0.252,-5.060,17,6.251,7.385,4.694,7.246,2.705,6.395,5.256,12.066,6.395,False,False,False,False
554,6.672,5.404,4.971,10.361,0.219,-4.971,17,6.251,7.385,4.694,7.246,2.705,6.395,5.256,12.066,6.395,False,False,False,False
555,6.606,5.716,4.881,10.361,0.204,-4.881,17,6.251,7.385,4.694,7.246,2.705,6.395,5.256,12.066,6.395,False,False,False,False
556,6.538,6.034,4.821,10.361,0.260,-4.821,17,6.251,7.385,4.694,7.246,2.705,6.395,5.256,12.066,6.395,False,False,False,False
557,6.471,6.352,4.761,10.361,0.355,-4.761,17,6.251,7.385,4.694,7.246,2.705,6.395,5.256,12.066,6.395,False,False,False,False
558,6.402,6.675,4.729,10.361,0.538,-4.729,17,6.251,7.385,4.694,7.246,2.705,6.395,5.256,12.066,6.395,False,False,False,False
559,6.334,6.997,4.698,10.361,0.691,-4.698,17,6.251,7.385,4.694,7.246,2.705,6.395,5.256,12.066,6.395,False,False,False,False
560,6.265,7.320,4.694,10.361,0.770,-4.694,17,6.251,7.385,4.694,7.246,2.705,6.395,5.256,12.066,6.395,False,False,False,False
561,6.196,7.644,4.694,10.361,0.735,-4.694,17,6.251,7.385,4.694,7.246,2.705,6.395,5.256,12.066,6.395,False,False,False,False
562,6.128,7.966,4.716,10.361,0.584,-4.716,17,6.251,7.385,4.694,7.246,2.705,6.395,5.256,12.066,6.395,False,False,False,False
563,6.059,8.288,4.747,10.361,0.417,-4.747,17,6.251,7.385,4.694,7.246,2.705,6.395,5.256,12.066,6.395,False,False,False,False
564,5.991,8.608,4.797,10.361,0.243,-4.797,17,6.251,7.385,4.694,7.246,2.705,6.395,5.256,12.066,6.395,False,False,False,False
565,5.923,8.927,4.857,10.361,0.130,-4.857,17,6.251,7.385,4.694,7.246,2.705,6.395,5.256,12.066,6.395,False,False,False,False
566,5.857,9.241,4.934,10.361,0.113,-4.934,17,6.251,7.385,4.694,7.246,2.705,6.395,5.256,12.066,6.395,False,False,False,False
567,5.790,9.553,5.024,10.361,0.237,-5.024,17,6.251,7.385,4.694,7.246,2.705,6.395,5.256,12.066,6.395,False,False,False,False
568,5.725,9.860,5.128,10.361,0.532,-5.128,17,6.251,7.385,4.694,7.246,2.705,6.395,5.256,12.066,6.395,False,False,False,False
569,5.661,10.162,5.246,10.361,0.895,-5.246,17,6.251,7.385,4.694,7.246,2.705,6.395,5.256,12.066,6.395,False,False,False,False
570,5.598,10.460,5.376,10.361,1.277,-5.376,17,6.251,7.385,4.694,7.246,2.705,6.395,5.256,12.066,6.395,False,False,False,False
571,5.536,10.750,5.522,10.361,1.671,-5.522,17,6.251,7.385,4.694,7.246,2.705,6.395,5.256,12.066,6.395,False,False,False,False
572,5.475,11.037,5.677,10.361,2.035,-5.677,17,6.251,7.385,4.694,7.246,2.705,6.395,5.256,12.066,6.395,False,False,False,False
573,5.416,11.313,5.850,10.361,2.382,-5.850,17,6.251,7.385,4.694,7.246,2.705,6.395,5.256,12.066,6.395,False,False,False,False
574,5.358,11.585,6.028,10.361,2.703,-6.028,17,6.251,7.385,4.694,7.246,2.705,6.395,5.256,12.066,6.395,False,False,False,False
575,7.927,1.666,6.225,11.731,2.713,-6.225,18,6.835,6.802,4.693,7.983,1.401,6.395,5.687,12.206,6.395,False,False,False,False
576,7.870,1.931,6.055,11.731,2.386,-6.055,18,6.835,6.802,4.693,7.983,1.401,6.395,5.687,12.206,6.395,False,False,False,False
577,7.813,2.203,5.897,11.731,2.054,-5.897,18,6.835,6.802,4.693,7.983,1.401,6.395,5.687,12.206,6.395,False,False,False,False
578,7.754,2.481,5.749,11.731,1.727,-5.749,18,6.835,6.802,4.693,7.983,1.401,6.395,5.687,12.206,6.395,False,False,False,False
579,7.694,2.760,5.604,11.731,1.411,-5.604,18,6.835,6.802,4.693,7.983,1.401,6.395,5.687,12.206,6.395,False,False,False,False
580,7.633,3.048,5.479,11.731,1.097,-5.479,18,6.835,6.802,4.693,7.983,1.401,6.395,5.687,12.206,6.395,False,False,False,False
581,7.572,3.336,5.355,11.731,0.776,-5.355,18,6.835,6.802,4.693,7.983,1.401,6.395,5.687,12.206,6.395,False,False,False,False
582,7.509,3.630,5.246,11.731,0.493,-5.246,18,6.835,6.802,4.693,7.983,1.401,6.395,5.687,12.206,6.395,False,False,False,False
583,7.446,3.928,5.145,11.731,0.290,-5.145,18,6.835,6.802,4.693,7.983,1.401,6.395,5.687,12.206,6.395,False,False,False,False
584,7.383,4.226,5.050,11.731,0.168,-5.050,18,6.835,6.802,4.693,7.983,1.401,6.395,5.687,12.206,6.395,False,False,False,False
585,7.318,4.530,4.974,11.731,0.118,-4.974,18,6.835,6.802,4.693,7.983,1.401,6.395,5.687,12.206,6.395,False,False,False,False
586,7.253,4.834,4.898,11.731,0.042,-4.898,18,6.835,6.802,4.693,7.983,1.401,6.395,5.687,12.206,6.395,False,False,False,False
587,7.188,5.142,4.841,11.731,0.032,-4.841,18,6.835,6.802,4.693,7.983,1.401,6.395,5.687,12.206,6.395,False,False,False,False
588,7.122,5.451,4.790,11.731,0.082,-4.790,18,6.835,6.802,4.693,7.983,1.401,6.395,5.687,12.206,6.395,False,False,False,False
589,7.056,5.761,4.748,11.731,0.184,-4.748,18,6.835,6.802,4.693,7.983,1.401,6.395,5.687,12.206,6.395,False,False,False,False
590,6.990,6.073,4.722,11.731,0.354,-4.722,18,6.835,6.802,4.693,7.983,1.401,6.395,5.687,12.206,6.395,False,False,False,False
591,6.924,6.386,4.696,11.731,0.701,-4.696,18,6.835,6.802,4.693,7.983,1.401,6.395,5.687,12.206,6.395,False,False,False,False
592,6.857,6.699,4.693,11.731,0.997,-4.693,18,6.835,6.802,4.693,7.983,1.401,6.395,5.687,12.206,6.395,False,False,False,False
593,6.791,7.012,4.693,11.731,1.163,-4.693,18,6.835,6.802,4.693,7.983,1.401,6.395,5.687,12.206,6.395,False,False,False,False
594,6.724,7.324,4.705,11.731,1.221,-4.705,18,6.835,6.802,4.693,7.983,1.401,6.395,5.687,12.206,6.395,False,False,False,False
595,6.658,7.637,4.730,11.731,1.186,-4.730,18,6.835,6.802,4.693,7.983,1.401,6.395,5.687,12.206,6.395,False,False,False,False
596,6.591,7.949,4.756,11.731,0.948,-4.756,18,6.835,6.802,4.693,7.983,1.401,6.395,5.687,12.206,6.395,False,False,False,False
597,6.526,8.258,4.807,11.731,0.703,-4.807,18,6.835,6.802,4.693,7.983,1.401,6.395,5.687,12.206,6.395,False,False,False,False
598,6.460,8.567,4.858,11.731,0.477,-4.858,18,6.835,6.802,4.693,7.983,1.401,6.395,5.687,12.206,6.395,False,False,False,False
599,6.395,8.873,4.923,11.731,0.348,-4.923,18,6.835,6.802,4.693,7.983,1.401,6.395,5.687,12.206,6.395,False,False,False,False
600,6.330,9.177,4.999,11.731,0.319,-4.999,18,6.835,6.802,4.693,7.983,1.401,6.395,5.687,12.206,6.395,False,False,False,False
601,6.266,9.481,5.078,11.731,0.419,-5.078,18,6.835,6.802,4.693,7.983,1.401,6.395,5.687,12.206,6.395,False,False,False,False
602,6.203,9.778,5.179,11.731,0.650,-5.179,18,6.835,6.802,4.693,7.983,1.401,6.395,5.687,12.206,6.395,False,False,False,False
603,6.140,10.074,5.279,11.731,0.946,-5.279,18,6.835,6.802,4.693,7.983,1.401,6.395,5.687,12.206,6.395,False,False,False,False
604,6.078,10.366,5.396,11.731,1.272,-5.396,18,6.835,6.802,4.693,7.983,1.401,6.395,5.687,12.206,6.395,False,False,False,False
605,6.016,10.654,5.521,11.731,1.632,-5.521,18,6.835,6.802,4.693,7.983,1.401,6.395,5.687,12.206,6.395,False,False,False,False
606,5.955,10.941,5.651,11.731,1.960,-5.651,18,6.835,6.802,4.693,7.983,1.401,6.395,5.687,12.206,6.395,False,False,False,False
607,5.896,11.219,5.799,11.731,2.267,-5.799,18,6.835,6.802,4.693,7.983,1.401,6.395,5.687,12.206,6.395,False,False,False,False
608,5.837,11.497,5.947,11.731,2.541,-5.947,18,6.835,6.802,4.693,7.983,1.401,6.395,5.687,12.206,6.395,False,False,False,False
609,5.780,11.765,6.112,11.731,2.847,-6.112,18,6.835,6.802,4.693,7.983,1.401,6.395,5.687,12.206,6.395,False,False,False,False
610,8.328,1.944,6.139,11.725,2.641,-6.139,19,7.265,6.945,4.693,8.412,1.547,6.395,6.117,12.345,6.395,False,False,False,False
611,8.271,2.210,5.971,11.725,2.286,-5.971,19,7.265,6.945,4.693,8.412,1.547,6.395,6.117,12.345,6.395,False,False,False,False
612,8.212,2.488,5.823,11.725,1.944,-5.823,19,7.265,6.945,4.693,8.412,1.547,6.395,6.117,12.345,6.395,False,False,False,False
613,8.153,2.765,5.675,11.725,1.595,-5.675,19,7.265,6.945,4.693,8.412,1.547,6.395,6.117,12.345,6.395,False,False,False,False
614,8.093,3.050,5.541,11.725,1.249,-5.541,19,7.265,6.945,4.693,8.412,1.547,6.395,6.117,12.345,6.395,False,False,False,False
615,8.032,3.338,5.416,11.725,0.907,-5.416,19,7.265,6.945,4.693,8.412,1.547,6.395,6.117,12.345,6.395,False,False,False,False
616,7.970,3.628,5.296,11.725,0.593,-5.296,19,7.265,6.945,4.693,8.412,1.547,6.395,6.117,12.345,6.395,False,False,False,False
617,7.907,3.925,5.195,11.725,0.359,-5.195,19,7.265,6.945,4.693,8.412,1.547,6.395,6.117,12.345,6.395,False,False,False,False
618,7.844,4.222,5.094,11.725,0.178,-5.094,19,7.265,6.945,4.693,8.412,1.547,6.395,6.117,12.345,6.395,False,False,False,False
619,7.779,4.524,5.011,11.725,0.086,-5.011,19,7.265,6.945,4.693,8.412,1.547,6.395,6.117,12.345,6.395,False,False,False,False
620,7.715,4.828,4.935,11.725,0.040,-4.935,19,7.265,6.945,4.693,8.412,1.547,6.395,6.117,12.345,6.395,False,False,False,False
621,7.650,5.133,4.866,11.725,0.053,-4.866,19,7.265,6.945,4.693,8.412,1.547,6.395,6.117,12.345,6.395,False,False,False,False
622,7.584,5.442,4.815,11.725,0.158,-4.815,19,7.265,6.945,4.693,8.412,1.547,6.395,6.117,12.345,6.395,False,False,False,False
623,7.519,5.751,4.764,11.725,0.350,-4.764,19,7.265,6.945,4.693,8.412,1.547,6.395,6.117,12.345,6.395,False,False,False,False
624,7.452,6.063,4.735,11.725,0.652,-4.735,19,7.265,6.945,4.693,8.412,1.547,6.395,6.117,12.345,6.395,False,False,False,False
625,7.386,6.375,4.709,11.725,1.180,-4.709,19,7.265,6.945,4.693,8.412,1.547,6.395,6.117,12.345,6.395,False,False,False,False
626,7.319,6.688,4.693,11.725,1.484,-4.693,19,7.265,6.945,4.693,8.412,1.547,6.395,6.117,12.345,6.395,False,False,False,False
627,7.253,7.001,4.693,11.725,1.613,-4.693,19,7.265,6.945,4.693,8.412,1.547,6.395,6.117,12.345,6.395,False,False,False,False
628,7.186,7.314,4.693,11.725,1.610,-4.693,19,7.265,6.945,4.693,8.412,1.547,6.395,6.117,12.345,6.395,False,False,False,False
629,7.120,7.626,4.718,11.725,1.560,-4.718,19,7.265,6.945,4.693,8.412,1.547,6.395,6.117,12.345,6.395,False,False,False,False
630,7.054,7.938,4.744,11.725,1.382,-4.744,19,7.265,6.945,4.693,8.412,1.547,6.395,6.117,12.345,6.395,False,False,False,False
631,6.988,8.249,4.782,11.725,1.114,-4.782,19,7.265,6.945,4.693,8.412,1.547,6.395,6.117,12.345,6.395,False,False,False,False
632,6.922,8.558,4.833,11.725,0.864,-4.833,19,7.265,6.945,4.693,8.412,1.547,6.395,6.117,12.345,6.395,False,False,False,False
633,6.856,8.867,4.886,11.725,0.657,-4.886,19,7.265,6.945,4.693,8.412,1.547,6.395,6.117,12.345,6.395,False,False,False,False
634,6.792,9.171,4.962,11.725,0.635,-4.962,19,7.265,6.945,4.693,8.412,1.547,6.395,6.117,12.345,6.395,False,False,False,False
635,6.727,9.475,5.038,11.725,0.663,-5.038,19,7.265,6.945,4.693,8.412,1.547,6.395,6.117,12.345,6.395,False,False,False,False
636,6.663,9.775,5.130,11.725,0.797,-5.130,19,7.265,6.945,4.693,8.412,1.547,6.395,6.117,12.345,6.395,False,False,False,False
637,6.600,10.071,5.230,11.725,1.033,-5.230,19,7.265,6.945,4.693,8.412,1.547,6.395,6.117,12.345,6.395,False,False,False,False
638,6.538,10.366,5.335,11.725,1.308,-5.335,19,7.265,6.945,4.693,8.412,1.547,6.395,6.117,12.345,6.395,False,False,False,False
639,6.476,10.655,5.460,11.725,1.626,-5.460,19,7.265,6.945,4.693,8.412,1.547,6.395,6.117,12.345,6.395,False,False,False,False
640,6.415,10.944,5.585,11.725,1.914,-5.585,19,7.265,6.945,4.693,8.412,1.547,6.395,6.117,12.345,6.395,False,False,False,False
641,6.355,11.225,5.727,11.725,2.174,-5.727,19,7.265,6.945,4.693,8.412,1.547,6.395,6.117,12.345,6.395,False,False,False,False
642,6.296,11.502,5.875,11.725,2.418,-5.875,19,7.265,6.945,4.693,8.412,1.547,6.395,6.117,12.345,6.395,False,False,False,False
643,6.238,11.777,6.030,11.725,2.693,-6.030,19,7.265,6.945,4.693,8.412,1.547,6.395,6.117,12.345,6.395,False,False,False,False
644,6.181,12.042,6.200,11.725,3.026,-6.200,19,7.265,6.945,4.693,8.412,1.547,6.395,6.117,12.345,6.395,False,False,False,False
645,8.784,1.960,6.224,11.717,2.813,-6.224,20,7.694,7.089,4.693,8.841,1.695,6.395,6.547,12.485,6.395,False,False,False,False
646,8.728,2.225,6.054,11.717,2.456,-6.054,20,7.694,7.089,4.693,8.841,1.695,6.395,6.547,12.485,6.395,False,False,False,False
647,8.670,2.497,5.896,11.717,2.116,-5.896,20,7.694,7.089,4.693,8.841,1.695,6.395,6.547,12.485,6.395,False,False,False,False
648,8.611,2.775,5.748,11.717,1.769,-5.748,20,7.694,7.089,4.693,8.841,1.695,6.395,6.547,12.485,6.395,False,False,False,False
649,8.552,3.054,5.603,11.717,1.410,-5.603,20,7.694,7.089,4.693,8.841,1.695,6.395,6.547,12.485,6.395,False,False,False,False
650,8.491,3.342,5.478,11.717,1.076,-5.478,20,7.694,7.089,4.693,8.841,1.695,6.395,6.547,12.485,6.395,False,False,False,False
651,8.429,3.630,5.354,11.717,0.774,-5.354,20,7.694,7.089,4.693,8.841,1.695,6.395,6.547,12.485,6.395,False,False,False,False
652,8.367,3.924,5.245,11.717,0.516,-5.245,20,7.694,7.089,4.693,8.841,1.695,6.395,6.547,12.485,6.395,False,False,False,False
653,8.304,4.221,5.144,11.717,0.300,-5.144,20,7.694,7.089,4.693,8.841,1.695,6.395,6.547,12.485,6.395,False,False,False,False
654,8.240,4.520,5.049,11.717,0.130,-5.049,20,7.694,7.089,4.693,8.841,1.695,6.395,6.547,12.485,6.395,False,False,False,False
655,8.176,4.824,4.973,11.717,0.080,-4.973,20,7.694,7.089,4.693,8.841,1.695,6.395,6.547,12.485,6.395,False,False,False,False
656,8.111,5.128,4.897,11.717,0.122,-4.897,20,7.694,7.089,4.693,8.841,1.695,6.395,6.547,12.485,6.395,False,False,False,False
657,8.046,5.436,4.840,11.717,0.282,-4.840,20,7.694,7.089,4.693,8.841,1.695,6.395,6.547,12.485,6.395,False,False,False,False
658,7.980,5.745,4.789,11.717,0.623,-4.789,20,7.694,7.089,4.693,8.841,1.695,6.395,6.547,12.485,6.395,False,False,False,False
659,7.914,6.055,4.747,11.717,1.189,-4.747,20,7.694,7.089,4.693,8.841,1.695,6.395,6.547,12.485,6.395,False,False,False,False
660,7.848,6.367,4.721,11.717,1.695,-4.721,20,7.694,7.089,4.693,8.841,1.695,6.395,6.547,12.485,6.395,False,False,False,False
661,7.781,6.679,4.696,11.717,2.005,-4.696,20,7.694,7.089,4.693,8.841,1.695,6.395,6.547,12.485,6.395,False,False,False,False
662,7.715,6.992,4.693,11.717,2.136,-4.693,20,7.694,7.089,4.693,8.841,1.695,6.395,6.547,12.485,6.395,False,False,False,False
663,7.648,7.305,4.693,11.717,2.122,-4.693,20,7.694,7.089,4.693,8.841,1.695,6.395,6.547,12.485,6.395,False,False,False,False
664,7.582,7.618,4.705,11.717,1.998,-4.705,20,7.694,7.089,4.693,8.841,1.695,6.395,6.547,12.485,6.395,False,False,False,False
665,7.515,7.930,4.731,11.717,1.805,-4.731,20,7.694,7.089,4.693,8.841,1.695,6.395,6.547,12.485,6.395,False,False,False,False
666,7.449,8.242,4.757,11.717,1.521,-4.757,20,7.694,7.089,4.693,8.841,1.695,6.395,6.547,12.485,6.395,False,False,False,False
667,7.383,8.551,4.808,11.717,1.247,-4.808,20,7.694,7.089,4.693,8.841,1.695,6.395,6.547,12.485,6.395,False,False,False,False
668,7.318,8.861,4.859,11.717,1.052,-4.859,20,7.694,7.089,4.693,8.841,1.695,6.395,6.547,12.485,6.395,False,False,False,False
669,7.253,9.167,4.925,11.717,1.072,-4.925,20,7.694,7.089,4.693,8.841,1.695,6.395,6.547,12.485,6.395,False,False,False,False
670,7.188,9.471,5.001,11.717,1.101,-5.001,20,7.694,7.089,4.693,8.841,1.695,6.395,6.547,12.485,6.395,False,False,False,False
671,7.124,9.774,5.081,11.717,1.171,-5.081,20,7.694,7.089,4.693,8.841,1.695,6.395,6.547,12.485,6.395,False,False,False,False
672,7.060,10.071,5.182,11.717,1.286,-5.182,20,7.694,7.089,4.693,8.841,1.695,6.395,6.547,12.485,6.395,False,False,False,False
673,6.997,10.367,5.283,11.717,1.472,-5.283,20,7.694,7.089,4.693,8.841,1.695,6.395,6.547,12.485,6.395,False,False,False,False
674,6.936,10.658,5.400,11.717,1.694,-5.400,20,7.694,7.089,4.693,8.841,1.695,6.395,6.547,12.485,6.395,False,False,False,False
675,6.874,10.947,5.525,11.717,1.913,-5.525,20,7.694,7.089,4.693,8.841,1.695,6.395,6.547,12.485,6.395,False,False,False,False
676,6.813,11.233,5.656,11.717,2.091,-5.656,20,7.694,7.089,4.693,8.841,1.695,6.395,6.547,12.485,6.395,False,False,False,False
677,6.754,11.511,5.804,11.717,2.275,-5.804,20,7.694,7.089,4.693,8.841,1.695,6.395,6.547,12.485,6.395,False,False,False,False
678,6.695,11.789,5.953,11.717,2.578,-5.953,20,7.694,7.089,4.693,8.841,1.695,6.395,6.547,12.485,6.395,False,False,False,False
679,6.638,12.056,6.119,11.717,2.914,-6.119,20,7.694,7.089,4.693,8.841,1.695,6.395,6.547,12.485,6.395,False,False,False,False
680,9.184,2.244,6.139,11.709,2.511,-6.139,21,8.123,7.235,4.693,9.269,1.846,6.395,6.977,12.627,6.395,False,False,False,False
681,9.128,2.509,5.970,11.709,2.165,-5.970,21,8.123,7.235,4.693,9.269,1.846,6.395,6.977,12.627,6.395,False,False,False,False
682,9.069,2.787,5.822,11.709,1.829,-5.822,21,8.123,7.235,4.693,9.269,1.846,6.395,6.977,12.627,6.395,False,False,False,False
683,9.010,3.064,5.674,11.709,1.502,-5.674,21,8.123,7.235,4.693,9.269,1.846,6.395,6.977,12.627,6.395,False,False,False,False
684,8.949,3.348,5.540,11.709,1.199,-5.540,21,8.123,7.235,4.693,9.269,1.846,6.395,6.977,12.627,6.395,False,False,False,False
685,8.888,3.637,5.415,11.709,0.928,-5.415,21,8.123,7.235,4.693,9.269,1.846,6.395,6.977,12.627,6.395,False,False,False,False
686,8.827,3.926,5.295,11.709,0.678,-5.295,21,8.123,7.235,4.693,9.269,1.846,6.395,6.977,12.627,6.395,False,False,False,False
687,8.763,4.223,5.194,11.709,0.482,-5.194,21,8.123,7.235,4.693,9.269,1.846,6.395,6.977,12.627,6.395,False,False,False,False
688,8.700,4.520,5.093,11.709,0.314,-5.093,21,8.123,7.235,4.693,9.269,1.846,6.395,6.977,12.627,6.395,False,False,False,False
689,8.636,4.823,5.010,11.709,0.234,-5.010,21,8.123,7.235,4.693,9.269,1.846,6.395,6.977,12.627,6.395,False,False,False,False
690,8.571,5.126,4.934,11.709,0.293,-4.934,21,8.123,7.235,4.693,9.269,1.846,6.395,6.977,12.627,6.395,False,False,False,False
691,8.507,5.432,4.865,11.709,0.496,-4.865,21,8.123,7.235,4.693,9.269,1.846,6.395,6.977,12.627,6.395,False,False,False,False
692,8.441,5.741,4.814,11.709,0.912,-4.814,21,8.123,7.235,4.693,9.269,1.846,6.395,6.977,12.627,6.395,False,False,False,False
693,8.375,6.050,4.763,11.709,1.493,-4.763,21,8.123,7.235,4.693,9.269,1.846,6.395,6.977,12.627,6.395,False,False,False,False
694,8.309,6.362,4.734,11.709,1.961,-4.734,21,8.123,7.235,4.693,9.269,1.846,6.395,6.977,12.627,6.395,False,False,False,False
695,8.243,6.674,4.708,11.709,2.636,-4.708,21,8.123,7.235,4.693,9.269,1.846,6.395,6.977,12.627,6.395,False,False,False,False
696,8.176,6.986,4.693,11.709,2.838,-4.693,21,8.123,7.235,4.693,9.269,1.846,6.395,6.977,12.627,6.395,False,False,False,False
697,8.110,7.299,4.693,11.709,2.315,-4.693,21,8.123,7.235,4.693,9.269,1.846,6.395,6.977,12.627,6.395,False,False,False,False
698,8.043,7.612,4.693,11.709,2.167,-4.693,21,8.123,7.235,4.693,9.269,1.846,6.395,6.977,12.627,6.395,False,False,False,False
699,7.977,7.924,4.719,11.709,1.982,-4.719,21,8.123,7.235,4.693,9.269,1.846,6.395,6.977,12.627,6.395,False,False,False,False
700,7.910,8.236,4.744,11.709,1.759,-4.744,21,8.123,7.235,4.693,9.269,1.846,6.395,6.977,12.627,6.395,False,False,False,False
701,7.844,8.547,4.784,11.709,1.576,-4.784,21,8.123,7.235,4.693,9.269,1.846,6.395,6.977,12.627,6.395,False,False,False,False
702,7.779,8.856,4.835,11.709,1.445,-4.835,21,8.123,7.235,4.693,9.269,1.846,6.395,6.977,12.627,6.395,False,False,False,False
703,7.713,9.164,4.888,11.709,1.508,-4.888,21,8.123,7.235,4.693,9.269,1.846,6.395,6.977,12.627,6.395,False,False,False,False
704,7.649,9.468,4.965,11.709,1.581,-4.965,21,8.123,7.235,4.693,9.269,1.846,6.395,6.977,12.627,6.395,False,False,False,False
705,7.584,9.773,5.041,11.709,1.617,-5.041,21,8.123,7.235,4.693,9.269,1.846,6.395,6.977,12.627,6.395,False,False,False,False
706,7.520,10.072,5.134,11.709,1.647,-5.134,21,8.123,7.235,4.693,9.269,1.846,6.395,6.977,12.627,6.395,False,False,False,False
707,7.457,10.368,5.234,11.709,1.687,-5.234,21,8.123,7.235,4.693,9.269,1.846,6.395,6.977,12.627,6.395,False,False,False,False
708,7.395,10.663,5.340,11.709,1.773,-5.340,21,8.123,7.235,4.693,9.269,1.846,6.395,6.977,12.627,6.395,False,False,False,False
709,7.333,10.952,5.465,11.709,1.900,-5.465,21,8.123,7.235,4.693,9.269,1.846,6.395,6.977,12.627,6.395,False,False,False,False
710,7.272,11.241,5.591,11.709,2.015,-5.591,21,8.123,7.235,4.693,9.269,1.846,6.395,6.977,12.627,6.395,False,False,False,False
711,7.212,11.521,5.734,11.709,2.134,-5.734,21,8.123,7.235,4.693,9.269,1.846,6.395,6.977,12.627,6.395,False,False,False,False
712,7.153,11.798,5.882,11.709,2.453,-5.882,21,8.123,7.235,4.693,9.269,1.846,6.395,6.977,12.627,6.395,False,False,False,False
713,7.095,12.072,6.038,11.709,2.828,-6.038,21,8.123,7.235,4.693,9.269,1.846,6.395,6.977,12.627,6.395,False,False,False,False
714,7.039,12.337,6.209,11.709,3.279,-6.209,21,8.123,7.235,4.693,9.269,1.846,6.395,6.977,12.627,6.395,False,False,False,False
715,9.643,2.248,6.200,10.192,2.406,-6.200,22,8.721,6.589,4.694,9.696,1.999,6.395,7.745,11.179,6.395,False,False,False,False
716,9.589,2.505,6.000,10.192,2.101,-6.000,22,8.721,6.589,4.694,9.696,1.999,6.395,7.745,11.179,6.395,False,False,False,False
717,9.531,2.778,5.822,10.192,1.789,-5.822,22,8.721,6.589,4.694,9.696,1.999,6.395,7.745,11.179,6.395,False,False,False,False
718,9.472,3.053,5.646,10.192,1.485,-5.646,22,8.721,6.589,4.694,9.696,1.999,6.395,7.745,11.179,6.395,False,False,False,False
719,9.411,3.340,5.494,10.192,1.202,-5.494,22,8.721,6.589,4.694,9.696,1.999,6.395,7.745,11.179,6.395,False,False,False,False
720,9.350,3.630,5.345,10.192,0.930,-5.345,22,8.721,6.589,4.694,9.696,1.999,6.395,7.745,11.179,6.395,False,False,False,False
721,9.286,3.929,5.220,10.192,0.700,-5.220,22,8.721,6.589,4.694,9.696,1.999,6.395,7.745,11.179,6.395,False,False,False,False
722,9.222,4.230,5.099,10.192,0.509,-5.099,22,8.721,6.589,4.694,9.696,1.999,6.395,7.745,11.179,6.395,False,False,False,False
723,9.156,4.539,5.001,10.192,0.381,-5.001,22,8.721,6.589,4.694,9.696,1.999,6.395,7.745,11.179,6.395,False,False,False,False
724,9.090,4.851,4.909,10.192,0.295,-4.909,22,8.721,6.589,4.694,9.696,1.999,6.395,7.745,11.179,6.395,False,False,False,False
725,9.023,5.167,4.839,10.192,0.340,-4.839,22,8.721,6.589,4.694,9.696,1.999,6.395,7.745,11.179,6.395,False,False,False,False
726,8.955,5.485,4.778,10.192,0.561,-4.778,22,8.721,6.589,4.694,9.696,1.999,6.395,7.745,11.179,6.395,False,False,False,False
727,8.887,5.806,4.737,10.192,0.993,-4.737,22,8.721,6.589,4.694,9.696,1.999,6.395,7.745,11.179,6.395,False,False,False,False
728,8.819,6.128,4.706,10.192,1.493,-4.706,22,8.721,6.589,4.694,9.696,1.999,6.395,7.745,11.179,6.395,False,False,False,False
729,8.750,6.451,4.694,10.192,1.876,-4.694,22,8.721,6.589,4.694,9.696,1.999,6.395,7.745,11.179,6.395,False,False,False,False
730,8.681,6.774,4.694,10.192,2.076,-4.694,22,8.721,6.589,4.694,9.696,1.999,6.395,7.745,11.179,6.395,False,False,False,False
731,8.613,7.097,4.710,10.192,2.194,-4.710,22,8.721,6.589,4.694,9.696,1.999,6.395,7.745,11.179,6.395,False,False,False,False
732,8.544,7.419,4.741,10.192,2.169,-4.741,22,8.721,6.589,4.694,9.696,1.999,6.395,7.745,11.179,6.395,False,False,False,False
733,8.476,7.739,4.787,10.192,2.093,-4.787,22,8.721,6.589,4.694,9.696,1.999,6.395,7.745,11.179,6.395,False,False,False,False
734,8.408,8.058,4.848,10.192,1.984,-4.848,22,8.721,6.589,4.694,9.696,1.999,6.395,7.745,11.179,6.395,False,False,False,False
735,8.341,8.373,4.923,10.192,1.855,-4.923,22,8.721,6.589,4.694,9.696,1.999,6.395,7.745,11.179,6.395,False,False,False,False
736,8.275,8.684,5.014,10.192,1.879,-5.014,22,8.721,6.589,4.694,9.696,1.999,6.395,7.745,11.179,6.395,False,False,False,False
737,8.210,8.991,5.116,10.192,2.029,-5.116,22,8.721,6.589,4.694,9.696,1.999,6.395,7.745,11.179,6.395,False,False,False,False
738,8.146,9.293,5.237,10.192,2.209,-5.237,22,8.721,6.589,4.694,9.696,1.999,6.395,7.745,11.179,6.395,False,False,False,False
739,8.083,9.591,5.367,10.192,2.362,-5.367,22,8.721,6.589,4.694,9.696,1.999,6.395,7.745,11.179,6.395,False,False,False,False
740,8.021,9.880,5.516,10.192,2.470,-5.516,22,8.721,6.589,4.694,9.696,1.999,6.395,7.745,11.179,6.395,False,False,False,False
741,7.960,10.165,5.672,10.192,2.539,-5.672,22,8.721,6.589,4.694,9.696,1.999,6.395,7.745,11.179,6.395,False,False,False,False
742,7.902,10.440,5.848,10.192,2.593,-5.848,22,8.721,6.589,4.694,9.696,1.999,6.395,7.745,11.179,6.395,False,False,False,False
743,7.844,10.711,6.029,10.192,2.615,-6.029,22,8.721,6.589,4.694,9.696,1.999,6.395,7.745,11.179,6.395,False,False,False,False
744,10.039,2.551,6.140,11.733,2.120,-6.140,23,8.975,7.555,4.693,10.123,2.154,6.395,7.827,12.959,6.395,False,False,False,False
745,9.981,2.825,5.966,11.733,1.853,-5.966,23,8.975,7.555,4.693,10.123,2.154,6.395,7.827,12.959,6.395,False,False,False,False
746,9.920,3.111,5.814,11.733,1.590,-5.814,23,8.975,7.555,4.693,10.123,2.154,6.395,7.827,12.959,6.395,False,False,False,False
747,9.859,3.397,5.662,11.733,1.339,-5.662,23,8.975,7.555,4.693,10.123,2.154,6.395,7.827,12.959,6.395,False,False,False,False
748,9.797,3.690,5.527,11.733,1.108,-5.527,23,8.975,7.555,4.693,10.123,2.154,6.395,7.827,12.959,6.395,False,False,False,False
749,9.734,3.987,5.399,11.733,0.914,-5.399,23,8.975,7.555,4.693,10.123,2.154,6.395,7.827,12.959,6.395,False,False,False,False
750,9.670,4.287,5.278,11.733,0.759,-5.278,23,8.975,7.555,4.693,10.123,2.154,6.395,7.827,12.959,6.395,False,False,False,False
751,9.605,4.593,5.175,11.733,0.657,-5.175,23,8.975,7.555,4.693,10.123,2.154,6.395,7.827,12.959,6.395,False,False,False,False
752,9.540,4.899,5.071,11.733,0.590,-5.071,23,8.975,7.555,4.693,10.123,2.154,6.395,7.827,12.959,6.395,False,False,False,False
753,9.474,5.211,4.992,11.733,0.589,-4.992,23,8.975,7.555,4.693,10.123,2.154,6.395,7.827,12.959,6.395,False,False,False,False
754,9.407,5.524,4.913,11.733,0.653,-4.913,23,8.975,7.555,4.693,10.123,2.154,6.395,7.827,12.959,6.395,False,False,False,False
755,9.340,5.840,4.850,11.733,0.904,-4.850,23,8.975,7.555,4.693,10.123,2.154,6.395,7.827,12.959,6.395,False,False,False,False
756,9.272,6.158,4.798,11.733,1.248,-4.798,23,8.975,7.555,4.693,10.123,2.154,6.395,7.827,12.959,6.395,False,False,False,False
757,9.204,6.477,4.751,11.733,1.565,-4.751,23,8.975,7.555,4.693,10.123,2.154,6.395,7.827,12.959,6.395,False,False,False,False
758,9.136,6.798,4.724,11.733,1.715,-4.724,23,8.975,7.555,4.693,10.123,2.154,6.395,7.827,12.959,6.395,False,False,False,False
759,9.068,7.120,4.698,11.733,1.794,-4.698,23,8.975,7.555,4.693,10.123,2.154,6.395,7.827,12.959,6.395,False,False,False,False
760,8.999,7.442,4.693,11.733,1.806,-4.693,23,8.975,7.555,4.693,10.123,2.154,6.395,7.827,12.959,6.395,False,False,False,False
761,8.931,7.764,4.693,11.733,1.732,-4.693,23,8.975,7.555,4.693,10.123,2.154,6.395,7.827,12.959,6.395,False,False,False,False
762,8.863,8.085,4.705,11.733,1.626,-4.705,23,8.975,7.555,4.693,10.123,2.154,6.395,7.827,12.959,6.395,False,False,False,False
763,8.794,8.407,4.732,11.733,1.530,-4.732,23,8.975,7.555,4.693,10.123,2.154,6.395,7.827,12.959,6.395,False,False,False,False
764,8.726,8.728,4.760,11.733,1.610,-4.760,23,8.975,7.555,4.693,10.123,2.154,6.395,7.827,12.959,6.395,False,False,False,False
765,8.658,9.046,4.813,11.733,1.829,-4.813,23,8.975,7.555,4.693,10.123,2.154,6.395,7.827,12.959,6.395,False,False,False,False
766,8.591,9.364,4.865,11.733,1.998,-4.865,23,8.975,7.555,4.693,10.123,2.154,6.395,7.827,12.959,6.395,False,False,False,False
767,8.524,9.679,4.936,11.733,2.105,-4.936,23,8.975,7.555,4.693,10.123,2.154,6.395,7.827,12.959,6.395,False,False,False,False
768,8.457,9.992,5.014,11.733,2.160,-5.014,23,8.975,7.555,4.693,10.123,2.154,6.395,7.827,12.959,6.395,False,False,False,False
769,8.391,10.303,5.101,11.733,2.157,-5.101,23,8.975,7.555,4.693,10.123,2.154,6.395,7.827,12.959,6.395,False,False,False,False
770,8.326,10.608,5.205,11.733,2.055,-5.205,23,8.975,7.555,4.693,10.123,2.154,6.395,7.827,12.959,6.395,False,False,False,False
771,8.262,10.913,5.308,11.733,1.956,-5.308,23,8.975,7.555,4.693,10.123,2.154,6.395,7.827,12.959,6.395,False,False,False,False
772,8.198,11.211,5.436,11.733,1.939,-5.436,23,8.975,7.555,4.693,10.123,2.154,6.395,7.827,12.959,6.395,False,False,False,False
773,8.135,11.508,5.564,11.733,2.011,-5.564,23,8.975,7.555,4.693,10.123,2.154,6.395,7.827,12.959,6.395,False,False,False,False
774,8.073,11.799,5.706,11.733,2.092,-5.706,23,8.975,7.555,4.693,10.123,2.154,6.395,7.827,12.959,6.395,False,False,False,False
775,8.012,12.085,5.859,11.733,2.321,-5.859,23,8.975,7.555,4.693,10.123,2.154,6.395,7.827,12.959,6.395,False,False,False,False
776,7.952,12.368,6.016,11.733,2.615,-6.016,23,8.975,7.555,4.693,10.123,2.154,6.395,7.827,12.959,6.395,False,False,False,False
777,7.894,12.641,6.191,11.733,3.173,-6.191,23,8.975,7.555,4.693,10.123,2.154,6.395,7.827,12.959,6.395,False,False,False,False
778,10.494,2.575,6.225,11.780,2.128,-6.225,24,9.397,7.736,4.693,10.550,2.309,6.395,8.243,13.163,6.395,False,False,False,False
779,10.436,2.848,6.051,11.780,1.890,-6.051,24,9.397,7.736,4.693,10.550,2.309,6.395,8.243,13.163,6.395,False,False,False,False
780,10.376,3.129,5.890,11.780,1.627,-5.890,24,9.397,7.736,4.693,10.550,2.309,6.395,8.243,13.163,6.395,False,False,False,False
781,10.315,3.415,5.738,11.780,1.391,-5.738,24,9.397,7.736,4.693,10.550,2.309,6.395,8.243,13.163,6.395,False,False,False,False
782,10.254,3.704,5.592,11.780,1.160,-5.592,24,9.397,7.736,4.693,10.550,2.309,6.395,8.243,13.163,6.395,False,False,False,False
783,10.191,4.001,5.464,11.780,0.997,-5.464,24,9.397,7.736,4.693,10.550,2.309,6.395,8.243,13.163,6.395,False,False,False,False
784,10.128,4.298,5.336,11.780,0.859,-5.336,24,9.397,7.736,4.693,10.550,2.309,6.395,8.243,13.163,6.395,False,False,False,False
785,10.063,4.602,5.228,11.780,0.768,-5.228,24,9.397,7.736,4.693,10.550,2.309,6.395,8.243,13.163,6.395,False,False,False,False
786,9.998,4.908,5.125,11.780,0.705,-5.125,24,9.397,7.736,4.693,10.550,2.309,6.395,8.243,13.163,6.395,False,False,False,False
787,9.932,5.217,5.033,11.780,0.677,-5.033,24,9.397,7.736,4.693,10.550,2.309,6.395,8.243,13.163,6.395,False,False,False,False
788,9.866,5.530,4.955,11.780,0.669,-4.955,24,9.397,7.736,4.693,10.550,2.309,6.395,8.243,13.163,6.395,False,False,False,False
789,9.799,5.843,4.878,11.780,0.715,-4.878,24,9.397,7.736,4.693,10.550,2.309,6.395,8.243,13.163,6.395,False,False,False,False
790,9.732,6.161,4.826,11.780,0.913,-4.826,24,9.397,7.736,4.693,10.550,2.309,6.395,8.243,13.163,6.395,False,False,False,False
791,9.664,6.480,4.774,11.780,1.135,-4.774,24,9.397,7.736,4.693,10.550,2.309,6.395,8.243,13.163,6.395,False,False,False,False
792,9.596,6.800,4.739,11.780,1.285,-4.739,24,9.397,7.736,4.693,10.550,2.309,6.395,8.243,13.163,6.395,False,False,False,False
793,9.528,7.121,4.712,11.780,1.365,-4.712,24,9.397,7.736,4.693,10.550,2.309,6.395,8.243,13.163,6.395,False,False,False,False
794,9.459,7.443,4.693,11.780,1.385,-4.693,24,9.397,7.736,4.693,10.550,2.309,6.395,8.243,13.163,6.395,False,False,False,False
795,9.391,7.765,4.693,11.780,1.342,-4.693,24,9.397,7.736,4.693,10.550,2.309,6.395,8.243,13.163,6.395,False,False,False,False
796,9.322,8.087,4.693,11.780,1.252,-4.693,24,9.397,7.736,4.693,10.550,2.309,6.395,8.243,13.163,6.395,False,False,False,False
797,9.254,8.408,4.717,11.780,1.173,-4.717,24,9.397,7.736,4.693,10.550,2.309,6.395,8.243,13.163,6.395,False,False,False,False
798,9.186,8.729,4.743,11.780,1.406,-4.743,24,9.397,7.736,4.693,10.550,2.309,6.395,8.243,13.163,6.395,False,False,False,False
799,9.118,9.049,4.783,11.780,1.703,-4.783,24,9.397,7.736,4.693,10.550,2.309,6.395,8.243,13.163,6.395,False,False,False,False
800,9.050,9.367,4.835,11.780,1.964,-4.835,24,9.397,7.736,4.693,10.550,2.309,6.395,8.243,13.163,6.395,False,False,False,False
801,8.983,9.685,4.891,11.780,2.083,-4.891,24,9.397,7.736,4.693,10.550,2.309,6.395,8.243,13.163,6.395,False,False,False,False
802,8.916,9.998,4.969,11.780,2.153,-4.969,24,9.397,7.736,4.693,10.550,2.309,6.395,8.243,13.163,6.395,False,False,False,False
803,8.850,10.311,5.047,11.780,2.154,-5.047,24,9.397,7.736,4.693,10.550,2.309,6.395,8.243,13.163,6.395,False,False,False,False
804,8.784,10.619,5.143,11.780,2.059,-5.143,24,9.397,7.736,4.693,10.550,2.309,6.395,8.243,13.163,6.395,False,False,False,False
805,8.719,10.924,5.246,11.780,1.936,-5.246,24,9.397,7.736,4.693,10.550,2.309,6.395,8.243,13.163,6.395,False,False,False,False
806,8.655,11.227,5.358,11.780,1.855,-5.358,24,9.397,7.736,4.693,10.550,2.309,6.395,8.243,13.163,6.395,False,False,False,False
807,8.592,11.524,5.486,11.780,1.910,-5.486,24,9.397,7.736,4.693,10.550,2.309,6.395,8.243,13.163,6.395,False,False,False,False
808,8.528,11.822,5.614,11.780,2.017,-5.614,24,9.397,7.736,4.693,10.550,2.309,6.395,8.243,13.163,6.395,False,False,False,False
809,8.468,12.109,5.765,11.780,2.147,-5.765,24,9.397,7.736,4.693,10.550,2.309,6.395,8.243,13.163,6.395,False,False,False,False
810,8.407,12.395,5.917,11.780,2.331,-5.917,24,9.397,7.736,4.693,10.550,2.309,6.395,8.243,13.163,6.395,False,False,False,False
811,8.347,12.674,6.082,11.780,2.804,-6.082,24,9.397,7.736,4.693,10.550,2.309,6.395,8.243,13.163,6.395,False,False,False,False
812,10.892,2.866,6.142,11.827,1.976,-6.142,25,9.819,7.917,4.693,10.977,2.467,6.395,8.660,13.369,6.395,False,False,False,False
813,10.836,3.132,5.974,11.827,1.733,-5.974,25,9.819,7.917,4.693,10.977,2.467,6.395,8.660,13.369,6.395,False,False,False,False
814,10.776,3.410,5.827,11.827,1.496,-5.827,25,9.819,7.917,4.693,10.977,2.467,6.395,8.660,13.369,6.395,False,False,False,False
815,10.717,3.689,5.680,11.827,1.266,-5.680,25,9.819,7.917,4.693,10.977,2.467,6.395,8.660,13.369,6.395,False,False,False,False
816,10.657,3.973,5.547,11.827,1.092,-5.547,25,9.819,7.917,4.693,10.977,2.467,6.395,8.660,13.369,6.395,False,False,False,False
817,10.596,4.261,5.423,11.827,0.953,-5.423,25,9.819,7.917,4.693,10.977,2.467,6.395,8.660,13.369,6.395,False,False,False,False
818,10.534,4.551,5.302,11.827,0.841,-5.302,25,9.819,7.917,4.693,10.977,2.467,6.395,8.660,13.369,6.395,False,False,False,False
819,10.471,4.848,5.202,11.827,0.776,-5.202,25,9.819,7.917,4.693,10.977,2.467,6.395,8.660,13.369,6.395,False,False,False,False
820,10.408,5.146,5.102,11.827,0.731,-5.102,25,9.819,7.917,4.693,10.977,2.467,6.395,8.660,13.369,6.395,False,False,False,False
821,10.343,5.448,5.018,11.827,0.705,-5.018,25,9.819,7.917,4.693,10.977,2.467,6.395,8.660,13.369,6.395,False,False,False,False
822,10.279,5.752,4.943,11.827,0.698,-4.943,25,9.819,7.917,4.693,10.977,2.467,6.395,8.660,13.369,6.395,False,False,False,False
823,10.214,6.057,4.872,11.827,0.733,-4.872,25,9.819,7.917,4.693,10.977,2.467,6.395,8.660,13.369,6.395,False,False,False,False
824,10.148,6.366,4.821,11.827,0.839,-4.821,25,9.819,7.917,4.693,10.977,2.467,6.395,8.660,13.369,6.395,False,False,False,False
825,10.083,6.675,4.770,11.827,0.919,-4.770,25,9.819,7.917,4.693,10.977,2.467,6.395,8.660,13.369,6.395,False,False,False,False
826,10.016,6.986,4.738,11.827,0.962,-4.738,25,9.819,7.917,4.693,10.977,2.467,6.395,8.660,13.369,6.395,False,False,False,False
827,9.950,7.299,4.712,11.827,0.951,-4.712,25,9.819,7.917,4.693,10.977,2.467,6.395,8.660,13.369,6.395,False,False,False,False
828,9.884,7.611,4.693,11.827,0.881,-4.693,25,9.819,7.917,4.693,10.977,2.467,6.395,8.660,13.369,6.395,False,False,False,False
829,9.817,7.923,4.693,11.827,0.791,-4.693,25,9.819,7.917,4.693,10.977,2.467,6.395,8.660,13.369,6.395,False,False,False,False
830,9.751,8.236,4.693,11.827,0.693,-4.693,25,9.819,7.917,4.693,10.977,2.467,6.395,8.660,13.369,6.395,False,False,False,False
831,9.684,8.549,4.713,11.827,0.755,-4.713,25,9.819,7.917,4.693,10.977,2.467,6.395,8.660,13.369,6.395,False,False,False,False
832,9.618,8.861,4.739,11.827,0.964,-4.739,25,9.819,7.917,4.693,10.977,2.467,6.395,8.660,13.369,6.395,False,False,False,False
833,9.552,9.172,4.772,11.827,1.500,-4.772,25,9.819,7.917,4.693,10.977,2.467,6.395,8.660,13.369,6.395,False,False,False,False
834,9.486,9.481,4.823,11.827,1.765,-4.823,25,9.819,7.917,4.693,10.977,2.467,6.395,8.660,13.369,6.395,False,False,False,False
835,9.420,9.790,4.873,11.827,1.956,-4.873,25,9.819,7.917,4.693,10.977,2.467,6.395,8.660,13.369,6.395,False,False,False,False
836,9.356,10.095,4.945,11.827,2.023,-4.945,25,9.819,7.917,4.693,10.977,2.467,6.395,8.660,13.369,6.395,False,False,False,False
837,9.291,10.400,5.021,11.827,2.022,-5.021,25,9.819,7.917,4.693,10.977,2.467,6.395,8.660,13.369,6.395,False,False,False,False
838,9.227,10.701,5.106,11.827,1.923,-5.106,25,9.819,7.917,4.693,10.977,2.467,6.395,8.660,13.369,6.395,False,False,False,False
839,9.164,10.998,5.206,11.827,1.779,-5.206,25,9.819,7.917,4.693,10.977,2.467,6.395,8.660,13.369,6.395,False,False,False,False
840,9.101,11.295,5.305,11.827,1.705,-5.305,25,9.819,7.917,4.693,10.977,2.467,6.395,8.660,13.369,6.395,False,False,False,False
841,9.039,11.584,5.428,11.827,1.749,-5.428,25,9.819,7.917,4.693,10.977,2.467,6.395,8.660,13.369,6.395,False,False,False,False
842,8.978,11.873,5.551,11.827,1.887,-5.551,25,9.819,7.917,4.693,10.977,2.467,6.395,8.660,13.369,6.395,False,False,False,False
843,8.917,12.158,5.686,11.827,2.018,-5.686,25,9.819,7.917,4.693,10.977,2.467,6.395,8.660,13.369,6.395,False,False,False,False
844,8.858,12.436,5.833,11.827,2.177,-5.833,25,9.819,7.917,4.693,10.977,2.467,6.395,8.660,13.369,6.395,False,False,False,False
845,8.799,12.715,5.980,11.827,2.498,-5.980,25,9.819,7.917,4.693,10.977,2.467,6.395,8.660,13.369,6.395,False,False,False,False
846,8.742,12.980,6.148,11.827,3.097,-6.148,25,9.819,7.917,4.693,10.977,2.467,6.395,8.660,13.369,6.395,False,False,False,False
847,11.346,2.893,6.226,11.871,2.011,-6.226,26,10.240,8.100,4.693,11.403,2.627,6.395,9.076,13.574,6.395,False,False,False,False
848,11.290,3.159,6.058,11.871,1.759,-6.058,26,10.240,8.100,4.693,11.403,2.627,6.395,9.076,13.574,6.395,False,False,False,False
849,11.232,3.432,5.902,11.871,1.503,-5.902,26,10.240,8.100,4.693,11.403,2.627,6.395,9.076,13.574,6.395,False,False,False,False
850,11.173,3.710,5.756,11.871,1.237,-5.756,26,10.240,8.100,4.693,11.403,2.627,6.395,9.076,13.574,6.395,False,False,False,False
851,11.113,3.989,5.611,11.871,1.040,-5.611,26,10.240,8.100,4.693,11.403,2.627,6.395,9.076,13.574,6.395,False,False,False,False
852,11.052,4.278,5.488,11.871,0.890,-5.488,26,10.240,8.100,4.693,11.403,2.627,6.395,9.076,13.574,6.395,False,False,False,False
853,10.991,4.567,5.364,11.871,0.782,-5.364,26,10.240,8.100,4.693,11.403,2.627,6.395,9.076,13.574,6.395,False,False,False,False
854,10.928,4.861,5.255,11.871,0.713,-5.255,26,10.240,8.100,4.693,11.403,2.627,6.395,9.076,13.574,6.395,False,False,False,False
855,10.865,5.158,5.155,11.871,0.667,-5.155,26,10.240,8.100,4.693,11.403,2.627,6.395,9.076,13.574,6.395,False,False,False,False
856,10.802,5.457,5.059,11.871,0.637,-5.059,26,10.240,8.100,4.693,11.403,2.627,6.395,9.076,13.574,6.395,False,False,False,False
857,10.737,5.761,4.983,11.871,0.636,-4.983,26,10.240,8.100,4.693,11.403,2.627,6.395,9.076,13.574,6.395,False,False,False,False
858,10.672,6.065,4.908,11.871,0.662,-4.908,26,10.240,8.100,4.693,11.403,2.627,6.395,9.076,13.574,6.395,False,False,False,False
859,10.607,6.372,4.849,11.871,0.757,-4.849,26,10.240,8.100,4.693,11.403,2.627,6.395,9.076,13.574,6.395,False,False,False,False
860,10.541,6.681,4.798,11.871,0.831,-4.798,26,10.240,8.100,4.693,11.403,2.627,6.395,9.076,13.574,6.395,False,False,False,False
861,10.475,6.991,4.752,11.871,0.837,-4.752,26,10.240,8.100,4.693,11.403,2.627,6.395,9.076,13.574,6.395,False,False,False,False
862,10.409,7.303,4.727,11.871,0.787,-4.727,26,10.240,8.100,4.693,11.403,2.627,6.395,9.076,13.574,6.395,False,False,False,False
863,10.343,7.615,4.701,11.871,0.656,-4.701,26,10.240,8.100,4.693,11.403,2.627,6.395,9.076,13.574,6.395,False,False,False,False
864,10.276,7.928,4.693,11.871,0.512,-4.693,26,10.240,8.100,4.693,11.403,2.627,6.395,9.076,13.574,6.395,False,False,False,False
865,10.210,8.241,4.693,11.871,0.425,-4.693,26,10.240,8.100,4.693,11.403,2.627,6.395,9.076,13.574,6.395,False,False,False,False
866,10.143,8.554,4.699,11.871,0.396,-4.699,26,10.240,8.100,4.693,11.403,2.627,6.395,9.076,13.574,6.395,False,False,False,False
867,10.077,8.866,4.724,11.871,0.538,-4.724,26,10.240,8.100,4.693,11.403,2.627,6.395,9.076,13.574,6.395,False,False,False,False
868,10.010,9.179,4.749,11.871,0.850,-4.749,26,10.240,8.100,4.693,11.403,2.627,6.395,9.076,13.574,6.395,False,False,False,False
869,9.945,9.489,4.793,11.871,1.300,-4.793,26,10.240,8.100,4.693,11.403,2.627,6.395,9.076,13.574,6.395,False,False,False,False
870,9.879,9.798,4.844,11.871,1.549,-4.844,26,10.240,8.100,4.693,11.403,2.627,6.395,9.076,13.574,6.395,False,False,False,False
871,9.813,10.105,4.901,11.871,1.686,-4.901,26,10.240,8.100,4.693,11.403,2.627,6.395,9.076,13.574,6.395,False,False,False,False
872,9.749,10.410,4.976,11.871,1.720,-4.976,26,10.240,8.100,4.693,11.403,2.627,6.395,9.076,13.574,6.395,False,False,False,False
873,9.684,10.714,5.051,11.871,1.651,-5.051,26,10.240,8.100,4.693,11.403,2.627,6.395,9.076,13.574,6.395,False,False,False,False
874,9.621,11.013,5.146,11.871,1.518,-5.146,26,10.240,8.100,4.693,11.403,2.627,6.395,9.076,13.574,6.395,False,False,False,False
875,9.557,11.310,5.245,11.871,1.450,-5.245,26,10.240,8.100,4.693,11.403,2.627,6.395,9.076,13.574,6.395,False,False,False,False
876,9.495,11.604,5.352,11.871,1.476,-5.352,26,10.240,8.100,4.693,11.403,2.627,6.395,9.076,13.574,6.395,False,False,False,False
877,9.433,11.893,5.475,11.871,1.643,-5.475,26,10.240,8.100,4.693,11.403,2.627,6.395,9.076,13.574,6.395,False,False,False,False
878,9.372,12.183,5.599,11.871,1.834,-5.599,26,10.240,8.100,4.693,11.403,2.627,6.395,9.076,13.574,6.395,False,False,False,False
879,9.312,12.463,5.741,11.871,2.023,-5.741,26,10.240,8.100,4.693,11.403,2.627,6.395,9.076,13.574,6.395,False,False,False,False
880,9.253,12.742,5.888,11.871,2.268,-5.888,26,10.240,8.100,4.693,11.403,2.627,6.395,9.076,13.574,6.395,False,False,False,False
881,9.195,13.016,6.042,11.871,2.706,-6.042,26,10.240,8.100,4.693,11.403,2.627,6.395,9.076,13.574,6.395,False,False,False,False
882,9.138,13.282,6.210,11.871,3.251,-6.210,26,10.240,8.100,4.693,11.403,2.627,6.395,9.076,13.574,6.395,False,False,False,False
883,11.744,3.189,6.143,11.913,1.801,-6.143,27,10.661,8.284,4.693,11.829,2.789,6.395,9.492,13.780,6.395,False,False,False,False
884,11.685,3.464,5.972,11.913,1.476,-5.972,27,10.661,8.284,4.693,11.829,2.789,6.395,9.492,13.780,6.395,False,False,False,False
885,11.624,3.751,5.822,11.913,1.175,-5.822,27,10.661,8.284,4.693,11.829,2.789,6.395,9.492,13.780,6.395,False,False,False,False
886,11.563,4.038,5.672,11.913,0.922,-5.672,27,10.661,8.284,4.693,11.829,2.789,6.395,9.492,13.780,6.395,False,False,False,False
887,11.501,4.331,5.537,11.913,0.716,-5.537,27,10.661,8.284,4.693,11.829,2.789,6.395,9.492,13.780,6.395,False,False,False,False
888,11.438,4.629,5.411,11.913,0.582,-5.411,27,10.661,8.284,4.693,11.829,2.789,6.395,9.492,13.780,6.395,False,False,False,False
889,11.374,4.928,5.290,11.913,0.493,-5.290,27,10.661,8.284,4.693,11.829,2.789,6.395,9.492,13.780,6.395,False,False,False,False
890,11.309,5.235,5.188,11.913,0.460,-5.188,27,10.661,8.284,4.693,11.829,2.789,6.395,9.492,13.780,6.395,False,False,False,False
891,11.244,5.541,5.086,11.913,0.430,-5.086,27,10.661,8.284,4.693,11.829,2.789,6.395,9.492,13.780,6.395,False,False,False,False
892,11.177,5.853,5.004,11.913,0.435,-5.004,27,10.661,8.284,4.693,11.829,2.789,6.395,9.492,13.780,6.395,False,False,False,False
893,11.111,6.166,4.927,11.913,0.455,-4.927,27,10.661,8.284,4.693,11.829,2.789,6.395,9.492,13.780,6.395,False,False,False,False
894,11.044,6.482,4.860,11.913,0.542,-4.860,27,10.661,8.284,4.693,11.829,2.789,6.395,9.492,13.780,6.395,False,False,False,False
895,10.976,6.800,4.808,11.913,0.654,-4.808,27,10.661,8.284,4.693,11.829,2.789,6.395,9.492,13.780,6.395,False,False,False,False
896,10.908,7.118,4.756,11.913,0.689,-4.756,27,10.661,8.284,4.693,11.829,2.789,6.395,9.492,13.780,6.395,False,False,False,False
897,10.840,7.440,4.730,11.913,0.598,-4.730,27,10.661,8.284,4.693,11.829,2.789,6.395,9.492,13.780,6.395,False,False,False,False
898,10.772,7.761,4.704,11.913,0.405,-4.704,27,10.661,8.284,4.693,11.829,2.789,6.395,9.492,13.780,6.395,False,False,False,False
899,10.703,8.083,4.693,11.913,0.227,-4.693,27,10.661,8.284,4.693,11.829,2.789,6.395,9.492,13.780,6.395,False,False,False,False
900,10.635,8.406,4.693,11.913,0.098,-4.693,27,10.661,8.284,4.693,11.829,2.789,6.395,9.492,13.780,6.395,False,False,False,False
901,10.566,8.728,4.698,11.913,0.163,-4.698,27,10.661,8.284,4.693,11.829,2.789,6.395,9.492,13.780,6.395,False,False,False,False
902,10.498,9.049,4.724,11.913,0.316,-4.724,27,10.661,8.284,4.693,11.829,2.789,6.395,9.492,13.780,6.395,False,False,False,False
903,10.430,9.371,4.750,11.913,0.602,-4.750,27,10.661,8.284,4.693,11.829,2.789,6.395,9.492,13.780,6.395,False,False,False,False
904,10.362,9.689,4.795,11.913,0.892,-4.795,27,10.661,8.284,4.693,11.829,2.789,6.395,9.492,13.780,6.395,False,False,False,False
905,10.294,10.007,4.847,11.913,1.161,-4.847,27,10.661,8.284,4.693,11.829,2.789,6.395,9.492,13.780,6.395,False,False,False,False
906,10.227,10.324,4.907,11.913,1.245,-4.907,27,10.661,8.284,4.693,11.829,2.789,6.395,9.492,13.780,6.395,False,False,False,False
907,10.160,10.637,4.985,11.913,1.226,-4.985,27,10.661,8.284,4.693,11.829,2.789,6.395,9.492,13.780,6.395,False,False,False,False
908,10.094,10.951,5.062,11.913,1.126,-5.062,27,10.661,8.284,4.693,11.829,2.789,6.395,9.492,13.780,6.395,False,False,False,False
909,10.029,11.257,5.162,11.913,1.059,-5.162,27,10.661,8.284,4.693,11.829,2.789,6.395,9.492,13.780,6.395,False,False,False,False
910,9.964,11.563,5.264,11.913,1.054,-5.264,27,10.661,8.284,4.693,11.829,2.789,6.395,9.492,13.780,6.395,False,False,False,False
911,9.900,11.865,5.379,11.913,1.221,-5.379,27,10.661,8.284,4.693,11.829,2.789,6.395,9.492,13.780,6.395,False,False,False,False
912,9.836,12.162,5.505,11.913,1.488,-5.505,27,10.661,8.284,4.693,11.829,2.789,6.395,9.492,13.780,6.395,False,False,False,False
913,9.773,12.459,5.634,11.913,1.766,-5.634,27,10.661,8.284,4.693,11.829,2.789,6.395,9.492,13.780,6.395,False,False,False,False
914,9.712,12.746,5.784,11.913,2.051,-5.784,27,10.661,8.284,4.693,11.829,2.789,6.395,9.492,13.780,6.395,False,False,False,False
915,9.651,13.033,5.934,11.913,2.342,-5.934,27,10.661,8.284,4.693,11.829,2.789,6.395,9.492,13.780,6.395,False,False,False,False
916,9.592,13.311,6.100,11.913,2.945,-6.100,27,10.661,8.284,4.693,11.829,2.789,6.395,9.492,13.780,6.395,False,False,False,False
917,0.000,0.000,0.000,0.000,0.000,0.000,0,0.000,0.000,0.000,0.000,0.000,0.000,0.000,0.000,0.000,False,False,True,False
918,1.000,0.000,0.000,0.000,0.000,0.000,0,0.000,0.000,0.000,0.000,0.000,0.000,0.000,0.000,0.000,False,True,False,False
919,0.000,0.000,1.000,0.000,0.000,0.000,0,0.000,0.000,0.000,0.000,0.000,0.000,0.000,0.000,0.000,True,False,False,False
920,0.000,1.000,0.000,0.000,0.000,0.000,0,0.000,0.000,0.000,0.000,0.000,0.000,0.000,0.000,0.000,False,False,False,True
