index,position_x,position_y,position_z,Caten-length_walltowall,Bulbcablelength(M),CatenToFloor,LineID,cat_sagcenter_pt_x,cat_sagcenter_pt_y,cat_sagcenter_pt_z,cat_endpoint1_x,cat_endpoint1_y,cat_endpoint1_z,cat_endpoint2_x,cat_endpoint2_y,cat_endpoint2_z,AmI_0axis_Indicator,AmI_Yaxis_indicator,AmI_Xaxis_indicator,AmI_Zaxis_indicator
0,-0.014,0.066,6.221,11.472,2.731,-2.731,0,-1.077,5.069,4.693,0.042,-0.197,6.395,-2.197,10.336,6.395,False,False,False,False
1,-0.070,0.329,6.047,11.472,2.196,-2.196,0,-1.077,5.069,4.693,0.042,-0.197,6.395,-2.197,10.336,6.395,False,False,False,False
2,-0.127,0.600,5.887,11.472,1.665,-1.665,0,-1.077,5.069,4.693,0.042,-0.197,6.395,-2.197,10.336,6.395,False,False,False,False
3,-0.186,0.875,5.736,11.472,1.177,-1.177,0,-1.077,5.069,4.693,0.042,-0.197,6.395,-2.197,10.336,6.395,False,False,False,False
4,-0.245,1.154,5.590,11.472,0.878,-0.878,0,-1.077,5.069,4.693,0.042,-0.197,6.395,-2.197,10.336,6.395,False,False,False,False
5,-0.306,1.441,5.463,11.472,0.758,-0.758,0,-1.077,5.069,4.693,0.042,-0.197,6.395,-2.197,10.336,6.395,False,False,False,False
6,-0.367,1.728,5.335,11.472,0.789,-0.789,0,-1.077,5.069,4.693,0.042,-0.197,6.395,-2.197,10.336,6.395,False,False,False,False
7,-0.430,2.023,5.228,11.472,0.940,-0.940,0,-1.077,5.069,4.693,0.042,-0.197,6.395,-2.197,10.336,6.395,False,False,False,False
8,-0.493,2.319,5.125,11.472,1.217,-1.217,0,-1.077,5.069,4.693,0.042,-0.197,6.395,-2.197,10.336,6.395,False,False,False,False
9,-0.557,2.619,5.033,11.472,1.611,-1.611,0,-1.077,5.069,4.693,0.042,-0.197,6.395,-2.197,10.336,6.395,False,False,False,False
10,-0.621,2.922,4.955,11.472,1.877,-1.877,0,-1.077,5.069,4.693,0.042,-0.197,6.395,-2.197,10.336,6.395,False,False,False,False
11,-0.686,3.226,4.878,11.472,1.841,-1.841,0,-1.077,5.069,4.693,0.042,-0.197,6.395,-2.197,10.336,6.395,False,False,False,False
12,-0.751,3.535,4.826,11.472,1.686,-1.686,0,-1.077,5.069,4.693,0.042,-0.197,6.395,-2.197,10.336,6.395,False,False,False,False
13,-0.817,3.844,4.774,11.472,1.428,-1.428,0,-1.077,5.069,4.693,0.042,-0.197,6.395,-2.197,10.336,6.395,False,False,False,False
14,-0.883,4.155,4.739,11.472,1.147,-1.147,0,-1.077,5.069,4.693,0.042,-0.197,6.395,-2.197,10.336,6.395,False,False,False,False
15,-0.949,4.467,4.713,11.472,0.989,-0.989,0,-1.077,5.069,4.693,0.042,-0.197,6.395,-2.197,10.336,6.395,False,False,False,False
16,-1.016,4.779,4.693,11.472,0.895,-0.895,0,-1.077,5.069,4.693,0.042,-0.197,6.395,-2.197,10.336,6.395,False,False,False,False
17,-1.082,5.093,4.693,11.472,0.733,-0.733,0,-1.077,5.069,4.693,0.042,-0.197,6.395,-2.197,10.336,6.395,False,False,False,False
18,-1.149,5.406,4.693,11.472,0.501,-0.501,0,-1.077,5.069,4.693,0.042,-0.197,6.395,-2.197,10.336,6.395,False,False,False,False
19,-1.215,5.718,4.717,11.472,0.303,-0.303,0,-1.077,5.069,4.693,0.042,-0.197,6.395,-2.197,10.336,6.395,False,False,False,False
20,-1.282,6.030,4.743,11.472,0.157,-0.157,0,-1.077,5.069,4.693,0.042,-0.197,6.395,-2.197,10.336,6.395,False,False,False,False
21,-1.348,6.341,4.782,11.472,0.103,-0.103,0,-1.077,5.069,4.693,0.042,-0.197,6.395,-2.197,10.336,6.395,False,False,False,False
22,-1.413,6.650,4.834,11.472,0.123,-0.123,0,-1.077,5.069,4.693,0.042,-0.197,6.395,-2.197,10.336,6.395,False,False,False,False
23,-1.479,6.958,4.889,11.472,0.194,-0.194,0,-1.077,5.069,4.693,0.042,-0.197,6.395,-2.197,10.336,6.395,False,False,False,False
24,-1.544,7.262,4.967,11.472,0.341,-0.341,0,-1.077,5.069,4.693,0.042,-0.197,6.395,-2.197,10.336,6.395,False,False,False,False
25,-1.608,7.566,5.045,11.472,0.528,-0.528,0,-1.077,5.069,4.693,0.042,-0.197,6.395,-2.197,10.336,6.395,False,False,False,False
26,-1.672,7.864,5.140,11.472,0.774,-0.774,0,-1.077,5.069,4.693,0.042,-0.197,6.395,-2.197,10.336,6.395,False,False,False,False
27,-1.735,8.160,5.243,11.472,1.063,-1.063,0,-1.077,5.069,4.693,0.042,-0.197,6.395,-2.197,10.336,6.395,False,False,False,False
28,-1.797,8.454,5.354,11.472,1.388,-1.388,0,-1.077,5.069,4.693,0.042,-0.197,6.395,-2.197,10.336,6.395,False,False,False,False
29,-1.858,8.741,5.482,11.472,1.745,-1.745,0,-1.077,5.069,4.693,0.042,-0.197,6.395,-2.197,10.336,6.395,False,False,False,False
30,-1.919,9.029,5.610,11.472,2.098,-2.098,0,-1.077,5.069,4.693,0.042,-0.197,6.395,-2.197,10.336,6.395,False,False,False,False
31,-1.978,9.305,5.759,11.472,2.451,-2.451,0,-1.077,5.069,4.693,0.042,-0.197,6.395,-2.197,10.336,6.395,False,False,False,False
32,-2.037,9.581,5.910,11.472,2.789,-2.789,0,-1.077,5.069,4.693,0.042,-0.197,6.395,-2.197,10.336,6.395,False,False,False,False
33,-2.094,9.850,6.073,11.472,3.115,-3.115,0,-1.077,5.069,4.693,0.042,-0.197,6.395,-2.197,10.336,6.395,False,False,False,False
34,0.440,0.093,6.222,11.512,2.747,-2.747,1,-0.627,5.116,4.693,0.496,-0.171,6.395,-1.751,10.404,6.395,False,False,False,False
35,0.384,0.356,6.048,11.512,2.282,-2.282,1,-0.627,5.116,4.693,0.496,-0.171,6.395,-1.751,10.404,6.395,False,False,False,False
36,0.327,0.627,5.889,11.512,1.831,-1.831,1,-0.627,5.116,4.693,0.496,-0.171,6.395,-1.751,10.404,6.395,False,False,False,False
37,0.268,0.903,5.738,11.512,1.424,-1.424,1,-0.627,5.116,4.693,0.496,-0.171,6.395,-1.751,10.404,6.395,False,False,False,False
38,0.209,1.182,5.592,11.512,1.152,-1.152,1,-0.627,5.116,4.693,0.496,-0.171,6.395,-1.751,10.404,6.395,False,False,False,False
39,0.148,1.469,5.465,11.512,1.073,-1.073,1,-0.627,5.116,4.693,0.496,-0.171,6.395,-1.751,10.404,6.395,False,False,False,False
40,0.087,1.756,5.338,11.512,1.163,-1.163,1,-0.627,5.116,4.693,0.496,-0.171,6.395,-1.751,10.404,6.395,False,False,False,False
41,0.024,2.051,5.231,11.512,1.323,-1.323,1,-0.627,5.116,4.693,0.496,-0.171,6.395,-1.751,10.404,6.395,False,False,False,False
42,-0.039,2.347,5.128,11.512,1.567,-1.567,1,-0.627,5.116,4.693,0.496,-0.171,6.395,-1.751,10.404,6.395,False,False,False,False
43,-0.103,2.647,5.036,11.512,1.876,-1.876,1,-0.627,5.116,4.693,0.496,-0.171,6.395,-1.751,10.404,6.395,False,False,False,False
44,-0.167,2.950,4.958,11.512,2.068,-2.068,1,-0.627,5.116,4.693,0.496,-0.171,6.395,-1.751,10.404,6.395,False,False,False,False
45,-0.232,3.254,4.881,11.512,2.000,-2.000,1,-0.627,5.116,4.693,0.496,-0.171,6.395,-1.751,10.404,6.395,False,False,False,False
46,-0.297,3.563,4.829,11.512,1.840,-1.840,1,-0.627,5.116,4.693,0.496,-0.171,6.395,-1.751,10.404,6.395,False,False,False,False
47,-0.363,3.872,4.777,11.512,1.570,-1.570,1,-0.627,5.116,4.693,0.496,-0.171,6.395,-1.751,10.404,6.395,False,False,False,False
48,-0.429,4.183,4.740,11.512,1.262,-1.262,1,-0.627,5.116,4.693,0.496,-0.171,6.395,-1.751,10.404,6.395,False,False,False,False
49,-0.495,4.495,4.714,11.512,1.052,-1.052,1,-0.627,5.116,4.693,0.496,-0.171,6.395,-1.751,10.404,6.395,False,False,False,False
50,-0.562,4.807,4.693,11.512,0.947,-0.947,1,-0.627,5.116,4.693,0.496,-0.171,6.395,-1.751,10.404,6.395,False,False,False,False
51,-0.628,5.120,4.693,11.512,0.815,-0.815,1,-0.627,5.116,4.693,0.496,-0.171,6.395,-1.751,10.404,6.395,False,False,False,False
52,-0.695,5.434,4.693,11.512,0.578,-0.578,1,-0.627,5.116,4.693,0.496,-0.171,6.395,-1.751,10.404,6.395,False,False,False,False
53,-0.761,5.746,4.715,11.512,0.348,-0.348,1,-0.627,5.116,4.693,0.496,-0.171,6.395,-1.751,10.404,6.395,False,False,False,False
54,-0.828,6.058,4.741,11.512,0.178,-0.178,1,-0.627,5.116,4.693,0.496,-0.171,6.395,-1.751,10.404,6.395,False,False,False,False
55,-0.894,6.369,4.778,11.512,0.089,-0.089,1,-0.627,5.116,4.693,0.496,-0.171,6.395,-1.751,10.404,6.395,False,False,False,False
56,-0.959,6.678,4.830,11.512,0.089,-0.089,1,-0.627,5.116,4.693,0.496,-0.171,6.395,-1.751,10.404,6.395,False,False,False,False
57,-1.025,6.987,4.882,11.512,0.149,-0.149,1,-0.627,5.116,4.693,0.496,-0.171,6.395,-1.751,10.404,6.395,False,False,False,False
58,-1.090,7.291,4.960,11.512,0.283,-0.283,1,-0.627,5.116,4.693,0.496,-0.171,6.395,-1.751,10.404,6.395,False,False,False,False
59,-1.154,7.595,5.038,11.512,0.422,-0.422,1,-0.627,5.116,4.693,0.496,-0.171,6.395,-1.751,10.404,6.395,False,False,False,False
60,-1.218,7.894,5.131,11.512,0.641,-0.641,1,-0.627,5.116,4.693,0.496,-0.171,6.395,-1.751,10.404,6.395,False,False,False,False
61,-1.281,8.190,5.233,11.512,0.921,-0.921,1,-0.627,5.116,4.693,0.496,-0.171,6.395,-1.751,10.404,6.395,False,False,False,False
62,-1.343,8.484,5.341,11.512,1.241,-1.241,1,-0.627,5.116,4.693,0.496,-0.171,6.395,-1.751,10.404,6.395,False,False,False,False
63,-1.405,8.772,5.469,11.512,1.602,-1.602,1,-0.627,5.116,4.693,0.496,-0.171,6.395,-1.751,10.404,6.395,False,False,False,False
64,-1.466,9.060,5.596,11.512,1.967,-1.967,1,-0.627,5.116,4.693,0.496,-0.171,6.395,-1.751,10.404,6.395,False,False,False,False
65,-1.525,9.338,5.742,11.512,2.327,-2.327,1,-0.627,5.116,4.693,0.496,-0.171,6.395,-1.751,10.404,6.395,False,False,False,False
66,-1.583,9.614,5.893,11.512,2.666,-2.666,1,-0.627,5.116,4.693,0.496,-0.171,6.395,-1.751,10.404,6.395,False,False,False,False
67,-1.641,9.884,6.053,11.512,3.051,-3.051,1,-0.627,5.116,4.693,0.496,-0.171,6.395,-1.751,10.404,6.395,False,False,False,False
68,0.895,0.120,6.222,11.553,2.679,-2.679,2,-0.178,5.165,4.693,0.951,-0.144,6.395,-1.306,10.475,6.395,False,False,False,False
69,0.839,0.383,6.050,11.553,2.319,-2.319,2,-0.178,5.165,4.693,0.951,-0.144,6.395,-1.306,10.475,6.395,False,False,False,False
70,0.781,0.655,5.890,11.553,1.948,-1.948,2,-0.178,5.165,4.693,0.951,-0.144,6.395,-1.306,10.475,6.395,False,False,False,False
71,0.722,0.931,5.740,11.553,1.603,-1.603,2,-0.178,5.165,4.693,0.951,-0.144,6.395,-1.306,10.475,6.395,False,False,False,False
72,0.663,1.210,5.595,11.553,1.398,-1.398,2,-0.178,5.165,4.693,0.951,-0.144,6.395,-1.306,10.475,6.395,False,False,False,False
73,0.602,1.497,5.468,11.553,1.324,-1.324,2,-0.178,5.165,4.693,0.951,-0.144,6.395,-1.306,10.475,6.395,False,False,False,False
74,0.541,1.785,5.342,11.553,1.399,-1.399,2,-0.178,5.165,4.693,0.951,-0.144,6.395,-1.306,10.475,6.395,False,False,False,False
75,0.478,2.079,5.234,11.553,1.622,-1.622,2,-0.178,5.165,4.693,0.951,-0.144,6.395,-1.306,10.475,6.395,False,False,False,False
76,0.415,2.376,5.132,11.553,1.861,-1.861,2,-0.178,5.165,4.693,0.951,-0.144,6.395,-1.306,10.475,6.395,False,False,False,False
77,0.352,2.675,5.038,11.553,2.068,-2.068,2,-0.178,5.165,4.693,0.951,-0.144,6.395,-1.306,10.475,6.395,False,False,False,False
78,0.287,2.979,4.961,11.553,2.180,-2.180,2,-0.178,5.165,4.693,0.951,-0.144,6.395,-1.306,10.475,6.395,False,False,False,False
79,0.222,3.283,4.884,11.553,2.104,-2.104,2,-0.178,5.165,4.693,0.951,-0.144,6.395,-1.306,10.475,6.395,False,False,False,False
80,0.157,3.591,4.831,11.553,1.938,-1.938,2,-0.178,5.165,4.693,0.951,-0.144,6.395,-1.306,10.475,6.395,False,False,False,False
81,0.091,3.900,4.779,11.553,1.678,-1.678,2,-0.178,5.165,4.693,0.951,-0.144,6.395,-1.306,10.475,6.395,False,False,False,False
82,0.025,4.211,4.742,11.553,1.379,-1.379,2,-0.178,5.165,4.693,0.951,-0.144,6.395,-1.306,10.475,6.395,False,False,False,False
83,-0.041,4.523,4.716,11.553,1.153,-1.153,2,-0.178,5.165,4.693,0.951,-0.144,6.395,-1.306,10.475,6.395,False,False,False,False
84,-0.108,4.835,4.693,11.553,1.024,-1.024,2,-0.178,5.165,4.693,0.951,-0.144,6.395,-1.306,10.475,6.395,False,False,False,False
85,-0.174,5.148,4.693,11.553,0.921,-0.921,2,-0.178,5.165,4.693,0.951,-0.144,6.395,-1.306,10.475,6.395,False,False,False,False
86,-0.241,5.462,4.693,11.553,0.737,-0.737,2,-0.178,5.165,4.693,0.951,-0.144,6.395,-1.306,10.475,6.395,False,False,False,False
87,-0.307,5.774,4.713,11.553,0.489,-0.489,2,-0.178,5.165,4.693,0.951,-0.144,6.395,-1.306,10.475,6.395,False,False,False,False
88,-0.374,6.086,4.739,11.553,0.284,-0.284,2,-0.178,5.165,4.693,0.951,-0.144,6.395,-1.306,10.475,6.395,False,False,False,False
89,-0.440,6.397,4.773,11.553,0.125,-0.125,2,-0.178,5.165,4.693,0.951,-0.144,6.395,-1.306,10.475,6.395,False,False,False,False
90,-0.505,6.706,4.825,11.553,0.047,-0.047,2,-0.178,5.165,4.693,0.951,-0.144,6.395,-1.306,10.475,6.395,False,False,False,False
91,-0.571,7.015,4.877,11.553,0.064,-0.064,2,-0.178,5.165,4.693,0.951,-0.144,6.395,-1.306,10.475,6.395,False,False,False,False
92,-0.636,7.320,4.953,11.553,0.152,-0.152,2,-0.178,5.165,4.693,0.951,-0.144,6.395,-1.306,10.475,6.395,False,False,False,False
93,-0.700,7.624,5.030,11.553,0.234,-0.234,2,-0.178,5.165,4.693,0.951,-0.144,6.395,-1.306,10.475,6.395,False,False,False,False
94,-0.764,7.924,5.121,11.553,0.407,-0.407,2,-0.178,5.165,4.693,0.951,-0.144,6.395,-1.306,10.475,6.395,False,False,False,False
95,-0.827,8.220,5.223,11.553,0.663,-0.663,2,-0.178,5.165,4.693,0.951,-0.144,6.395,-1.306,10.475,6.395,False,False,False,False
96,-0.890,8.515,5.328,11.553,0.950,-0.950,2,-0.178,5.165,4.693,0.951,-0.144,6.395,-1.306,10.475,6.395,False,False,False,False
97,-0.951,8.804,5.455,11.553,1.274,-1.274,2,-0.178,5.165,4.693,0.951,-0.144,6.395,-1.306,10.475,6.395,False,False,False,False
98,-1.012,9.092,5.581,11.553,1.608,-1.608,2,-0.178,5.165,4.693,0.951,-0.144,6.395,-1.306,10.475,6.395,False,False,False,False
99,-1.072,9.371,5.725,11.553,1.969,-1.969,2,-0.178,5.165,4.693,0.951,-0.144,6.395,-1.306,10.475,6.395,False,False,False,False
100,-1.131,9.648,5.875,11.553,2.362,-2.362,2,-0.178,5.165,4.693,0.951,-0.144,6.395,-1.306,10.475,6.395,False,False,False,False
101,-1.189,9.920,6.032,11.553,2.772,-2.772,2,-0.178,5.165,4.693,0.951,-0.144,6.395,-1.306,10.475,6.395,False,False,False,False
102,-1.245,10.184,6.204,11.553,3.083,-3.083,2,-0.178,5.165,4.693,0.951,-0.144,6.395,-1.306,10.475,6.395,False,False,False,False
103,1.281,0.464,6.218,11.295,2.395,-2.395,3,0.237,5.376,4.693,1.337,0.203,6.395,-0.862,10.547,6.395,False,False,False,False
104,1.226,0.725,6.042,11.295,2.078,-2.078,3,0.237,5.376,4.693,1.337,0.203,6.395,-0.862,10.547,6.395,False,False,False,False
105,1.169,0.995,5.880,11.295,1.766,-1.766,3,0.237,5.376,4.693,1.337,0.203,6.395,-0.862,10.547,6.395,False,False,False,False
106,1.110,1.270,5.727,11.295,1.661,-1.661,3,0.237,5.376,4.693,1.337,0.203,6.395,-0.862,10.547,6.395,False,False,False,False
107,1.051,1.548,5.581,11.295,1.659,-1.659,3,0.237,5.376,4.693,1.337,0.203,6.395,-0.862,10.547,6.395,False,False,False,False
108,0.990,1.834,5.451,11.295,1.746,-1.746,3,0.237,5.376,4.693,1.337,0.203,6.395,-0.862,10.547,6.395,False,False,False,False
109,0.929,2.121,5.321,11.295,1.924,-1.924,3,0.237,5.376,4.693,1.337,0.203,6.395,-0.862,10.547,6.395,False,False,False,False
110,0.867,2.416,5.215,11.295,2.111,-2.111,3,0.237,5.376,4.693,1.337,0.203,6.395,-0.862,10.547,6.395,False,False,False,False
111,0.804,2.712,5.111,11.295,2.231,-2.231,3,0.237,5.376,4.693,1.337,0.203,6.395,-0.862,10.547,6.395,False,False,False,False
112,0.740,3.012,5.021,11.295,2.267,-2.267,3,0.237,5.376,4.693,1.337,0.203,6.395,-0.862,10.547,6.395,False,False,False,False
113,0.676,3.315,4.942,11.295,2.183,-2.183,3,0.237,5.376,4.693,1.337,0.203,6.395,-0.862,10.547,6.395,False,False,False,False
114,0.611,3.620,4.869,11.295,1.992,-1.992,3,0.237,5.376,4.693,1.337,0.203,6.395,-0.862,10.547,6.395,False,False,False,False
115,0.545,3.928,4.816,11.295,1.749,-1.749,3,0.237,5.376,4.693,1.337,0.203,6.395,-0.862,10.547,6.395,False,False,False,False
116,0.480,4.237,4.762,11.295,1.493,-1.493,3,0.237,5.376,4.693,1.337,0.203,6.395,-0.862,10.547,6.395,False,False,False,False
117,0.413,4.549,4.733,11.295,1.265,-1.265,3,0.237,5.376,4.693,1.337,0.203,6.395,-0.862,10.547,6.395,False,False,False,False
118,0.347,4.860,4.706,11.295,1.064,-1.064,3,0.237,5.376,4.693,1.337,0.203,6.395,-0.862,10.547,6.395,False,False,False,False
119,0.281,5.173,4.693,11.295,0.912,-0.912,3,0.237,5.376,4.693,1.337,0.203,6.395,-0.862,10.547,6.395,False,False,False,False
120,0.214,5.486,4.693,11.295,0.810,-0.810,3,0.237,5.376,4.693,1.337,0.203,6.395,-0.862,10.547,6.395,False,False,False,False
121,0.147,5.799,4.698,11.295,0.654,-0.654,3,0.237,5.376,4.693,1.337,0.203,6.395,-0.862,10.547,6.395,False,False,False,False
122,0.081,6.111,4.725,11.295,0.501,-0.501,3,0.237,5.376,4.693,1.337,0.203,6.395,-0.862,10.547,6.395,False,False,False,False
123,0.015,6.423,4.752,11.295,0.307,-0.307,3,0.237,5.376,4.693,1.337,0.203,6.395,-0.862,10.547,6.395,False,False,False,False
124,-0.051,6.733,4.800,11.295,0.150,-0.150,3,0.237,5.376,4.693,1.337,0.203,6.395,-0.862,10.547,6.395,False,False,False,False
125,-0.117,7.042,4.853,11.295,0.123,-0.123,3,0.237,5.376,4.693,1.337,0.203,6.395,-0.862,10.547,6.395,False,False,False,False
126,-0.182,7.348,4.919,11.295,0.204,-0.204,3,0.237,5.376,4.693,1.337,0.203,6.395,-0.862,10.547,6.395,False,False,False,False
127,-0.246,7.651,4.998,11.295,0.259,-0.259,3,0.237,5.376,4.693,1.337,0.203,6.395,-0.862,10.547,6.395,False,False,False,False
128,-0.310,7.954,5.080,11.295,0.389,-0.389,3,0.237,5.376,4.693,1.337,0.203,6.395,-0.862,10.547,6.395,False,False,False,False
129,-0.373,8.250,5.185,11.295,0.589,-0.589,3,0.237,5.376,4.693,1.337,0.203,6.395,-0.862,10.547,6.395,False,False,False,False
130,-0.436,8.545,5.290,11.295,0.802,-0.802,3,0.237,5.376,4.693,1.337,0.203,6.395,-0.862,10.547,6.395,False,False,False,False
131,-0.497,8.833,5.414,11.295,1.045,-1.045,3,0.237,5.376,4.693,1.337,0.203,6.395,-0.862,10.547,6.395,False,False,False,False
132,-0.558,9.119,5.543,11.295,1.285,-1.285,3,0.237,5.376,4.693,1.337,0.203,6.395,-0.862,10.547,6.395,False,False,False,False
133,-0.618,9.401,5.682,11.295,1.565,-1.565,3,0.237,5.376,4.693,1.337,0.203,6.395,-0.862,10.547,6.395,False,False,False,False
134,-0.676,9.675,5.836,11.295,1.879,-1.879,3,0.237,5.376,4.693,1.337,0.203,6.395,-0.862,10.547,6.395,False,False,False,False
135,-0.734,9.948,5.990,11.295,2.265,-2.265,3,0.237,5.376,4.693,1.337,0.203,6.395,-0.862,10.547,6.395,False,False,False,False
136,-0.790,10.209,6.166,11.295,2.637,-2.637,3,0.237,5.376,4.693,1.337,0.203,6.395,-0.862,10.547,6.395,False,False,False,False
137,1.527,1.472,6.051,10.396,2.044,-2.044,4,0.576,5.948,4.624,1.582,1.217,6.237,-0.417,10.621,6.395,False,False,False,False
138,1.473,1.727,5.866,10.396,2.125,-2.125,4,0.576,5.948,4.624,1.582,1.217,6.237,-0.417,10.621,6.395,False,False,False,False
139,1.416,1.995,5.701,10.396,2.276,-2.276,4,0.576,5.948,4.624,1.582,1.217,6.237,-0.417,10.621,6.395,False,False,False,False
140,1.359,2.265,5.540,10.396,2.410,-2.410,4,0.576,5.948,4.624,1.582,1.217,6.237,-0.417,10.621,6.395,False,False,False,False
141,1.299,2.544,5.396,10.396,2.524,-2.524,4,0.576,5.948,4.624,1.582,1.217,6.237,-0.417,10.621,6.395,False,False,False,False
142,1.239,2.828,5.261,10.396,2.503,-2.503,4,0.576,5.948,4.624,1.582,1.217,6.237,-0.417,10.621,6.395,False,False,False,False
143,1.178,3.117,5.139,10.396,2.413,-2.413,4,0.576,5.948,4.624,1.582,1.217,6.237,-0.417,10.621,6.395,False,False,False,False
144,1.115,3.411,5.030,10.396,2.263,-2.263,4,0.576,5.948,4.624,1.582,1.217,6.237,-0.417,10.621,6.395,False,False,False,False
145,1.052,3.709,4.931,10.396,2.036,-2.036,4,0.576,5.948,4.624,1.582,1.217,6.237,-0.417,10.621,6.395,False,False,False,False
146,0.988,4.012,4.850,10.396,1.710,-1.710,4,0.576,5.948,4.624,1.582,1.217,6.237,-0.417,10.621,6.395,False,False,False,False
147,0.923,4.316,4.774,10.396,1.368,-1.368,4,0.576,5.948,4.624,1.582,1.217,6.237,-0.417,10.621,6.395,False,False,False,False
148,0.857,4.625,4.722,10.396,1.067,-1.067,4,0.576,5.948,4.624,1.582,1.217,6.237,-0.417,10.621,6.395,False,False,False,False
149,0.792,4.934,4.669,10.396,0.836,-0.836,4,0.576,5.948,4.624,1.582,1.217,6.237,-0.417,10.621,6.395,False,False,False,False
150,0.725,5.246,4.645,10.396,0.708,-0.708,4,0.576,5.948,4.624,1.582,1.217,6.237,-0.417,10.621,6.395,False,False,False,False
151,0.659,5.559,4.622,10.396,0.642,-0.642,4,0.576,5.948,4.624,1.582,1.217,6.237,-0.417,10.621,6.395,False,False,False,False
152,0.592,5.871,4.622,10.396,0.587,-0.587,4,0.576,5.948,4.624,1.582,1.217,6.237,-0.417,10.621,6.395,False,False,False,False
153,0.526,6.184,4.628,10.396,0.500,-0.500,4,0.576,5.948,4.624,1.582,1.217,6.237,-0.417,10.621,6.395,False,False,False,False
154,0.460,6.496,4.653,10.396,0.372,-0.372,4,0.576,5.948,4.624,1.582,1.217,6.237,-0.417,10.621,6.395,False,False,False,False
155,0.393,6.807,4.687,10.396,0.187,-0.187,4,0.576,5.948,4.624,1.582,1.217,6.237,-0.417,10.621,6.395,False,False,False,False
156,0.328,7.116,4.736,10.396,0.264,-0.264,4,0.576,5.948,4.624,1.582,1.217,6.237,-0.417,10.621,6.395,False,False,False,False
157,0.263,7.423,4.798,10.396,0.393,-0.393,4,0.576,5.948,4.624,1.582,1.217,6.237,-0.417,10.621,6.395,False,False,False,False
158,0.198,7.727,4.871,10.396,0.548,-0.548,4,0.576,5.948,4.624,1.582,1.217,6.237,-0.417,10.621,6.395,False,False,False,False
159,0.134,8.027,4.962,10.396,0.673,-0.673,4,0.576,5.948,4.624,1.582,1.217,6.237,-0.417,10.621,6.395,False,False,False,False
160,0.071,8.325,5.058,10.396,0.760,-0.760,4,0.576,5.948,4.624,1.582,1.217,6.237,-0.417,10.621,6.395,False,False,False,False
161,0.009,8.616,5.176,10.396,0.871,-0.871,4,0.576,5.948,4.624,1.582,1.217,6.237,-0.417,10.621,6.395,False,False,False,False
162,-0.053,8.906,5.295,10.396,1.015,-1.015,4,0.576,5.948,4.624,1.582,1.217,6.237,-0.417,10.621,6.395,False,False,False,False
163,-0.112,9.185,5.439,10.396,1.202,-1.202,4,0.576,5.948,4.624,1.582,1.217,6.237,-0.417,10.621,6.395,False,False,False,False
164,-0.171,9.464,5.584,10.396,1.404,-1.404,4,0.576,5.948,4.624,1.582,1.217,6.237,-0.417,10.621,6.395,False,False,False,False
165,-0.228,9.731,5.750,10.396,1.702,-1.702,4,0.576,5.948,4.624,1.582,1.217,6.237,-0.417,10.621,6.395,False,False,False,False
166,-0.284,9.996,5.920,10.396,2.032,-2.032,4,0.576,5.948,4.624,1.582,1.217,6.237,-0.417,10.621,6.395,False,False,False,False
167,-0.338,10.250,6.106,10.396,2.333,-2.333,4,0.576,5.948,4.624,1.582,1.217,6.237,-0.417,10.621,6.395,False,False,False,False
168,1.881,1.972,5.503,9.993,1.943,-1.943,5,0.955,6.328,4.386,1.937,1.708,5.675,0.027,10.695,6.395,False,False,False,False
169,1.823,2.245,5.325,9.993,2.115,-2.115,5,0.955,6.328,4.386,1.937,1.708,5.675,0.027,10.695,6.395,False,False,False,False
170,1.762,2.532,5.173,9.993,2.235,-2.235,5,0.955,6.328,4.386,1.937,1.708,5.675,0.027,10.695,6.395,False,False,False,False
171,1.701,2.820,5.021,9.993,2.208,-2.208,5,0.955,6.328,4.386,1.937,1.708,5.675,0.027,10.695,6.395,False,False,False,False
172,1.637,3.119,4.896,9.993,2.139,-2.139,5,0.955,6.328,4.386,1.937,1.708,5.675,0.027,10.695,6.395,False,False,False,False
173,1.573,3.420,4.772,9.993,1.996,-1.996,5,0.955,6.328,4.386,1.937,1.708,5.675,0.027,10.695,6.395,False,False,False,False
174,1.508,3.729,4.675,9.993,1.799,-1.799,5,0.955,6.328,4.386,1.937,1.708,5.675,0.027,10.695,6.395,False,False,False,False
175,1.442,4.039,4.580,9.993,1.471,-1.471,5,0.955,6.328,4.386,1.937,1.708,5.675,0.027,10.695,6.395,False,False,False,False
176,1.374,4.356,4.512,9.993,1.099,-1.099,5,0.955,6.328,4.386,1.937,1.708,5.675,0.027,10.695,6.395,False,False,False,False
177,1.307,4.674,4.447,9.993,0.721,-0.721,5,0.955,6.328,4.386,1.937,1.708,5.675,0.027,10.695,6.395,False,False,False,False
178,1.238,4.995,4.409,9.993,0.437,-0.437,5,0.955,6.328,4.386,1.937,1.708,5.675,0.027,10.695,6.395,False,False,False,False
179,1.170,5.318,4.373,9.993,0.294,-0.294,5,0.955,6.328,4.386,1.937,1.708,5.675,0.027,10.695,6.395,False,False,False,False
180,1.101,5.641,4.365,9.993,0.281,-0.281,5,0.955,6.328,4.386,1.937,1.708,5.675,0.027,10.695,6.395,False,False,False,False
181,1.032,5.964,4.361,9.993,0.266,-0.266,5,0.955,6.328,4.386,1.937,1.708,5.675,0.027,10.695,6.395,False,False,False,False
182,0.964,6.288,4.383,9.993,0.230,-0.230,5,0.955,6.328,4.386,1.937,1.708,5.675,0.027,10.695,6.395,False,False,False,False
183,0.895,6.611,4.409,9.993,0.136,-0.136,5,0.955,6.328,4.386,1.937,1.708,5.675,0.027,10.695,6.395,False,False,False,False
184,0.827,6.930,4.461,9.993,0.085,-0.085,5,0.955,6.328,4.386,1.937,1.708,5.675,0.027,10.695,6.395,False,False,False,False
185,0.759,7.249,4.517,9.993,0.235,-0.235,5,0.955,6.328,4.386,1.937,1.708,5.675,0.027,10.695,6.395,False,False,False,False
186,0.693,7.563,4.599,9.993,0.451,-0.451,5,0.955,6.328,4.386,1.937,1.708,5.675,0.027,10.695,6.395,False,False,False,False
187,0.626,7.875,4.685,9.993,0.617,-0.617,5,0.955,6.328,4.386,1.937,1.708,5.675,0.027,10.695,6.395,False,False,False,False
188,0.561,8.181,4.795,9.993,0.797,-0.797,5,0.955,6.328,4.386,1.937,1.708,5.675,0.027,10.695,6.395,False,False,False,False
189,0.497,8.485,4.911,9.993,0.901,-0.901,5,0.955,6.328,4.386,1.937,1.708,5.675,0.027,10.695,6.395,False,False,False,False
190,0.434,8.778,5.049,9.993,1.014,-1.014,5,0.955,6.328,4.386,1.937,1.708,5.675,0.027,10.695,6.395,False,False,False,False
191,0.372,9.070,5.192,9.993,1.172,-1.172,5,0.955,6.328,4.386,1.937,1.708,5.675,0.027,10.695,6.395,False,False,False,False
192,0.313,9.350,5.357,9.993,1.380,-1.380,5,0.955,6.328,4.386,1.937,1.708,5.675,0.027,10.695,6.395,False,False,False,False
193,0.254,9.628,5.527,9.993,1.646,-1.646,5,0.955,6.328,4.386,1.937,1.708,5.675,0.027,10.695,6.395,False,False,False,False
194,0.198,9.892,5.718,9.993,2.004,-2.004,5,0.955,6.328,4.386,1.937,1.708,5.675,0.027,10.695,6.395,False,False,False,False
195,0.142,10.154,5.913,9.993,2.312,-2.312,5,0.955,6.328,4.386,1.937,1.708,5.675,0.027,10.695,6.395,False,False,False,False
196,0.090,10.400,6.128,9.993,2.599,-2.599,5,0.955,6.328,4.386,1.937,1.708,5.675,0.027,10.695,6.395,False,False,False,False
197,2.336,1.997,5.499,10.041,1.742,-1.742,6,1.405,6.379,4.384,2.392,1.733,5.670,0.471,10.771,6.395,False,False,False,False
198,2.278,2.271,5.322,10.041,1.937,-1.937,6,1.405,6.379,4.384,2.392,1.733,5.670,0.471,10.771,6.395,False,False,False,False
199,2.216,2.559,5.170,10.041,2.097,-2.097,6,1.405,6.379,4.384,2.392,1.733,5.670,0.471,10.771,6.395,False,False,False,False
200,2.155,2.847,5.019,10.041,2.104,-2.104,6,1.405,6.379,4.384,2.392,1.733,5.670,0.471,10.771,6.395,False,False,False,False
201,2.092,3.147,4.894,10.041,2.059,-2.059,6,1.405,6.379,4.384,2.392,1.733,5.670,0.471,10.771,6.395,False,False,False,False
202,2.028,3.447,4.771,10.041,1.935,-1.935,6,1.405,6.379,4.384,2.392,1.733,5.670,0.471,10.771,6.395,False,False,False,False
203,1.962,3.757,4.674,10.041,1.760,-1.760,6,1.405,6.379,4.384,2.392,1.733,5.670,0.471,10.771,6.395,False,False,False,False
204,1.896,4.067,4.579,10.041,1.459,-1.459,6,1.405,6.379,4.384,2.392,1.733,5.670,0.471,10.771,6.395,False,False,False,False
205,1.829,4.384,4.511,10.041,1.105,-1.105,6,1.405,6.379,4.384,2.392,1.733,5.670,0.471,10.771,6.395,False,False,False,False
206,1.761,4.701,4.446,10.041,0.725,-0.725,6,1.405,6.379,4.384,2.392,1.733,5.670,0.471,10.771,6.395,False,False,False,False
207,1.693,5.023,4.407,10.041,0.409,-0.409,6,1.405,6.379,4.384,2.392,1.733,5.670,0.471,10.771,6.395,False,False,False,False
208,1.624,5.345,4.372,10.041,0.218,-0.218,6,1.405,6.379,4.384,2.392,1.733,5.670,0.471,10.771,6.395,False,False,False,False
209,1.555,5.668,4.363,10.041,0.177,-0.177,6,1.405,6.379,4.384,2.392,1.733,5.670,0.471,10.771,6.395,False,False,False,False
210,1.487,5.992,4.358,10.041,0.188,-0.188,6,1.405,6.379,4.384,2.392,1.733,5.670,0.471,10.771,6.395,False,False,False,False
211,1.418,6.315,4.379,10.041,0.181,-0.181,6,1.405,6.379,4.384,2.392,1.733,5.670,0.471,10.771,6.395,False,False,False,False
212,1.349,6.638,4.404,10.041,0.136,-0.136,6,1.405,6.379,4.384,2.392,1.733,5.670,0.471,10.771,6.395,False,False,False,False
213,1.281,6.958,4.454,10.041,0.120,-0.120,6,1.405,6.379,4.384,2.392,1.733,5.670,0.471,10.771,6.395,False,False,False,False
214,1.214,7.277,4.510,10.041,0.237,-0.237,6,1.405,6.379,4.384,2.392,1.733,5.670,0.471,10.771,6.395,False,False,False,False
215,1.147,7.591,4.589,10.041,0.443,-0.443,6,1.405,6.379,4.384,2.392,1.733,5.670,0.471,10.771,6.395,False,False,False,False
216,1.080,7.903,4.675,10.041,0.676,-0.676,6,1.405,6.379,4.384,2.392,1.733,5.670,0.471,10.771,6.395,False,False,False,False
217,1.015,8.210,4.782,10.041,1.002,-1.002,6,1.405,6.379,4.384,2.392,1.733,5.670,0.471,10.771,6.395,False,False,False,False
218,0.951,8.514,4.897,10.041,1.265,-1.265,6,1.405,6.379,4.384,2.392,1.733,5.670,0.471,10.771,6.395,False,False,False,False
219,0.888,8.809,5.032,10.041,1.484,-1.484,6,1.405,6.379,4.384,2.392,1.733,5.670,0.471,10.771,6.395,False,False,False,False
220,0.826,9.101,5.175,10.041,1.574,-1.574,6,1.405,6.379,4.384,2.392,1.733,5.670,0.471,10.771,6.395,False,False,False,False
221,0.766,9.383,5.336,10.041,1.646,-1.646,6,1.405,6.379,4.384,2.392,1.733,5.670,0.471,10.771,6.395,False,False,False,False
222,0.707,9.661,5.505,10.041,1.817,-1.817,6,1.405,6.379,4.384,2.392,1.733,5.670,0.471,10.771,6.395,False,False,False,False
223,0.650,9.928,5.692,10.041,2.116,-2.116,6,1.405,6.379,4.384,2.392,1.733,5.670,0.471,10.771,6.395,False,False,False,False
224,0.594,10.190,5.887,10.041,2.460,-2.460,6,1.405,6.379,4.384,2.392,1.733,5.670,0.471,10.771,6.395,False,False,False,False
225,0.541,10.439,6.097,10.041,2.760,-2.760,6,1.405,6.379,4.384,2.392,1.733,5.670,0.471,10.771,6.395,False,False,False,False
226,2.789,2.032,5.495,10.082,1.351,-1.351,7,1.853,6.434,4.381,2.845,1.767,5.665,0.915,10.847,6.395,False,False,False,False
227,2.730,2.306,5.318,10.082,1.541,-1.541,7,1.853,6.434,4.381,2.845,1.767,5.665,0.915,10.847,6.395,False,False,False,False
228,2.669,2.593,5.167,10.082,1.743,-1.743,7,1.853,6.434,4.381,2.845,1.767,5.665,0.915,10.847,6.395,False,False,False,False
229,2.608,2.882,5.017,10.082,1.810,-1.810,7,1.853,6.434,4.381,2.845,1.767,5.665,0.915,10.847,6.395,False,False,False,False
230,2.544,3.182,4.892,10.082,1.829,-1.829,7,1.853,6.434,4.381,2.845,1.767,5.665,0.915,10.847,6.395,False,False,False,False
231,2.480,3.483,4.770,10.082,1.768,-1.768,7,1.853,6.434,4.381,2.845,1.767,5.665,0.915,10.847,6.395,False,False,False,False
232,2.414,3.792,4.672,10.082,1.632,-1.632,7,1.853,6.434,4.381,2.845,1.767,5.665,0.915,10.847,6.395,False,False,False,False
233,2.348,4.103,4.579,10.082,1.362,-1.362,7,1.853,6.434,4.381,2.845,1.767,5.665,0.915,10.847,6.395,False,False,False,False
234,2.281,4.419,4.510,10.082,1.022,-1.022,7,1.853,6.434,4.381,2.845,1.767,5.665,0.915,10.847,6.395,False,False,False,False
235,2.214,4.737,4.445,10.082,0.654,-0.654,7,1.853,6.434,4.381,2.845,1.767,5.665,0.915,10.847,6.395,False,False,False,False
236,2.145,5.058,4.405,10.082,0.336,-0.336,7,1.853,6.434,4.381,2.845,1.767,5.665,0.915,10.847,6.395,False,False,False,False
237,2.077,5.380,4.371,10.082,0.130,-0.130,7,1.853,6.434,4.381,2.845,1.767,5.665,0.915,10.847,6.395,False,False,False,False
238,2.008,5.704,4.360,10.082,0.084,-0.084,7,1.853,6.434,4.381,2.845,1.767,5.665,0.915,10.847,6.395,False,False,False,False
239,1.939,6.027,4.356,10.082,0.108,-0.108,7,1.853,6.434,4.381,2.845,1.767,5.665,0.915,10.847,6.395,False,False,False,False
240,1.871,6.350,4.374,10.082,0.127,-0.127,7,1.853,6.434,4.381,2.845,1.767,5.665,0.915,10.847,6.395,False,False,False,False
241,1.802,6.673,4.400,10.082,0.113,-0.113,7,1.853,6.434,4.381,2.845,1.767,5.665,0.915,10.847,6.395,False,False,False,False
242,1.734,6.993,4.448,10.082,0.093,-0.093,7,1.853,6.434,4.381,2.845,1.767,5.665,0.915,10.847,6.395,False,False,False,False
243,1.666,7.312,4.504,10.082,0.157,-0.157,7,1.853,6.434,4.381,2.845,1.767,5.665,0.915,10.847,6.395,False,False,False,False
244,1.599,7.627,4.580,10.082,0.335,-0.335,7,1.853,6.434,4.381,2.845,1.767,5.665,0.915,10.847,6.395,False,False,False,False
245,1.533,7.940,4.666,10.082,0.640,-0.640,7,1.853,6.434,4.381,2.845,1.767,5.665,0.915,10.847,6.395,False,False,False,False
246,1.468,8.247,4.771,10.082,1.070,-1.070,7,1.853,6.434,4.381,2.845,1.767,5.665,0.915,10.847,6.395,False,False,False,False
247,1.403,8.551,4.885,10.082,1.444,-1.444,7,1.853,6.434,4.381,2.845,1.767,5.665,0.915,10.847,6.395,False,False,False,False
248,1.340,8.847,5.017,10.082,1.731,-1.731,7,1.853,6.434,4.381,2.845,1.767,5.665,0.915,10.847,6.395,False,False,False,False
249,1.278,9.139,5.159,10.082,1.848,-1.848,7,1.853,6.434,4.381,2.845,1.767,5.665,0.915,10.847,6.395,False,False,False,False
250,1.217,9.423,5.318,10.082,1.853,-1.853,7,1.853,6.434,4.381,2.845,1.767,5.665,0.915,10.847,6.395,False,False,False,False
251,1.158,9.701,5.487,10.082,1.920,-1.920,7,1.853,6.434,4.381,2.845,1.767,5.665,0.915,10.847,6.395,False,False,False,False
252,1.101,9.970,5.670,10.082,2.067,-2.067,7,1.853,6.434,4.381,2.845,1.767,5.665,0.915,10.847,6.395,False,False,False,False
253,1.045,10.232,5.864,10.082,2.428,-2.428,7,1.853,6.434,4.381,2.845,1.767,5.665,0.915,10.847,6.395,False,False,False,False
254,0.992,10.485,6.071,10.082,2.756,-2.756,7,1.853,6.434,4.381,2.845,1.767,5.665,0.915,10.847,6.395,False,False,False,False
255,3.578,0.481,6.182,9.980,0.500,-0.500,8,2.701,4.607,4.385,3.628,0.247,6.395,1.721,9.219,5.672,False,False,False,False
256,3.527,0.724,5.963,9.980,0.465,-0.465,8,2.701,4.607,4.385,3.628,0.247,6.395,1.721,9.219,5.672,False,False,False,False
257,3.471,0.984,5.766,9.980,0.427,-0.427,8,2.701,4.607,4.385,3.628,0.247,6.395,1.721,9.219,5.672,False,False,False,False
258,3.416,1.245,5.570,9.980,0.376,-0.376,8,2.701,4.607,4.385,3.628,0.247,6.395,1.721,9.219,5.672,False,False,False,False
259,3.357,1.522,5.398,9.980,0.364,-0.364,8,2.701,4.607,4.385,3.628,0.247,6.395,1.721,9.219,5.672,False,False,False,False
260,3.298,1.799,5.228,9.980,0.389,-0.389,8,2.701,4.607,4.385,3.628,0.247,6.395,1.721,9.219,5.672,False,False,False,False
261,3.236,2.090,5.083,9.980,0.512,-0.512,8,2.701,4.607,4.385,3.628,0.247,6.395,1.721,9.219,5.672,False,False,False,False
262,3.174,2.382,4.939,9.980,0.689,-0.689,8,2.701,4.607,4.385,3.628,0.247,6.395,1.721,9.219,5.672,False,False,False,False
263,3.110,2.685,4.822,9.980,0.903,-0.903,8,2.701,4.607,4.385,3.628,0.247,6.395,1.721,9.219,5.672,False,False,False,False
264,3.045,2.988,4.707,9.980,1.045,-1.045,8,2.701,4.607,4.385,3.628,0.247,6.395,1.721,9.219,5.672,False,False,False,False
265,2.979,3.300,4.618,9.980,1.138,-1.138,8,2.701,4.607,4.385,3.628,0.247,6.395,1.721,9.219,5.672,False,False,False,False
266,2.913,3.613,4.532,9.980,1.145,-1.145,8,2.701,4.607,4.385,3.628,0.247,6.395,1.721,9.219,5.672,False,False,False,False
267,2.845,3.931,4.473,9.980,1.056,-1.056,8,2.701,4.607,4.385,3.628,0.247,6.395,1.721,9.219,5.672,False,False,False,False
268,2.777,4.250,4.417,9.980,0.847,-0.847,8,2.701,4.607,4.385,3.628,0.247,6.395,1.721,9.219,5.672,False,False,False,False
269,2.708,4.573,4.388,9.980,0.576,-0.576,8,2.701,4.607,4.385,3.628,0.247,6.395,1.721,9.219,5.672,False,False,False,False
270,2.640,4.896,4.362,9.980,0.281,-0.281,8,2.701,4.607,4.385,3.628,0.247,6.395,1.721,9.219,5.672,False,False,False,False
271,2.571,5.219,4.363,9.980,0.133,-0.133,8,2.701,4.607,4.385,3.628,0.247,6.395,1.721,9.219,5.672,False,False,False,False
272,2.502,5.543,4.367,9.980,0.072,-0.072,8,2.701,4.607,4.385,3.628,0.247,6.395,1.721,9.219,5.672,False,False,False,False
273,2.434,5.864,4.399,9.980,0.090,-0.090,8,2.701,4.607,4.385,3.628,0.247,6.395,1.721,9.219,5.672,False,False,False,False
274,2.366,6.186,4.434,9.980,0.113,-0.113,8,2.701,4.607,4.385,3.628,0.247,6.395,1.721,9.219,5.672,False,False,False,False
275,2.298,6.504,4.495,9.980,0.146,-0.146,8,2.701,4.607,4.385,3.628,0.247,6.395,1.721,9.219,5.672,False,False,False,False
276,2.231,6.821,4.560,9.980,0.123,-0.123,8,2.701,4.607,4.385,3.628,0.247,6.395,1.721,9.219,5.672,False,False,False,False
277,2.164,7.132,4.651,9.980,0.165,-0.165,8,2.701,4.607,4.385,3.628,0.247,6.395,1.721,9.219,5.672,False,False,False,False
278,2.098,7.443,4.746,9.980,0.289,-0.289,8,2.701,4.607,4.385,3.628,0.247,6.395,1.721,9.219,5.672,False,False,False,False
279,2.034,7.745,4.866,9.980,0.528,-0.528,8,2.701,4.607,4.385,3.628,0.247,6.395,1.721,9.219,5.672,False,False,False,False
280,1.970,8.045,4.990,9.980,0.872,-0.872,8,2.701,4.607,4.385,3.628,0.247,6.395,1.721,9.219,5.672,False,False,False,False
281,1.909,8.334,5.137,9.980,1.383,-1.383,8,2.701,4.607,4.385,3.628,0.247,6.395,1.721,9.219,5.672,False,False,False,False
282,1.848,8.621,5.288,9.980,1.778,-1.778,8,2.701,4.607,4.385,3.628,0.247,6.395,1.721,9.219,5.672,False,False,False,False
283,1.789,8.897,5.461,9.980,2.070,-2.070,8,2.701,4.607,4.385,3.628,0.247,6.395,1.721,9.219,5.672,False,False,False,False
284,4.016,0.587,6.181,9.920,0.301,-0.301,9,3.145,4.682,4.387,4.065,0.353,6.395,2.172,9.261,5.675,False,False,False,False
285,3.966,0.820,5.968,9.920,0.241,-0.241,9,3.145,4.682,4.387,4.065,0.353,6.395,2.172,9.261,5.675,False,False,False,False
286,3.913,1.070,5.776,9.920,0.211,-0.211,9,3.145,4.682,4.387,4.065,0.353,6.395,2.172,9.261,5.675,False,False,False,False
287,3.860,1.322,5.586,9.920,0.178,-0.178,9,3.145,4.682,4.387,4.065,0.353,6.395,2.172,9.261,5.675,False,False,False,False
288,3.803,1.588,5.417,9.920,0.164,-0.164,9,3.145,4.682,4.387,4.065,0.353,6.395,2.172,9.261,5.675,False,False,False,False
289,3.746,1.856,5.251,9.920,0.153,-0.153,9,3.145,4.682,4.387,4.065,0.353,6.395,2.172,9.261,5.675,False,False,False,False
290,3.687,2.135,5.107,9.920,0.193,-0.193,9,3.145,4.682,4.387,4.065,0.353,6.395,2.172,9.261,5.675,False,False,False,False
291,3.627,2.416,4.967,9.920,0.258,-0.258,9,3.145,4.682,4.387,4.065,0.353,6.395,2.172,9.261,5.675,False,False,False,False
292,3.565,2.707,4.848,9.920,0.372,-0.372,9,3.145,4.682,4.387,4.065,0.353,6.395,2.172,9.261,5.675,False,False,False,False
293,3.503,3.000,4.736,9.920,0.508,-0.508,9,3.145,4.682,4.387,4.065,0.353,6.395,2.172,9.261,5.675,False,False,False,False
294,3.439,3.299,4.643,9.920,0.616,-0.616,9,3.145,4.682,4.387,4.065,0.353,6.395,2.172,9.261,5.675,False,False,False,False
295,3.375,3.601,4.559,9.920,0.665,-0.665,9,3.145,4.682,4.387,4.065,0.353,6.395,2.172,9.261,5.675,False,False,False,False
296,3.310,3.907,4.493,9.920,0.619,-0.619,9,3.145,4.682,4.387,4.065,0.353,6.395,2.172,9.261,5.675,False,False,False,False
297,3.245,4.215,4.438,9.920,0.526,-0.526,9,3.145,4.682,4.387,4.065,0.353,6.395,2.172,9.261,5.675,False,False,False,False
298,3.179,4.526,4.400,9.920,0.302,-0.302,9,3.145,4.682,4.387,4.065,0.353,6.395,2.172,9.261,5.675,False,False,False,False
299,3.112,4.838,4.374,9.920,0.176,-0.176,9,3.145,4.682,4.387,4.065,0.353,6.395,2.172,9.261,5.675,False,False,False,False
300,3.046,5.150,4.363,9.920,0.123,-0.123,9,3.145,4.682,4.387,4.065,0.353,6.395,2.172,9.261,5.675,False,False,False,False
301,2.979,5.463,4.368,9.920,0.104,-0.104,9,3.145,4.682,4.387,4.065,0.353,6.395,2.172,9.261,5.675,False,False,False,False
302,2.913,5.774,4.384,9.920,0.108,-0.108,9,3.145,4.682,4.387,4.065,0.353,6.395,2.172,9.261,5.675,False,False,False,False
303,2.847,6.085,4.418,9.920,0.121,-0.121,9,3.145,4.682,4.387,4.065,0.353,6.395,2.172,9.261,5.675,False,False,False,False
304,2.781,6.395,4.463,9.920,0.088,-0.088,9,3.145,4.682,4.387,4.065,0.353,6.395,2.172,9.261,5.675,False,False,False,False
305,2.716,6.701,4.526,9.920,0.069,-0.069,9,3.145,4.682,4.387,4.065,0.353,6.395,2.172,9.261,5.675,False,False,False,False
306,2.651,7.006,4.598,9.920,0.042,-0.042,9,3.145,4.682,4.387,4.065,0.353,6.395,2.172,9.261,5.675,False,False,False,False
307,2.588,7.306,4.690,9.920,0.073,-0.073,9,3.145,4.682,4.387,4.065,0.353,6.395,2.172,9.261,5.675,False,False,False,False
308,2.524,7.604,4.788,9.920,0.187,-0.187,9,3.145,4.682,4.387,4.065,0.353,6.395,2.172,9.261,5.675,False,False,False,False
309,2.463,7.894,4.909,9.920,0.387,-0.387,9,3.145,4.682,4.387,4.065,0.353,6.395,2.172,9.261,5.675,False,False,False,False
310,2.401,8.181,5.033,9.920,0.651,-0.651,9,3.145,4.682,4.387,4.065,0.353,6.395,2.172,9.261,5.675,False,False,False,False
311,2.343,8.458,5.180,9.920,1.000,-1.000,9,3.145,4.682,4.387,4.065,0.353,6.395,2.172,9.261,5.675,False,False,False,False
312,2.284,8.735,5.329,9.920,1.338,-1.338,9,3.145,4.682,4.387,4.065,0.353,6.395,2.172,9.261,5.675,False,False,False,False
313,4.453,0.693,6.181,9.876,0.173,-0.173,10,3.588,4.766,4.389,4.503,0.460,6.395,2.619,9.321,5.679,False,False,False,False
314,4.404,0.926,5.966,9.876,0.103,-0.103,10,3.588,4.766,4.389,4.503,0.460,6.395,2.619,9.321,5.679,False,False,False,False
315,4.351,1.176,5.774,9.876,0.066,-0.066,10,3.588,4.766,4.389,4.503,0.460,6.395,2.619,9.321,5.679,False,False,False,False
316,4.297,1.427,5.583,9.876,0.041,-0.041,10,3.588,4.766,4.389,4.503,0.460,6.395,2.619,9.321,5.679,False,False,False,False
317,4.241,1.693,5.414,9.876,0.072,-0.072,10,3.588,4.766,4.389,4.503,0.460,6.395,2.619,9.321,5.679,False,False,False,False
318,4.184,1.960,5.248,9.876,0.039,-0.039,10,3.588,4.766,4.389,4.503,0.460,6.395,2.619,9.321,5.679,False,False,False,False
319,4.125,2.239,5.104,9.876,0.037,-0.037,10,3.588,4.766,4.389,4.503,0.460,6.395,2.619,9.321,5.679,False,False,False,False
320,4.065,2.521,4.964,9.876,0.039,-0.039,10,3.588,4.766,4.389,4.503,0.460,6.395,2.619,9.321,5.679,False,False,False,False
321,4.003,2.811,4.845,9.876,0.048,-0.048,10,3.588,4.766,4.389,4.503,0.460,6.395,2.619,9.321,5.679,False,False,False,False
322,3.941,3.104,4.732,9.876,0.094,-0.094,10,3.588,4.766,4.389,4.503,0.460,6.395,2.619,9.321,5.679,False,False,False,False
323,3.877,3.404,4.640,9.876,0.175,-0.175,10,3.588,4.766,4.389,4.503,0.460,6.395,2.619,9.321,5.679,False,False,False,False
324,3.813,3.706,4.556,9.876,0.221,-0.221,10,3.588,4.766,4.389,4.503,0.460,6.395,2.619,9.321,5.679,False,False,False,False
325,3.748,4.012,4.492,9.876,0.178,-0.178,10,3.588,4.766,4.389,4.503,0.460,6.395,2.619,9.321,5.679,False,False,False,False
326,3.682,4.320,4.437,9.876,0.147,-0.147,10,3.588,4.766,4.389,4.503,0.460,6.395,2.619,9.321,5.679,False,False,False,False
327,3.616,4.631,4.400,9.876,0.067,-0.067,10,3.588,4.766,4.389,4.503,0.460,6.395,2.619,9.321,5.679,False,False,False,False
328,3.550,4.943,4.374,9.876,0.035,-0.035,10,3.588,4.766,4.389,4.503,0.460,6.395,2.619,9.321,5.679,False,False,False,False
329,3.483,5.256,4.366,9.876,0.095,-0.095,10,3.588,4.766,4.389,4.503,0.460,6.395,2.619,9.321,5.679,False,False,False,False
330,3.417,5.568,4.370,9.876,0.164,-0.164,10,3.588,4.766,4.389,4.503,0.460,6.395,2.619,9.321,5.679,False,False,False,False
331,3.351,5.880,4.389,9.876,0.203,-0.203,10,3.588,4.766,4.389,4.503,0.460,6.395,2.619,9.321,5.679,False,False,False,False
332,3.285,6.190,4.424,9.876,0.198,-0.198,10,3.588,4.766,4.389,4.503,0.460,6.395,2.619,9.321,5.679,False,False,False,False
333,3.219,6.499,4.471,9.876,0.141,-0.141,10,3.588,4.766,4.389,4.503,0.460,6.395,2.619,9.321,5.679,False,False,False,False
334,3.154,6.806,4.535,9.876,0.070,-0.070,10,3.588,4.766,4.389,4.503,0.460,6.395,2.619,9.321,5.679,False,False,False,False
335,3.089,7.110,4.610,9.876,0.028,-0.028,10,3.588,4.766,4.389,4.503,0.460,6.395,2.619,9.321,5.679,False,False,False,False
336,3.026,7.409,4.703,9.876,0.013,-0.013,10,3.588,4.766,4.389,4.503,0.460,6.395,2.619,9.321,5.679,False,False,False,False
337,2.963,7.706,4.805,9.876,0.067,-0.067,10,3.588,4.766,4.389,4.503,0.460,6.395,2.619,9.321,5.679,False,False,False,False
338,2.901,7.995,4.926,9.876,0.205,-0.205,10,3.588,4.766,4.389,4.503,0.460,6.395,2.619,9.321,5.679,False,False,False,False
339,2.840,8.281,5.054,9.876,0.368,-0.368,10,3.588,4.766,4.389,4.503,0.460,6.395,2.619,9.321,5.679,False,False,False,False
340,2.781,8.558,5.202,9.876,0.589,-0.589,10,3.588,4.766,4.389,4.503,0.460,6.395,2.619,9.321,5.679,False,False,False,False
341,2.723,8.832,5.355,9.876,0.867,-0.867,10,3.588,4.766,4.389,4.503,0.460,6.395,2.619,9.321,5.679,False,False,False,False
342,4.886,0.820,6.203,10.683,0.211,-0.211,11,3.917,5.380,4.573,4.940,0.569,6.395,2.875,10.282,6.122,False,False,False,False
343,4.833,1.070,6.012,10.683,0.131,-0.131,11,3.917,5.380,4.573,4.940,0.569,6.395,2.875,10.282,6.122,False,False,False,False
344,4.777,1.333,5.838,10.683,0.096,-0.096,11,3.917,5.380,4.573,4.940,0.569,6.395,2.875,10.282,6.122,False,False,False,False
345,4.721,1.600,5.670,10.683,0.068,-0.068,11,3.917,5.380,4.573,4.940,0.569,6.395,2.875,10.282,6.122,False,False,False,False
346,4.662,1.873,5.516,10.683,0.071,-0.071,11,3.917,5.380,4.573,4.940,0.569,6.395,2.875,10.282,6.122,False,False,False,False
347,4.603,2.153,5.372,10.683,0.072,-0.072,11,3.917,5.380,4.573,4.940,0.569,6.395,2.875,10.282,6.122,False,False,False,False
348,4.543,2.436,5.236,10.683,0.074,-0.074,11,3.917,5.380,4.573,4.940,0.569,6.395,2.875,10.282,6.122,False,False,False,False
349,4.481,2.727,5.118,10.683,0.071,-0.071,11,3.917,5.380,4.573,4.940,0.569,6.395,2.875,10.282,6.122,False,False,False,False
350,4.419,3.019,5.003,10.683,0.035,-0.035,11,3.917,5.380,4.573,4.940,0.569,6.395,2.875,10.282,6.122,False,False,False,False
351,4.355,3.319,4.911,10.683,0.053,-0.053,11,3.917,5.380,4.573,4.940,0.569,6.395,2.875,10.282,6.122,False,False,False,False
352,4.291,3.619,4.819,10.683,0.084,-0.084,11,3.917,5.380,4.573,4.940,0.569,6.395,2.875,10.282,6.122,False,False,False,False
353,4.226,3.924,4.751,10.683,0.106,-0.106,11,3.917,5.380,4.573,4.940,0.569,6.395,2.875,10.282,6.122,False,False,False,False
354,4.161,4.231,4.687,10.683,0.135,-0.135,11,3.917,5.380,4.573,4.940,0.569,6.395,2.875,10.282,6.122,False,False,False,False
355,4.095,4.541,4.640,10.683,0.139,-0.139,11,3.917,5.380,4.573,4.940,0.569,6.395,2.875,10.282,6.122,False,False,False,False
356,4.029,4.852,4.604,10.683,0.175,-0.175,11,3.917,5.380,4.573,4.940,0.569,6.395,2.875,10.282,6.122,False,False,False,False
357,3.963,5.164,4.579,10.683,0.263,-0.263,11,3.917,5.380,4.573,4.940,0.569,6.395,2.875,10.282,6.122,False,False,False,False
358,3.897,5.476,4.570,10.683,0.355,-0.355,11,3.917,5.380,4.573,4.940,0.569,6.395,2.875,10.282,6.122,False,False,False,False
359,3.830,5.789,4.567,10.683,0.418,-0.418,11,3.917,5.380,4.573,4.940,0.569,6.395,2.875,10.282,6.122,False,False,False,False
360,3.764,6.102,4.586,10.683,0.446,-0.446,11,3.917,5.380,4.573,4.940,0.569,6.395,2.875,10.282,6.122,False,False,False,False
361,3.697,6.415,4.605,10.683,0.382,-0.382,11,3.917,5.380,4.573,4.940,0.569,6.395,2.875,10.282,6.122,False,False,False,False
362,3.631,6.725,4.651,10.683,0.322,-0.322,11,3.917,5.380,4.573,4.940,0.569,6.395,2.875,10.282,6.122,False,False,False,False
363,3.565,7.035,4.699,10.683,0.254,-0.254,11,3.917,5.380,4.573,4.940,0.569,6.395,2.875,10.282,6.122,False,False,False,False
364,3.500,7.341,4.766,10.683,0.198,-0.198,11,3.917,5.380,4.573,4.940,0.569,6.395,2.875,10.282,6.122,False,False,False,False
365,3.436,7.645,4.841,10.683,0.137,-0.137,11,3.917,5.380,4.573,4.940,0.569,6.395,2.875,10.282,6.122,False,False,False,False
366,3.372,7.945,4.930,10.683,0.093,-0.093,11,3.917,5.380,4.573,4.940,0.569,6.395,2.875,10.282,6.122,False,False,False,False
367,3.309,8.242,5.031,10.683,0.126,-0.126,11,3.917,5.380,4.573,4.940,0.569,6.395,2.875,10.282,6.122,False,False,False,False
368,3.246,8.536,5.141,10.683,0.246,-0.246,11,3.917,5.380,4.573,4.940,0.569,6.395,2.875,10.282,6.122,False,False,False,False
369,3.185,8.823,5.269,10.683,0.433,-0.433,11,3.917,5.380,4.573,4.940,0.569,6.395,2.875,10.282,6.122,False,False,False,False
370,3.124,9.109,5.398,10.683,0.701,-0.701,11,3.917,5.380,4.573,4.940,0.569,6.395,2.875,10.282,6.122,False,False,False,False
371,3.066,9.384,5.551,10.683,1.049,-1.049,11,3.917,5.380,4.573,4.940,0.569,6.395,2.875,10.282,6.122,False,False,False,False
372,3.008,9.658,5.704,10.683,1.403,-1.403,11,3.917,5.380,4.573,4.940,0.569,6.395,2.875,10.282,6.122,False,False,False,False
373,2.952,9.921,5.877,10.683,1.768,-1.768,11,3.917,5.380,4.573,4.940,0.569,6.395,2.875,10.282,6.122,False,False,False,False
374,5.321,0.941,6.221,11.467,0.389,-0.389,12,4.258,5.941,4.693,5.377,0.678,6.395,3.139,11.205,6.395,False,False,False,False
375,5.265,1.204,6.047,11.467,0.266,-0.266,12,4.258,5.941,4.693,5.377,0.678,6.395,3.139,11.205,6.395,False,False,False,False
376,5.207,1.475,5.887,11.467,0.192,-0.192,12,4.258,5.941,4.693,5.377,0.678,6.395,3.139,11.205,6.395,False,False,False,False
377,5.149,1.750,5.736,11.467,0.132,-0.132,12,4.258,5.941,4.693,5.377,0.678,6.395,3.139,11.205,6.395,False,False,False,False
378,5.089,2.029,5.590,11.467,0.076,-0.076,12,4.258,5.941,4.693,5.377,0.678,6.395,3.139,11.205,6.395,False,False,False,False
379,5.028,2.316,5.462,11.467,0.056,-0.056,12,4.258,5.941,4.693,5.377,0.678,6.395,3.139,11.205,6.395,False,False,False,False
380,4.967,2.603,5.335,11.467,0.044,-0.044,12,4.258,5.941,4.693,5.377,0.678,6.395,3.139,11.205,6.395,False,False,False,False
381,4.905,2.898,5.228,11.467,0.035,-0.035,12,4.258,5.941,4.693,5.377,0.678,6.395,3.139,11.205,6.395,False,False,False,False
382,4.842,3.194,5.125,11.467,0.045,-0.045,12,4.258,5.941,4.693,5.377,0.678,6.395,3.139,11.205,6.395,False,False,False,False
383,4.778,3.494,5.033,11.467,0.071,-0.071,12,4.258,5.941,4.693,5.377,0.678,6.395,3.139,11.205,6.395,False,False,False,False
384,4.714,3.797,4.955,11.467,0.103,-0.103,12,4.258,5.941,4.693,5.377,0.678,6.395,3.139,11.205,6.395,False,False,False,False
385,4.649,4.101,4.878,11.467,0.123,-0.123,12,4.258,5.941,4.693,5.377,0.678,6.395,3.139,11.205,6.395,False,False,False,False
386,4.583,4.410,4.826,11.467,0.158,-0.158,12,4.258,5.941,4.693,5.377,0.678,6.395,3.139,11.205,6.395,False,False,False,False
387,4.518,4.719,4.774,11.467,0.204,-0.204,12,4.258,5.941,4.693,5.377,0.678,6.395,3.139,11.205,6.395,False,False,False,False
388,4.452,5.030,4.739,11.467,0.280,-0.280,12,4.258,5.941,4.693,5.377,0.678,6.395,3.139,11.205,6.395,False,False,False,False
389,4.385,5.342,4.712,11.467,0.380,-0.380,12,4.258,5.941,4.693,5.377,0.678,6.395,3.139,11.205,6.395,False,False,False,False
390,4.319,5.654,4.693,11.467,0.464,-0.464,12,4.258,5.941,4.693,5.377,0.678,6.395,3.139,11.205,6.395,False,False,False,False
391,4.252,5.967,4.693,11.467,0.504,-0.504,12,4.258,5.941,4.693,5.377,0.678,6.395,3.139,11.205,6.395,False,False,False,False
392,4.186,6.281,4.693,11.467,0.490,-0.490,12,4.258,5.941,4.693,5.377,0.678,6.395,3.139,11.205,6.395,False,False,False,False
393,4.119,6.593,4.717,11.467,0.477,-0.477,12,4.258,5.941,4.693,5.377,0.678,6.395,3.139,11.205,6.395,False,False,False,False
394,4.053,6.905,4.743,11.467,0.432,-0.432,12,4.258,5.941,4.693,5.377,0.678,6.395,3.139,11.205,6.395,False,False,False,False
395,3.987,7.215,4.782,11.467,0.412,-0.412,12,4.258,5.941,4.693,5.377,0.678,6.395,3.139,11.205,6.395,False,False,False,False
396,3.921,7.524,4.834,11.467,0.332,-0.332,12,4.258,5.941,4.693,5.377,0.678,6.395,3.139,11.205,6.395,False,False,False,False
397,3.856,7.833,4.890,11.467,0.215,-0.215,12,4.258,5.941,4.693,5.377,0.678,6.395,3.139,11.205,6.395,False,False,False,False
398,3.791,8.137,4.968,11.467,0.105,-0.105,12,4.258,5.941,4.693,5.377,0.678,6.395,3.139,11.205,6.395,False,False,False,False
399,3.727,8.440,5.046,11.467,0.037,-0.037,12,4.258,5.941,4.693,5.377,0.678,6.395,3.139,11.205,6.395,False,False,False,False
400,3.663,8.739,5.142,11.467,0.102,-0.102,12,4.258,5.941,4.693,5.377,0.678,6.395,3.139,11.205,6.395,False,False,False,False
401,3.600,9.035,5.245,11.467,0.275,-0.275,12,4.258,5.941,4.693,5.377,0.678,6.395,3.139,11.205,6.395,False,False,False,False
402,3.538,9.328,5.356,11.467,0.531,-0.531,12,4.258,5.941,4.693,5.377,0.678,6.395,3.139,11.205,6.395,False,False,False,False
403,3.477,9.615,5.484,11.467,0.859,-0.859,12,4.258,5.941,4.693,5.377,0.678,6.395,3.139,11.205,6.395,False,False,False,False
404,3.416,9.903,5.611,11.467,1.214,-1.214,12,4.258,5.941,4.693,5.377,0.678,6.395,3.139,11.205,6.395,False,False,False,False
405,3.357,10.179,5.761,11.467,1.587,-1.587,12,4.258,5.941,4.693,5.377,0.678,6.395,3.139,11.205,6.395,False,False,False,False
406,3.298,10.454,5.912,11.467,2.011,-2.011,12,4.258,5.941,4.693,5.377,0.678,6.395,3.139,11.205,6.395,False,False,False,False
407,3.241,10.723,6.076,11.467,2.424,-2.424,12,4.258,5.941,4.693,5.377,0.678,6.395,3.139,11.205,6.395,False,False,False,False
408,5.757,1.053,6.224,11.654,0.715,-0.715,13,4.674,6.149,4.693,5.813,0.789,6.395,3.533,11.513,6.395,False,False,False,False
409,5.701,1.318,6.052,11.654,0.545,-0.545,13,4.674,6.149,4.693,5.813,0.789,6.395,3.533,11.513,6.395,False,False,False,False
410,5.643,1.589,5.894,11.654,0.372,-0.372,13,4.674,6.149,4.693,5.813,0.789,6.395,3.533,11.513,6.395,False,False,False,False
411,5.584,1.866,5.745,11.654,0.246,-0.246,13,4.674,6.149,4.693,5.813,0.789,6.395,3.533,11.513,6.395,False,False,False,False
412,5.525,2.145,5.600,11.654,0.134,-0.134,13,4.674,6.149,4.693,5.813,0.789,6.395,3.533,11.513,6.395,False,False,False,False
413,5.464,2.433,5.474,11.654,0.062,-0.062,13,4.674,6.149,4.693,5.813,0.789,6.395,3.533,11.513,6.395,False,False,False,False
414,5.402,2.721,5.349,11.654,0.018,-0.018,13,4.674,6.149,4.693,5.813,0.789,6.395,3.533,11.513,6.395,False,False,False,False
415,5.340,3.015,5.241,11.654,0.004,-0.004,13,4.674,6.149,4.693,5.813,0.789,6.395,3.533,11.513,6.395,False,False,False,False
416,5.277,3.312,5.139,11.654,0.021,-0.021,13,4.674,6.149,4.693,5.813,0.789,6.395,3.533,11.513,6.395,False,False,False,False
417,5.213,3.611,5.045,11.654,0.067,-0.067,13,4.674,6.149,4.693,5.813,0.789,6.395,3.533,11.513,6.395,False,False,False,False
418,5.149,3.915,4.968,11.654,0.085,-0.085,13,4.674,6.149,4.693,5.813,0.789,6.395,3.533,11.513,6.395,False,False,False,False
419,5.084,4.218,4.892,11.654,0.079,-0.079,13,4.674,6.149,4.693,5.813,0.789,6.395,3.533,11.513,6.395,False,False,False,False
420,5.019,4.527,4.837,11.654,0.100,-0.100,13,4.674,6.149,4.693,5.813,0.789,6.395,3.533,11.513,6.395,False,False,False,False
421,4.953,4.836,4.786,11.654,0.139,-0.139,13,4.674,6.149,4.693,5.813,0.789,6.395,3.533,11.513,6.395,False,False,False,False
422,4.887,5.146,4.745,11.654,0.201,-0.201,13,4.674,6.149,4.693,5.813,0.789,6.395,3.533,11.513,6.395,False,False,False,False
423,4.821,5.458,4.719,11.654,0.293,-0.293,13,4.674,6.149,4.693,5.813,0.789,6.395,3.533,11.513,6.395,False,False,False,False
424,4.754,5.770,4.694,11.654,0.368,-0.368,13,4.674,6.149,4.693,5.813,0.789,6.395,3.533,11.513,6.395,False,False,False,False
425,4.688,6.084,4.693,11.654,0.418,-0.418,13,4.674,6.149,4.693,5.813,0.789,6.395,3.533,11.513,6.395,False,False,False,False
426,4.621,6.397,4.693,11.654,0.454,-0.454,13,4.674,6.149,4.693,5.813,0.789,6.395,3.533,11.513,6.395,False,False,False,False
427,4.555,6.710,4.708,11.654,0.493,-0.493,13,4.674,6.149,4.693,5.813,0.789,6.395,3.533,11.513,6.395,False,False,False,False
428,4.488,7.022,4.734,11.654,0.504,-0.504,13,4.674,6.149,4.693,5.813,0.789,6.395,3.533,11.513,6.395,False,False,False,False
429,4.422,7.333,4.763,11.654,0.481,-0.481,13,4.674,6.149,4.693,5.813,0.789,6.395,3.533,11.513,6.395,False,False,False,False
430,4.356,7.642,4.815,11.654,0.407,-0.407,13,4.674,6.149,4.693,5.813,0.789,6.395,3.533,11.513,6.395,False,False,False,False
431,4.291,7.952,4.866,11.654,0.269,-0.269,13,4.674,6.149,4.693,5.813,0.789,6.395,3.533,11.513,6.395,False,False,False,False
432,4.226,8.257,4.936,11.654,0.118,-0.118,13,4.674,6.149,4.693,5.813,0.789,6.395,3.533,11.513,6.395,False,False,False,False
433,4.161,8.561,5.012,11.654,0.058,-0.058,13,4.674,6.149,4.693,5.813,0.789,6.395,3.533,11.513,6.395,False,False,False,False
434,4.097,8.863,5.096,11.654,0.069,-0.069,13,4.674,6.149,4.693,5.813,0.789,6.395,3.533,11.513,6.395,False,False,False,False
435,4.034,9.160,5.197,11.654,0.228,-0.228,13,4.674,6.149,4.693,5.813,0.789,6.395,3.533,11.513,6.395,False,False,False,False
436,3.971,9.456,5.299,11.654,0.480,-0.480,13,4.674,6.149,4.693,5.813,0.789,6.395,3.533,11.513,6.395,False,False,False,False
437,3.909,9.746,5.421,11.654,0.799,-0.799,13,4.674,6.149,4.693,5.813,0.789,6.395,3.533,11.513,6.395,False,False,False,False
438,3.848,10.034,5.547,11.654,1.163,-1.163,13,4.674,6.149,4.693,5.813,0.789,6.395,3.533,11.513,6.395,False,False,False,False
439,3.788,10.318,5.682,11.654,1.581,-1.581,13,4.674,6.149,4.693,5.813,0.789,6.395,3.533,11.513,6.395,False,False,False,False
440,3.729,10.595,5.831,11.654,2.001,-2.001,13,4.674,6.149,4.693,5.813,0.789,6.395,3.533,11.513,6.395,False,False,False,False
441,3.670,10.873,5.980,11.654,2.407,-2.407,13,4.674,6.149,4.693,5.813,0.789,6.395,3.533,11.513,6.395,False,False,False,False
442,3.613,11.138,6.152,11.654,2.795,-2.795,13,4.674,6.149,4.693,5.813,0.789,6.395,3.533,11.513,6.395,False,False,False,False
443,6.193,1.165,6.224,11.679,1.121,-1.121,14,5.107,6.274,4.693,6.249,0.900,6.395,3.964,11.651,6.395,False,False,False,False
444,6.137,1.430,6.053,11.679,0.933,-0.933,14,5.107,6.274,4.693,6.249,0.900,6.395,3.964,11.651,6.395,False,False,False,False
445,6.079,1.702,5.895,11.679,0.722,-0.722,14,5.107,6.274,4.693,6.249,0.900,6.395,3.964,11.651,6.395,False,False,False,False
446,6.020,1.979,5.747,11.679,0.514,-0.514,14,5.107,6.274,4.693,6.249,0.900,6.395,3.964,11.651,6.395,False,False,False,False
447,5.961,2.258,5.601,11.679,0.342,-0.342,14,5.107,6.274,4.693,6.249,0.900,6.395,3.964,11.651,6.395,False,False,False,False
448,5.900,2.546,5.476,11.679,0.199,-0.199,14,5.107,6.274,4.693,6.249,0.900,6.395,3.964,11.651,6.395,False,False,False,False
449,5.838,2.834,5.351,11.679,0.117,-0.117,14,5.107,6.274,4.693,6.249,0.900,6.395,3.964,11.651,6.395,False,False,False,False
450,5.776,3.128,5.242,11.679,0.080,-0.080,14,5.107,6.274,4.693,6.249,0.900,6.395,3.964,11.651,6.395,False,False,False,False
451,5.713,3.425,5.141,11.679,0.059,-0.059,14,5.107,6.274,4.693,6.249,0.900,6.395,3.964,11.651,6.395,False,False,False,False
452,5.649,3.724,5.047,11.679,0.052,-0.052,14,5.107,6.274,4.693,6.249,0.900,6.395,3.964,11.651,6.395,False,False,False,False
453,5.585,4.028,4.970,11.679,0.051,-0.051,14,5.107,6.274,4.693,6.249,0.900,6.395,3.964,11.651,6.395,False,False,False,False
454,5.520,4.332,4.894,11.679,0.039,-0.039,14,5.107,6.274,4.693,6.249,0.900,6.395,3.964,11.651,6.395,False,False,False,False
455,5.455,4.640,4.838,11.679,0.052,-0.052,14,5.107,6.274,4.693,6.249,0.900,6.395,3.964,11.651,6.395,False,False,False,False
456,5.389,4.949,4.787,11.679,0.074,-0.074,14,5.107,6.274,4.693,6.249,0.900,6.395,3.964,11.651,6.395,False,False,False,False
457,5.323,5.259,4.746,11.679,0.117,-0.117,14,5.107,6.274,4.693,6.249,0.900,6.395,3.964,11.651,6.395,False,False,False,False
458,5.257,5.571,4.720,11.679,0.197,-0.197,14,5.107,6.274,4.693,6.249,0.900,6.395,3.964,11.651,6.395,False,False,False,False
459,5.190,5.883,4.694,11.679,0.288,-0.288,14,5.107,6.274,4.693,6.249,0.900,6.395,3.964,11.651,6.395,False,False,False,False
460,5.124,6.196,4.693,11.679,0.404,-0.404,14,5.107,6.274,4.693,6.249,0.900,6.395,3.964,11.651,6.395,False,False,False,False
461,5.057,6.510,4.693,11.679,0.493,-0.493,14,5.107,6.274,4.693,6.249,0.900,6.395,3.964,11.651,6.395,False,False,False,False
462,4.991,6.822,4.707,11.679,0.571,-0.571,14,5.107,6.274,4.693,6.249,0.900,6.395,3.964,11.651,6.395,False,False,False,False
463,4.924,7.134,4.733,11.679,0.611,-0.611,14,5.107,6.274,4.693,6.249,0.900,6.395,3.964,11.651,6.395,False,False,False,False
464,4.858,7.446,4.761,11.679,0.580,-0.580,14,5.107,6.274,4.693,6.249,0.900,6.395,3.964,11.651,6.395,False,False,False,False
465,4.792,7.755,4.812,11.679,0.494,-0.494,14,5.107,6.274,4.693,6.249,0.900,6.395,3.964,11.651,6.395,False,False,False,False
466,4.727,8.064,4.864,11.679,0.347,-0.347,14,5.107,6.274,4.693,6.249,0.900,6.395,3.964,11.651,6.395,False,False,False,False
467,4.662,8.370,4.932,11.679,0.163,-0.163,14,5.107,6.274,4.693,6.249,0.900,6.395,3.964,11.651,6.395,False,False,False,False
468,4.597,8.674,5.008,11.679,0.051,-0.051,14,5.107,6.274,4.693,6.249,0.900,6.395,3.964,11.651,6.395,False,False,False,False
469,4.533,8.977,5.090,11.679,0.109,-0.109,14,5.107,6.274,4.693,6.249,0.900,6.395,3.964,11.651,6.395,False,False,False,False
470,4.470,9.273,5.191,11.679,0.252,-0.252,14,5.107,6.274,4.693,6.249,0.900,6.395,3.964,11.651,6.395,False,False,False,False
471,4.407,9.570,5.292,11.679,0.499,-0.499,14,5.107,6.274,4.693,6.249,0.900,6.395,3.964,11.651,6.395,False,False,False,False
472,4.345,9.860,5.413,11.679,0.838,-0.838,14,5.107,6.274,4.693,6.249,0.900,6.395,3.964,11.651,6.395,False,False,False,False
473,4.284,10.149,5.538,11.679,1.215,-1.215,14,5.107,6.274,4.693,6.249,0.900,6.395,3.964,11.651,6.395,False,False,False,False
474,4.223,10.433,5.672,11.679,1.624,-1.624,14,5.107,6.274,4.693,6.249,0.900,6.395,3.964,11.651,6.395,False,False,False,False
475,4.164,10.711,5.821,11.679,2.050,-2.050,14,5.107,6.274,4.693,6.249,0.900,6.395,3.964,11.651,6.395,False,False,False,False
476,4.105,10.988,5.969,11.679,2.429,-2.429,14,5.107,6.274,4.693,6.249,0.900,6.395,3.964,11.651,6.395,False,False,False,False
477,4.049,11.254,6.139,11.679,2.799,-2.799,14,5.107,6.274,4.693,6.249,0.900,6.395,3.964,11.651,6.395,False,False,False,False
478,6.629,1.279,6.224,11.703,1.549,-1.549,15,5.540,6.400,4.693,6.685,1.014,6.395,4.395,11.789,6.395,False,False,False,False
479,6.573,1.544,6.054,11.703,1.340,-1.340,15,5.540,6.400,4.693,6.685,1.014,6.395,4.395,11.789,6.395,False,False,False,False
480,6.515,1.816,5.896,11.703,1.114,-1.114,15,5.540,6.400,4.693,6.685,1.014,6.395,4.395,11.789,6.395,False,False,False,False
481,6.456,2.093,5.748,11.703,0.894,-0.894,15,5.540,6.400,4.693,6.685,1.014,6.395,4.395,11.789,6.395,False,False,False,False
482,6.397,2.372,5.602,11.703,0.677,-0.677,15,5.540,6.400,4.693,6.685,1.014,6.395,4.395,11.789,6.395,False,False,False,False
483,6.335,2.660,5.477,11.703,0.486,-0.486,15,5.540,6.400,4.693,6.685,1.014,6.395,4.395,11.789,6.395,False,False,False,False
484,6.274,2.948,5.352,11.703,0.319,-0.319,15,5.540,6.400,4.693,6.685,1.014,6.395,4.395,11.789,6.395,False,False,False,False
485,6.212,3.242,5.244,11.703,0.218,-0.218,15,5.540,6.400,4.693,6.685,1.014,6.395,4.395,11.789,6.395,False,False,False,False
486,6.148,3.539,5.143,11.703,0.149,-0.149,15,5.540,6.400,4.693,6.685,1.014,6.395,4.395,11.789,6.395,False,False,False,False
487,6.085,3.838,5.048,11.703,0.088,-0.088,15,5.540,6.400,4.693,6.685,1.014,6.395,4.395,11.789,6.395,False,False,False,False
488,6.020,4.142,4.972,11.703,0.056,-0.056,15,5.540,6.400,4.693,6.685,1.014,6.395,4.395,11.789,6.395,False,False,False,False
489,5.956,4.446,4.896,11.703,0.028,-0.028,15,5.540,6.400,4.693,6.685,1.014,6.395,4.395,11.789,6.395,False,False,False,False
490,5.890,4.754,4.840,11.703,0.019,-0.019,15,5.540,6.400,4.693,6.685,1.014,6.395,4.395,11.789,6.395,False,False,False,False
491,5.825,5.063,4.788,11.703,0.026,-0.026,15,5.540,6.400,4.693,6.685,1.014,6.395,4.395,11.789,6.395,False,False,False,False
492,5.759,5.373,4.747,11.703,0.051,-0.051,15,5.540,6.400,4.693,6.685,1.014,6.395,4.395,11.789,6.395,False,False,False,False
493,5.692,5.685,4.721,11.703,0.100,-0.100,15,5.540,6.400,4.693,6.685,1.014,6.395,4.395,11.789,6.395,False,False,False,False
494,5.626,5.998,4.695,11.703,0.191,-0.191,15,5.540,6.400,4.693,6.685,1.014,6.395,4.395,11.789,6.395,False,False,False,False
495,5.559,6.311,4.693,11.703,0.336,-0.336,15,5.540,6.400,4.693,6.685,1.014,6.395,4.395,11.789,6.395,False,False,False,False
496,5.493,6.624,4.693,11.703,0.466,-0.466,15,5.540,6.400,4.693,6.685,1.014,6.395,4.395,11.789,6.395,False,False,False,False
497,5.426,6.937,4.706,11.703,0.575,-0.575,15,5.540,6.400,4.693,6.685,1.014,6.395,4.395,11.789,6.395,False,False,False,False
498,5.360,7.249,4.732,11.703,0.660,-0.660,15,5.540,6.400,4.693,6.685,1.014,6.395,4.395,11.789,6.395,False,False,False,False
499,5.294,7.561,4.759,11.703,0.655,-0.655,15,5.540,6.400,4.693,6.685,1.014,6.395,4.395,11.789,6.395,False,False,False,False
500,5.228,7.870,4.810,11.703,0.583,-0.583,15,5.540,6.400,4.693,6.685,1.014,6.395,4.395,11.789,6.395,False,False,False,False
501,5.162,8.179,4.861,11.703,0.435,-0.435,15,5.540,6.400,4.693,6.685,1.014,6.395,4.395,11.789,6.395,False,False,False,False
502,5.097,8.485,4.928,11.703,0.267,-0.267,15,5.540,6.400,4.693,6.685,1.014,6.395,4.395,11.789,6.395,False,False,False,False
503,5.033,8.789,5.004,11.703,0.107,-0.107,15,5.540,6.400,4.693,6.685,1.014,6.395,4.395,11.789,6.395,False,False,False,False
504,4.968,9.092,5.085,11.703,0.114,-0.114,15,5.540,6.400,4.693,6.685,1.014,6.395,4.395,11.789,6.395,False,False,False,False
505,4.905,9.389,5.186,11.703,0.260,-0.260,15,5.540,6.400,4.693,6.685,1.014,6.395,4.395,11.789,6.395,False,False,False,False
506,4.842,9.685,5.286,11.703,0.473,-0.473,15,5.540,6.400,4.693,6.685,1.014,6.395,4.395,11.789,6.395,False,False,False,False
507,4.780,9.976,5.405,11.703,0.788,-0.788,15,5.540,6.400,4.693,6.685,1.014,6.395,4.395,11.789,6.395,False,False,False,False
508,4.719,10.265,5.530,11.703,1.164,-1.164,15,5.540,6.400,4.693,6.685,1.014,6.395,4.395,11.789,6.395,False,False,False,False
509,4.658,10.550,5.662,11.703,1.584,-1.584,15,5.540,6.400,4.693,6.685,1.014,6.395,4.395,11.789,6.395,False,False,False,False
510,4.599,10.828,5.811,11.703,2.004,-2.004,15,5.540,6.400,4.693,6.685,1.014,6.395,4.395,11.789,6.395,False,False,False,False
511,4.540,11.106,5.959,11.703,2.393,-2.393,15,5.540,6.400,4.693,6.685,1.014,6.395,4.395,11.789,6.395,False,False,False,False
512,4.484,11.372,6.127,11.703,2.769,-2.769,15,5.540,6.400,4.693,6.685,1.014,6.395,4.395,11.789,6.395,False,False,False,False
513,7.064,1.396,6.225,11.724,1.991,-1.991,16,5.973,6.528,4.693,7.120,1.131,6.395,4.826,11.927,6.395,False,False,False,False
514,7.008,1.661,6.054,11.724,1.779,-1.779,16,5.973,6.528,4.693,7.120,1.131,6.395,4.826,11.927,6.395,False,False,False,False
515,6.950,1.933,5.897,11.724,1.547,-1.547,16,5.973,6.528,4.693,7.120,1.131,6.395,4.826,11.927,6.395,False,False,False,False
516,6.891,2.211,5.749,11.724,1.304,-1.304,16,5.973,6.528,4.693,7.120,1.131,6.395,4.826,11.927,6.395,False,False,False,False
517,6.832,2.490,5.603,11.724,1.067,-1.067,16,5.973,6.528,4.693,7.120,1.131,6.395,4.826,11.927,6.395,False,False,False,False
518,6.770,2.778,5.479,11.724,0.826,-0.826,16,5.973,6.528,4.693,7.120,1.131,6.395,4.826,11.927,6.395,False,False,False,False
519,6.709,3.066,5.354,11.724,0.582,-0.582,16,5.973,6.528,4.693,7.120,1.131,6.395,4.826,11.927,6.395,False,False,False,False
520,6.647,3.360,5.245,11.724,0.380,-0.380,16,5.973,6.528,4.693,7.120,1.131,6.395,4.826,11.927,6.395,False,False,False,False
521,6.583,3.657,5.145,11.724,0.241,-0.241,16,5.973,6.528,4.693,7.120,1.131,6.395,4.826,11.927,6.395,False,False,False,False
522,6.520,3.956,5.049,11.724,0.147,-0.147,16,5.973,6.528,4.693,7.120,1.131,6.395,4.826,11.927,6.395,False,False,False,False
523,6.455,4.260,4.973,11.724,0.085,-0.085,16,5.973,6.528,4.693,7.120,1.131,6.395,4.826,11.927,6.395,False,False,False,False
524,6.391,4.564,4.897,11.724,0.037,-0.037,16,5.973,6.528,4.693,7.120,1.131,6.395,4.826,11.927,6.395,False,False,False,False
525,6.325,4.872,4.841,11.724,0.013,-0.013,16,5.973,6.528,4.693,7.120,1.131,6.395,4.826,11.927,6.395,False,False,False,False
526,6.260,5.181,4.790,11.724,0.002,-0.002,16,5.973,6.528,4.693,7.120,1.131,6.395,4.826,11.927,6.395,False,False,False,False
527,6.194,5.491,4.747,11.724,0.014,-0.014,16,5.973,6.528,4.693,7.120,1.131,6.395,4.826,11.927,6.395,False,False,False,False
528,6.127,5.803,4.722,11.724,0.053,-0.053,16,5.973,6.528,4.693,7.120,1.131,6.395,4.826,11.927,6.395,False,False,False,False
529,6.061,6.115,4.696,11.724,0.108,-0.108,16,5.973,6.528,4.693,7.120,1.131,6.395,4.826,11.927,6.395,False,False,False,False
530,5.994,6.428,4.693,11.724,0.207,-0.207,16,5.973,6.528,4.693,7.120,1.131,6.395,4.826,11.927,6.395,False,False,False,False
531,5.928,6.741,4.693,11.724,0.351,-0.351,16,5.973,6.528,4.693,7.120,1.131,6.395,4.826,11.927,6.395,False,False,False,False
532,5.861,7.054,4.705,11.724,0.497,-0.497,16,5.973,6.528,4.693,7.120,1.131,6.395,4.826,11.927,6.395,False,False,False,False
533,5.795,7.366,4.731,11.724,0.618,-0.618,16,5.973,6.528,4.693,7.120,1.131,6.395,4.826,11.927,6.395,False,False,False,False
534,5.729,7.679,4.757,11.724,0.657,-0.657,16,5.973,6.528,4.693,7.120,1.131,6.395,4.826,11.927,6.395,False,False,False,False
535,5.663,7.988,4.808,11.724,0.610,-0.610,16,5.973,6.528,4.693,7.120,1.131,6.395,4.826,11.927,6.395,False,False,False,False
536,5.597,8.297,4.859,11.724,0.472,-0.472,16,5.973,6.528,4.693,7.120,1.131,6.395,4.826,11.927,6.395,False,False,False,False
537,5.532,8.603,4.924,11.724,0.313,-0.313,16,5.973,6.528,4.693,7.120,1.131,6.395,4.826,11.927,6.395,False,False,False,False
538,5.468,8.907,5.000,11.724,0.183,-0.183,16,5.973,6.528,4.693,7.120,1.131,6.395,4.826,11.927,6.395,False,False,False,False
539,5.403,9.210,5.080,11.724,0.146,-0.146,16,5.973,6.528,4.693,7.120,1.131,6.395,4.826,11.927,6.395,False,False,False,False
540,5.340,9.507,5.180,11.724,0.284,-0.284,16,5.973,6.528,4.693,7.120,1.131,6.395,4.826,11.927,6.395,False,False,False,False
541,5.277,9.804,5.281,11.724,0.539,-0.539,16,5.973,6.528,4.693,7.120,1.131,6.395,4.826,11.927,6.395,False,False,False,False
542,5.215,10.095,5.398,11.724,0.880,-0.880,16,5.973,6.528,4.693,7.120,1.131,6.395,4.826,11.927,6.395,False,False,False,False
543,5.154,10.384,5.523,11.724,1.260,-1.260,16,5.973,6.528,4.693,7.120,1.131,6.395,4.826,11.927,6.395,False,False,False,False
544,5.093,10.670,5.654,11.724,1.653,-1.653,16,5.973,6.528,4.693,7.120,1.131,6.395,4.826,11.927,6.395,False,False,False,False
545,5.034,10.948,5.802,11.724,2.035,-2.035,16,5.973,6.528,4.693,7.120,1.131,6.395,4.826,11.927,6.395,False,False,False,False
546,4.975,11.225,5.950,11.724,2.402,-2.402,16,5.973,6.528,4.693,7.120,1.131,6.395,4.826,11.927,6.395,False,False,False,False
547,4.918,11.493,6.116,11.724,2.767,-2.767,16,5.973,6.528,4.693,7.120,1.131,6.395,4.826,11.927,6.395,False,False,False,False
548,7.193,2.956,6.203,10.361,1.746,-1.746,17,6.251,7.385,4.694,7.246,2.705,6.395,5.256,12.066,6.395,False,False,False,False
549,7.139,3.207,6.012,10.361,1.407,-1.407,17,6.251,7.385,4.694,7.246,2.705,6.395,5.256,12.066,6.395,False,False,False,False
550,7.083,3.471,5.842,10.361,1.097,-1.097,17,6.251,7.385,4.694,7.246,2.705,6.395,5.256,12.066,6.395,False,False,False,False
551,7.026,3.738,5.675,10.361,0.827,-0.827,17,6.251,7.385,4.694,7.246,2.705,6.395,5.256,12.066,6.395,False,False,False,False
552,6.968,4.015,5.525,10.361,0.654,-0.654,17,6.251,7.385,4.694,7.246,2.705,6.395,5.256,12.066,6.395,False,False,False,False
553,6.908,4.296,5.384,10.361,0.515,-0.515,17,6.251,7.385,4.694,7.246,2.705,6.395,5.256,12.066,6.395,False,False,False,False
554,6.847,4.582,5.257,10.361,0.414,-0.414,17,6.251,7.385,4.694,7.246,2.705,6.395,5.256,12.066,6.395,False,False,False,False
555,6.785,4.875,5.142,10.361,0.309,-0.309,17,6.251,7.385,4.694,7.246,2.705,6.395,5.256,12.066,6.395,False,False,False,False
556,6.722,5.170,5.038,10.361,0.241,-0.241,17,6.251,7.385,4.694,7.246,2.705,6.395,5.256,12.066,6.395,False,False,False,False
557,6.658,5.472,4.951,10.361,0.216,-0.216,17,6.251,7.385,4.694,7.246,2.705,6.395,5.256,12.066,6.395,False,False,False,False
558,6.594,5.774,4.870,10.361,0.208,-0.208,17,6.251,7.385,4.694,7.246,2.705,6.395,5.256,12.066,6.395,False,False,False,False
559,6.528,6.082,4.812,10.361,0.269,-0.269,17,6.251,7.385,4.694,7.246,2.705,6.395,5.256,12.066,6.395,False,False,False,False
560,6.463,6.390,4.755,10.361,0.378,-0.378,17,6.251,7.385,4.694,7.246,2.705,6.395,5.256,12.066,6.395,False,False,False,False
561,6.396,6.701,4.726,10.361,0.552,-0.552,17,6.251,7.385,4.694,7.246,2.705,6.395,5.256,12.066,6.395,False,False,False,False
562,6.330,7.013,4.697,10.361,0.695,-0.695,17,6.251,7.385,4.694,7.246,2.705,6.395,5.256,12.066,6.395,False,False,False,False
563,6.264,7.326,4.694,10.361,0.770,-0.770,17,6.251,7.385,4.694,7.246,2.705,6.395,5.256,12.066,6.395,False,False,False,False
564,6.197,7.638,4.694,10.361,0.737,-0.737,17,6.251,7.385,4.694,7.246,2.705,6.395,5.256,12.066,6.395,False,False,False,False
565,6.131,7.950,4.715,10.361,0.593,-0.593,17,6.251,7.385,4.694,7.246,2.705,6.395,5.256,12.066,6.395,False,False,False,False
566,6.065,8.262,4.744,10.361,0.433,-0.433,17,6.251,7.385,4.694,7.246,2.705,6.395,5.256,12.066,6.395,False,False,False,False
567,5.999,8.571,4.790,10.361,0.262,-0.262,17,6.251,7.385,4.694,7.246,2.705,6.395,5.256,12.066,6.395,False,False,False,False
568,5.934,8.879,4.848,10.361,0.138,-0.138,17,6.251,7.385,4.694,7.246,2.705,6.395,5.256,12.066,6.395,False,False,False,False
569,5.869,9.184,4.918,10.361,0.091,-0.091,17,6.251,7.385,4.694,7.246,2.705,6.395,5.256,12.066,6.395,False,False,False,False
570,5.805,9.485,5.005,10.361,0.210,-0.210,17,6.251,7.385,4.694,7.246,2.705,6.395,5.256,12.066,6.395,False,False,False,False
571,5.741,9.784,5.098,10.361,0.452,-0.452,17,6.251,7.385,4.694,7.246,2.705,6.395,5.256,12.066,6.395,False,False,False,False
572,5.679,10.076,5.213,10.361,0.786,-0.786,17,6.251,7.385,4.694,7.246,2.705,6.395,5.256,12.066,6.395,False,False,False,False
573,5.617,10.367,5.329,10.361,1.151,-1.151,17,6.251,7.385,4.694,7.246,2.705,6.395,5.256,12.066,6.395,False,False,False,False
574,5.557,10.649,5.471,10.361,1.535,-1.535,17,6.251,7.385,4.694,7.246,2.705,6.395,5.256,12.066,6.395,False,False,False,False
575,5.498,10.930,5.613,10.361,1.893,-1.893,17,6.251,7.385,4.694,7.246,2.705,6.395,5.256,12.066,6.395,False,False,False,False
576,5.441,11.198,5.778,10.361,2.249,-2.249,17,6.251,7.385,4.694,7.246,2.705,6.395,5.256,12.066,6.395,False,False,False,False
577,5.384,11.465,5.945,10.361,2.557,-2.557,17,6.251,7.385,4.694,7.246,2.705,6.395,5.256,12.066,6.395,False,False,False,False
578,5.330,11.720,6.131,10.361,2.875,-2.875,17,6.251,7.385,4.694,7.246,2.705,6.395,5.256,12.066,6.395,False,False,False,False
579,7.927,1.666,6.225,11.731,2.713,-2.713,18,6.835,6.802,4.693,7.983,1.401,6.395,5.687,12.206,6.395,False,False,False,False
580,7.870,1.931,6.055,11.731,2.386,-2.386,18,6.835,6.802,4.693,7.983,1.401,6.395,5.687,12.206,6.395,False,False,False,False
581,7.813,2.203,5.897,11.731,2.054,-2.054,18,6.835,6.802,4.693,7.983,1.401,6.395,5.687,12.206,6.395,False,False,False,False
582,7.754,2.481,5.749,11.731,1.727,-1.727,18,6.835,6.802,4.693,7.983,1.401,6.395,5.687,12.206,6.395,False,False,False,False
583,7.694,2.760,5.604,11.731,1.411,-1.411,18,6.835,6.802,4.693,7.983,1.401,6.395,5.687,12.206,6.395,False,False,False,False
584,7.633,3.048,5.479,11.731,1.097,-1.097,18,6.835,6.802,4.693,7.983,1.401,6.395,5.687,12.206,6.395,False,False,False,False
585,7.572,3.336,5.355,11.731,0.776,-0.776,18,6.835,6.802,4.693,7.983,1.401,6.395,5.687,12.206,6.395,False,False,False,False
586,7.509,3.630,5.246,11.731,0.493,-0.493,18,6.835,6.802,4.693,7.983,1.401,6.395,5.687,12.206,6.395,False,False,False,False
587,7.446,3.928,5.145,11.731,0.290,-0.290,18,6.835,6.802,4.693,7.983,1.401,6.395,5.687,12.206,6.395,False,False,False,False
588,7.383,4.226,5.050,11.731,0.168,-0.168,18,6.835,6.802,4.693,7.983,1.401,6.395,5.687,12.206,6.395,False,False,False,False
589,7.318,4.530,4.974,11.731,0.118,-0.118,18,6.835,6.802,4.693,7.983,1.401,6.395,5.687,12.206,6.395,False,False,False,False
590,7.253,4.834,4.898,11.731,0.042,-0.042,18,6.835,6.802,4.693,7.983,1.401,6.395,5.687,12.206,6.395,False,False,False,False
591,7.188,5.142,4.841,11.731,0.032,-0.032,18,6.835,6.802,4.693,7.983,1.401,6.395,5.687,12.206,6.395,False,False,False,False
592,7.122,5.451,4.790,11.731,0.082,-0.082,18,6.835,6.802,4.693,7.983,1.401,6.395,5.687,12.206,6.395,False,False,False,False
593,7.056,5.761,4.748,11.731,0.184,-0.184,18,6.835,6.802,4.693,7.983,1.401,6.395,5.687,12.206,6.395,False,False,False,False
594,6.990,6.073,4.722,11.731,0.354,-0.354,18,6.835,6.802,4.693,7.983,1.401,6.395,5.687,12.206,6.395,False,False,False,False
595,6.924,6.386,4.696,11.731,0.701,-0.701,18,6.835,6.802,4.693,7.983,1.401,6.395,5.687,12.206,6.395,False,False,False,False
596,6.857,6.699,4.693,11.731,0.997,-0.997,18,6.835,6.802,4.693,7.983,1.401,6.395,5.687,12.206,6.395,False,False,False,False
597,6.791,7.012,4.693,11.731,1.163,-1.163,18,6.835,6.802,4.693,7.983,1.401,6.395,5.687,12.206,6.395,False,False,False,False
598,6.724,7.324,4.705,11.731,1.221,-1.221,18,6.835,6.802,4.693,7.983,1.401,6.395,5.687,12.206,6.395,False,False,False,False
599,6.658,7.637,4.730,11.731,1.186,-1.186,18,6.835,6.802,4.693,7.983,1.401,6.395,5.687,12.206,6.395,False,False,False,False
600,6.591,7.949,4.756,11.731,0.948,-0.948,18,6.835,6.802,4.693,7.983,1.401,6.395,5.687,12.206,6.395,False,False,False,False
601,6.526,8.258,4.807,11.731,0.703,-0.703,18,6.835,6.802,4.693,7.983,1.401,6.395,5.687,12.206,6.395,False,False,False,False
602,6.460,8.567,4.858,11.731,0.477,-0.477,18,6.835,6.802,4.693,7.983,1.401,6.395,5.687,12.206,6.395,False,False,False,False
603,6.395,8.873,4.923,11.731,0.348,-0.348,18,6.835,6.802,4.693,7.983,1.401,6.395,5.687,12.206,6.395,False,False,False,False
604,6.330,9.177,4.999,11.731,0.319,-0.319,18,6.835,6.802,4.693,7.983,1.401,6.395,5.687,12.206,6.395,False,False,False,False
605,6.266,9.481,5.078,11.731,0.419,-0.419,18,6.835,6.802,4.693,7.983,1.401,6.395,5.687,12.206,6.395,False,False,False,False
606,6.203,9.778,5.179,11.731,0.650,-0.650,18,6.835,6.802,4.693,7.983,1.401,6.395,5.687,12.206,6.395,False,False,False,False
607,6.140,10.074,5.279,11.731,0.946,-0.946,18,6.835,6.802,4.693,7.983,1.401,6.395,5.687,12.206,6.395,False,False,False,False
608,6.078,10.366,5.396,11.731,1.272,-1.272,18,6.835,6.802,4.693,7.983,1.401,6.395,5.687,12.206,6.395,False,False,False,False
609,6.016,10.654,5.521,11.731,1.632,-1.632,18,6.835,6.802,4.693,7.983,1.401,6.395,5.687,12.206,6.395,False,False,False,False
610,5.955,10.941,5.651,11.731,1.960,-1.960,18,6.835,6.802,4.693,7.983,1.401,6.395,5.687,12.206,6.395,False,False,False,False
611,5.896,11.219,5.799,11.731,2.267,-2.267,18,6.835,6.802,4.693,7.983,1.401,6.395,5.687,12.206,6.395,False,False,False,False
612,5.837,11.497,5.947,11.731,2.541,-2.541,18,6.835,6.802,4.693,7.983,1.401,6.395,5.687,12.206,6.395,False,False,False,False
613,5.780,11.765,6.112,11.731,2.847,-2.847,18,6.835,6.802,4.693,7.983,1.401,6.395,5.687,12.206,6.395,False,False,False,False
614,8.356,1.812,6.225,11.725,2.818,-2.818,19,7.265,6.945,4.693,8.412,1.547,6.395,6.117,12.345,6.395,False,False,False,False
615,8.298,2.085,6.049,11.725,2.454,-2.454,19,7.265,6.945,4.693,8.412,1.547,6.395,6.117,12.345,6.395,False,False,False,False
616,8.238,2.365,5.888,11.725,2.096,-2.096,19,7.265,6.945,4.693,8.412,1.547,6.395,6.117,12.345,6.395,False,False,False,False
617,8.177,2.651,5.736,11.725,1.741,-1.741,19,7.265,6.945,4.693,8.412,1.547,6.395,6.117,12.345,6.395,False,False,False,False
618,8.116,2.939,5.589,11.725,1.379,-1.379,19,7.265,6.945,4.693,8.412,1.547,6.395,6.117,12.345,6.395,False,False,False,False
619,8.053,3.236,5.460,11.725,1.028,-1.028,19,7.265,6.945,4.693,8.412,1.547,6.395,6.117,12.345,6.395,False,False,False,False
620,7.990,3.533,5.332,11.725,0.692,-0.692,19,7.265,6.945,4.693,8.412,1.547,6.395,6.117,12.345,6.395,False,False,False,False
621,7.925,3.837,5.225,11.725,0.418,-0.418,19,7.265,6.945,4.693,8.412,1.547,6.395,6.117,12.345,6.395,False,False,False,False
622,7.860,4.143,5.121,11.725,0.213,-0.213,19,7.265,6.945,4.693,8.412,1.547,6.395,6.117,12.345,6.395,False,False,False,False
623,7.795,4.452,5.029,11.725,0.106,-0.106,19,7.265,6.945,4.693,8.412,1.547,6.395,6.117,12.345,6.395,False,False,False,False
624,7.728,4.765,4.951,11.725,0.048,-0.048,19,7.265,6.945,4.693,8.412,1.547,6.395,6.117,12.345,6.395,False,False,False,False
625,7.661,5.079,4.875,11.725,0.040,-0.040,19,7.265,6.945,4.693,8.412,1.547,6.395,6.117,12.345,6.395,False,False,False,False
626,7.594,5.397,4.823,11.725,0.138,-0.138,19,7.265,6.945,4.693,8.412,1.547,6.395,6.117,12.345,6.395,False,False,False,False
627,7.526,5.715,4.770,11.725,0.317,-0.317,19,7.265,6.945,4.693,8.412,1.547,6.395,6.117,12.345,6.395,False,False,False,False
628,7.458,6.035,4.737,11.725,0.626,-0.626,19,7.265,6.945,4.693,8.412,1.547,6.395,6.117,12.345,6.395,False,False,False,False
629,7.390,6.357,4.710,11.725,1.148,-1.148,19,7.265,6.945,4.693,8.412,1.547,6.395,6.117,12.345,6.395,False,False,False,False
630,7.321,6.679,4.693,11.725,1.477,-1.477,19,7.265,6.945,4.693,8.412,1.547,6.395,6.117,12.345,6.395,False,False,False,False
631,7.253,7.001,4.693,11.725,1.613,-1.613,19,7.265,6.945,4.693,8.412,1.547,6.395,6.117,12.345,6.395,False,False,False,False
632,7.184,7.323,4.693,11.725,1.608,-1.608,19,7.265,6.945,4.693,8.412,1.547,6.395,6.117,12.345,6.395,False,False,False,False
633,7.116,7.644,4.719,11.725,1.550,-1.550,19,7.265,6.945,4.693,8.412,1.547,6.395,6.117,12.345,6.395,False,False,False,False
634,7.048,7.966,4.746,11.725,1.367,-1.367,19,7.265,6.945,4.693,8.412,1.547,6.395,6.117,12.345,6.395,False,False,False,False
635,6.980,8.285,4.788,11.725,1.081,-1.081,19,7.265,6.945,4.693,8.412,1.547,6.395,6.117,12.345,6.395,False,False,False,False
636,6.912,8.603,4.841,11.725,0.826,-0.826,19,7.265,6.945,4.693,8.412,1.547,6.395,6.117,12.345,6.395,False,False,False,False
637,6.845,8.920,4.899,11.725,0.652,-0.652,19,7.265,6.945,4.693,8.412,1.547,6.395,6.117,12.345,6.395,False,False,False,False
638,6.778,9.233,4.978,11.725,0.639,-0.639,19,7.265,6.945,4.693,8.412,1.547,6.395,6.117,12.345,6.395,False,False,False,False
639,6.712,9.547,5.056,11.725,0.670,-0.670,19,7.265,6.945,4.693,8.412,1.547,6.395,6.117,12.345,6.395,False,False,False,False
640,6.647,9.853,5.156,11.725,0.854,-0.854,19,7.265,6.945,4.693,8.412,1.547,6.395,6.117,12.345,6.395,False,False,False,False
641,6.582,10.158,5.260,11.725,1.112,-1.112,19,7.265,6.945,4.693,8.412,1.547,6.395,6.117,12.345,6.395,False,False,False,False
642,6.518,10.460,5.376,11.725,1.417,-1.417,19,7.265,6.945,4.693,8.412,1.547,6.395,6.117,12.345,6.395,False,False,False,False
643,6.455,10.757,5.504,11.725,1.731,-1.731,19,7.265,6.945,4.693,8.412,1.547,6.395,6.117,12.345,6.395,False,False,False,False
644,6.392,11.053,5.636,11.725,2.020,-2.020,19,7.265,6.945,4.693,8.412,1.547,6.395,6.117,12.345,6.395,False,False,False,False
645,6.331,11.339,5.788,11.725,2.275,-2.275,19,7.265,6.945,4.693,8.412,1.547,6.395,6.117,12.345,6.395,False,False,False,False
646,6.270,11.625,5.941,11.725,2.536,-2.536,19,7.265,6.945,4.693,8.412,1.547,6.395,6.117,12.345,6.395,False,False,False,False
647,6.211,11.902,6.110,11.725,2.835,-2.835,19,7.265,6.945,4.693,8.412,1.547,6.395,6.117,12.345,6.395,False,False,False,False
648,8.784,1.960,6.224,11.717,2.813,-2.813,20,7.694,7.089,4.693,8.841,1.695,6.395,6.547,12.485,6.395,False,False,False,False
649,8.728,2.225,6.054,11.717,2.456,-2.456,20,7.694,7.089,4.693,8.841,1.695,6.395,6.547,12.485,6.395,False,False,False,False
650,8.670,2.497,5.896,11.717,2.116,-2.116,20,7.694,7.089,4.693,8.841,1.695,6.395,6.547,12.485,6.395,False,False,False,False
651,8.611,2.775,5.748,11.717,1.769,-1.769,20,7.694,7.089,4.693,8.841,1.695,6.395,6.547,12.485,6.395,False,False,False,False
652,8.552,3.054,5.603,11.717,1.410,-1.410,20,7.694,7.089,4.693,8.841,1.695,6.395,6.547,12.485,6.395,False,False,False,False
653,8.491,3.342,5.478,11.717,1.076,-1.076,20,7.694,7.089,4.693,8.841,1.695,6.395,6.547,12.485,6.395,False,False,False,False
654,8.429,3.630,5.354,11.717,0.774,-0.774,20,7.694,7.089,4.693,8.841,1.695,6.395,6.547,12.485,6.395,False,False,False,False
655,8.367,3.924,5.245,11.717,0.516,-0.516,20,7.694,7.089,4.693,8.841,1.695,6.395,6.547,12.485,6.395,False,False,False,False
656,8.304,4.221,5.144,11.717,0.300,-0.300,20,7.694,7.089,4.693,8.841,1.695,6.395,6.547,12.485,6.395,False,False,False,False
657,8.240,4.520,5.049,11.717,0.130,-0.130,20,7.694,7.089,4.693,8.841,1.695,6.395,6.547,12.485,6.395,False,False,False,False
658,8.176,4.824,4.973,11.717,0.080,-0.080,20,7.694,7.089,4.693,8.841,1.695,6.395,6.547,12.485,6.395,False,False,False,False
659,8.111,5.128,4.897,11.717,0.122,-0.122,20,7.694,7.089,4.693,8.841,1.695,6.395,6.547,12.485,6.395,False,False,False,False
660,8.046,5.436,4.840,11.717,0.282,-0.282,20,7.694,7.089,4.693,8.841,1.695,6.395,6.547,12.485,6.395,False,False,False,False
661,7.980,5.745,4.789,11.717,0.623,-0.623,20,7.694,7.089,4.693,8.841,1.695,6.395,6.547,12.485,6.395,False,False,False,False
662,7.914,6.055,4.747,11.717,1.189,-1.189,20,7.694,7.089,4.693,8.841,1.695,6.395,6.547,12.485,6.395,False,False,False,False
663,7.848,6.367,4.721,11.717,1.695,-1.695,20,7.694,7.089,4.693,8.841,1.695,6.395,6.547,12.485,6.395,False,False,False,False
664,7.781,6.679,4.696,11.717,2.005,-2.005,20,7.694,7.089,4.693,8.841,1.695,6.395,6.547,12.485,6.395,False,False,False,False
665,7.715,6.992,4.693,11.717,2.136,-2.136,20,7.694,7.089,4.693,8.841,1.695,6.395,6.547,12.485,6.395,False,False,False,False
666,7.648,7.305,4.693,11.717,2.122,-2.122,20,7.694,7.089,4.693,8.841,1.695,6.395,6.547,12.485,6.395,False,False,False,False
667,7.582,7.618,4.705,11.717,1.998,-1.998,20,7.694,7.089,4.693,8.841,1.695,6.395,6.547,12.485,6.395,False,False,False,False
668,7.515,7.930,4.731,11.717,1.805,-1.805,20,7.694,7.089,4.693,8.841,1.695,6.395,6.547,12.485,6.395,False,False,False,False
669,7.449,8.242,4.757,11.717,1.521,-1.521,20,7.694,7.089,4.693,8.841,1.695,6.395,6.547,12.485,6.395,False,False,False,False
670,7.383,8.551,4.808,11.717,1.247,-1.247,20,7.694,7.089,4.693,8.841,1.695,6.395,6.547,12.485,6.395,False,False,False,False
671,7.318,8.861,4.859,11.717,1.052,-1.052,20,7.694,7.089,4.693,8.841,1.695,6.395,6.547,12.485,6.395,False,False,False,False
672,7.253,9.167,4.925,11.717,1.072,-1.072,20,7.694,7.089,4.693,8.841,1.695,6.395,6.547,12.485,6.395,False,False,False,False
673,7.188,9.471,5.001,11.717,1.101,-1.101,20,7.694,7.089,4.693,8.841,1.695,6.395,6.547,12.485,6.395,False,False,False,False
674,7.124,9.774,5.081,11.717,1.171,-1.171,20,7.694,7.089,4.693,8.841,1.695,6.395,6.547,12.485,6.395,False,False,False,False
675,7.060,10.071,5.182,11.717,1.286,-1.286,20,7.694,7.089,4.693,8.841,1.695,6.395,6.547,12.485,6.395,False,False,False,False
676,6.997,10.367,5.283,11.717,1.472,-1.472,20,7.694,7.089,4.693,8.841,1.695,6.395,6.547,12.485,6.395,False,False,False,False
677,6.936,10.658,5.400,11.717,1.694,-1.694,20,7.694,7.089,4.693,8.841,1.695,6.395,6.547,12.485,6.395,False,False,False,False
678,6.874,10.947,5.525,11.717,1.913,-1.913,20,7.694,7.089,4.693,8.841,1.695,6.395,6.547,12.485,6.395,False,False,False,False
679,6.813,11.233,5.656,11.717,2.091,-2.091,20,7.694,7.089,4.693,8.841,1.695,6.395,6.547,12.485,6.395,False,False,False,False
680,6.754,11.511,5.804,11.717,2.275,-2.275,20,7.694,7.089,4.693,8.841,1.695,6.395,6.547,12.485,6.395,False,False,False,False
681,6.695,11.789,5.953,11.717,2.578,-2.578,20,7.694,7.089,4.693,8.841,1.695,6.395,6.547,12.485,6.395,False,False,False,False
682,6.638,12.056,6.119,11.717,2.914,-2.914,20,7.694,7.089,4.693,8.841,1.695,6.395,6.547,12.485,6.395,False,False,False,False
683,9.212,2.111,6.224,11.709,2.681,-2.681,21,8.123,7.235,4.693,9.269,1.846,6.395,6.977,12.627,6.395,False,False,False,False
684,9.156,2.376,6.054,11.709,2.333,-2.333,21,8.123,7.235,4.693,9.269,1.846,6.395,6.977,12.627,6.395,False,False,False,False
685,9.098,2.648,5.896,11.709,2.001,-2.001,21,8.123,7.235,4.693,9.269,1.846,6.395,6.977,12.627,6.395,False,False,False,False
686,9.039,2.926,5.748,11.709,1.657,-1.657,21,8.123,7.235,4.693,9.269,1.846,6.395,6.977,12.627,6.395,False,False,False,False
687,8.980,3.204,5.603,11.709,1.347,-1.347,21,8.123,7.235,4.693,9.269,1.846,6.395,6.977,12.627,6.395,False,False,False,False
688,8.919,3.492,5.478,11.709,1.061,-1.061,21,8.123,7.235,4.693,9.269,1.846,6.395,6.977,12.627,6.395,False,False,False,False
689,8.858,3.781,5.353,11.709,0.798,-0.798,21,8.123,7.235,4.693,9.269,1.846,6.395,6.977,12.627,6.395,False,False,False,False
690,8.795,4.075,5.244,11.709,0.575,-0.575,21,8.123,7.235,4.693,9.269,1.846,6.395,6.977,12.627,6.395,False,False,False,False
691,8.732,4.372,5.143,11.709,0.394,-0.394,21,8.123,7.235,4.693,9.269,1.846,6.395,6.977,12.627,6.395,False,False,False,False
692,8.668,4.671,5.048,11.709,0.271,-0.271,21,8.123,7.235,4.693,9.269,1.846,6.395,6.977,12.627,6.395,False,False,False,False
693,8.604,4.975,4.972,11.709,0.239,-0.239,21,8.123,7.235,4.693,9.269,1.846,6.395,6.977,12.627,6.395,False,False,False,False
694,8.539,5.278,4.896,11.709,0.347,-0.347,21,8.123,7.235,4.693,9.269,1.846,6.395,6.977,12.627,6.395,False,False,False,False
695,8.474,5.586,4.840,11.709,0.680,-0.680,21,8.123,7.235,4.693,9.269,1.846,6.395,6.977,12.627,6.395,False,False,False,False
696,8.408,5.895,4.789,11.709,1.222,-1.222,21,8.123,7.235,4.693,9.269,1.846,6.395,6.977,12.627,6.395,False,False,False,False
697,8.342,6.206,4.747,11.709,1.729,-1.729,21,8.123,7.235,4.693,9.269,1.846,6.395,6.977,12.627,6.395,False,False,False,False
698,8.276,6.518,4.721,11.709,2.232,-2.232,21,8.123,7.235,4.693,9.269,1.846,6.395,6.977,12.627,6.395,False,False,False,False
699,8.209,6.830,4.695,11.709,3.012,-3.012,21,8.123,7.235,4.693,9.269,1.846,6.395,6.977,12.627,6.395,False,False,False,False
700,8.143,7.143,4.693,11.709,2.427,-2.427,21,8.123,7.235,4.693,9.269,1.846,6.395,6.977,12.627,6.395,False,False,False,False
701,8.076,7.456,4.693,11.709,2.243,-2.243,21,8.123,7.235,4.693,9.269,1.846,6.395,6.977,12.627,6.395,False,False,False,False
702,8.010,7.768,4.706,11.709,2.076,-2.076,21,8.123,7.235,4.693,9.269,1.846,6.395,6.977,12.627,6.395,False,False,False,False
703,7.944,8.080,4.731,11.709,1.879,-1.879,21,8.123,7.235,4.693,9.269,1.846,6.395,6.977,12.627,6.395,False,False,False,False
704,7.877,8.392,4.758,11.709,1.642,-1.642,21,8.123,7.235,4.693,9.269,1.846,6.395,6.977,12.627,6.395,False,False,False,False
705,7.812,8.701,4.809,11.709,1.491,-1.491,21,8.123,7.235,4.693,9.269,1.846,6.395,6.977,12.627,6.395,False,False,False,False
706,7.746,9.010,4.860,11.709,1.475,-1.475,21,8.123,7.235,4.693,9.269,1.846,6.395,6.977,12.627,6.395,False,False,False,False
707,7.681,9.316,4.927,11.709,1.544,-1.544,21,8.123,7.235,4.693,9.269,1.846,6.395,6.977,12.627,6.395,False,False,False,False
708,7.616,9.621,5.003,11.709,1.610,-1.610,21,8.123,7.235,4.693,9.269,1.846,6.395,6.977,12.627,6.395,False,False,False,False
709,7.552,9.924,5.083,11.709,1.627,-1.627,21,8.123,7.235,4.693,9.269,1.846,6.395,6.977,12.627,6.395,False,False,False,False
710,7.489,10.220,5.184,11.709,1.668,-1.668,21,8.123,7.235,4.693,9.269,1.846,6.395,6.977,12.627,6.395,False,False,False,False
711,7.426,10.517,5.285,11.709,1.727,-1.727,21,8.123,7.235,4.693,9.269,1.846,6.395,6.977,12.627,6.395,False,False,False,False
712,7.364,10.808,5.403,11.709,1.838,-1.838,21,8.123,7.235,4.693,9.269,1.846,6.395,6.977,12.627,6.395,False,False,False,False
713,7.303,11.096,5.528,11.709,1.957,-1.957,21,8.123,7.235,4.693,9.269,1.846,6.395,6.977,12.627,6.395,False,False,False,False
714,7.242,11.382,5.660,11.709,2.075,-2.075,21,8.123,7.235,4.693,9.269,1.846,6.395,6.977,12.627,6.395,False,False,False,False
715,7.183,11.660,5.808,11.709,2.293,-2.293,21,8.123,7.235,4.693,9.269,1.846,6.395,6.977,12.627,6.395,False,False,False,False
716,7.124,11.938,5.956,11.709,2.591,-2.591,21,8.123,7.235,4.693,9.269,1.846,6.395,6.977,12.627,6.395,False,False,False,False
717,7.067,12.205,6.123,11.709,3.066,-3.066,21,8.123,7.235,4.693,9.269,1.846,6.395,6.977,12.627,6.395,False,False,False,False
718,9.643,2.248,6.200,10.192,2.406,-2.406,22,8.721,6.589,4.694,9.696,1.999,6.395,7.745,11.179,6.395,False,False,False,False
719,9.589,2.505,6.000,10.192,2.101,-2.101,22,8.721,6.589,4.694,9.696,1.999,6.395,7.745,11.179,6.395,False,False,False,False
720,9.531,2.778,5.822,10.192,1.789,-1.789,22,8.721,6.589,4.694,9.696,1.999,6.395,7.745,11.179,6.395,False,False,False,False
721,9.472,3.053,5.646,10.192,1.485,-1.485,22,8.721,6.589,4.694,9.696,1.999,6.395,7.745,11.179,6.395,False,False,False,False
722,9.411,3.340,5.494,10.192,1.202,-1.202,22,8.721,6.589,4.694,9.696,1.999,6.395,7.745,11.179,6.395,False,False,False,False
723,9.350,3.630,5.345,10.192,0.930,-0.930,22,8.721,6.589,4.694,9.696,1.999,6.395,7.745,11.179,6.395,False,False,False,False
724,9.286,3.929,5.220,10.192,0.700,-0.700,22,8.721,6.589,4.694,9.696,1.999,6.395,7.745,11.179,6.395,False,False,False,False
725,9.222,4.230,5.099,10.192,0.509,-0.509,22,8.721,6.589,4.694,9.696,1.999,6.395,7.745,11.179,6.395,False,False,False,False
726,9.156,4.539,5.001,10.192,0.381,-0.381,22,8.721,6.589,4.694,9.696,1.999,6.395,7.745,11.179,6.395,False,False,False,False
727,9.090,4.851,4.909,10.192,0.295,-0.295,22,8.721,6.589,4.694,9.696,1.999,6.395,7.745,11.179,6.395,False,False,False,False
728,9.023,5.167,4.839,10.192,0.340,-0.340,22,8.721,6.589,4.694,9.696,1.999,6.395,7.745,11.179,6.395,False,False,False,False
729,8.955,5.485,4.778,10.192,0.561,-0.561,22,8.721,6.589,4.694,9.696,1.999,6.395,7.745,11.179,6.395,False,False,False,False
730,8.887,5.806,4.737,10.192,0.993,-0.993,22,8.721,6.589,4.694,9.696,1.999,6.395,7.745,11.179,6.395,False,False,False,False
731,8.819,6.128,4.706,10.192,1.493,-1.493,22,8.721,6.589,4.694,9.696,1.999,6.395,7.745,11.179,6.395,False,False,False,False
732,8.750,6.451,4.694,10.192,1.876,-1.876,22,8.721,6.589,4.694,9.696,1.999,6.395,7.745,11.179,6.395,False,False,False,False
733,8.681,6.774,4.694,10.192,2.076,-2.076,22,8.721,6.589,4.694,9.696,1.999,6.395,7.745,11.179,6.395,False,False,False,False
734,8.613,7.097,4.710,10.192,2.194,-2.194,22,8.721,6.589,4.694,9.696,1.999,6.395,7.745,11.179,6.395,False,False,False,False
735,8.544,7.419,4.741,10.192,2.169,-2.169,22,8.721,6.589,4.694,9.696,1.999,6.395,7.745,11.179,6.395,False,False,False,False
736,8.476,7.739,4.787,10.192,2.093,-2.093,22,8.721,6.589,4.694,9.696,1.999,6.395,7.745,11.179,6.395,False,False,False,False
737,8.408,8.058,4.848,10.192,1.984,-1.984,22,8.721,6.589,4.694,9.696,1.999,6.395,7.745,11.179,6.395,False,False,False,False
738,8.341,8.373,4.923,10.192,1.855,-1.855,22,8.721,6.589,4.694,9.696,1.999,6.395,7.745,11.179,6.395,False,False,False,False
739,8.275,8.684,5.014,10.192,1.879,-1.879,22,8.721,6.589,4.694,9.696,1.999,6.395,7.745,11.179,6.395,False,False,False,False
740,8.210,8.991,5.116,10.192,2.029,-2.029,22,8.721,6.589,4.694,9.696,1.999,6.395,7.745,11.179,6.395,False,False,False,False
741,8.146,9.293,5.237,10.192,2.209,-2.209,22,8.721,6.589,4.694,9.696,1.999,6.395,7.745,11.179,6.395,False,False,False,False
742,8.083,9.591,5.367,10.192,2.362,-2.362,22,8.721,6.589,4.694,9.696,1.999,6.395,7.745,11.179,6.395,False,False,False,False
743,8.021,9.880,5.516,10.192,2.470,-2.470,22,8.721,6.589,4.694,9.696,1.999,6.395,7.745,11.179,6.395,False,False,False,False
744,7.960,10.165,5.672,10.192,2.539,-2.539,22,8.721,6.589,4.694,9.696,1.999,6.395,7.745,11.179,6.395,False,False,False,False
745,7.902,10.440,5.848,10.192,2.593,-2.593,22,8.721,6.589,4.694,9.696,1.999,6.395,7.745,11.179,6.395,False,False,False,False
746,7.844,10.711,6.029,10.192,2.615,-2.615,22,8.721,6.589,4.694,9.696,1.999,6.395,7.745,11.179,6.395,False,False,False,False
747,10.067,2.419,6.225,11.733,2.223,-2.223,23,8.975,7.555,4.693,10.123,2.154,6.395,7.827,12.959,6.395,False,False,False,False
748,10.011,2.684,6.055,11.733,1.994,-1.994,23,8.975,7.555,4.693,10.123,2.154,6.395,7.827,12.959,6.395,False,False,False,False
749,9.953,2.956,5.897,11.733,1.729,-1.729,23,8.975,7.555,4.693,10.123,2.154,6.395,7.827,12.959,6.395,False,False,False,False
750,9.894,3.234,5.749,11.733,1.480,-1.480,23,8.975,7.555,4.693,10.123,2.154,6.395,7.827,12.959,6.395,False,False,False,False
751,9.835,3.512,5.604,11.733,1.243,-1.243,23,8.975,7.555,4.693,10.123,2.154,6.395,7.827,12.959,6.395,False,False,False,False
752,9.773,3.801,5.479,11.733,1.032,-1.032,23,8.975,7.555,4.693,10.123,2.154,6.395,7.827,12.959,6.395,False,False,False,False
753,9.712,4.089,5.355,11.733,0.849,-0.849,23,8.975,7.555,4.693,10.123,2.154,6.395,7.827,12.959,6.395,False,False,False,False
754,9.650,4.383,5.246,11.733,0.724,-0.724,23,8.975,7.555,4.693,10.123,2.154,6.395,7.827,12.959,6.395,False,False,False,False
755,9.586,4.680,5.145,11.733,0.636,-0.636,23,8.975,7.555,4.693,10.123,2.154,6.395,7.827,12.959,6.395,False,False,False,False
756,9.523,4.979,5.050,11.733,0.588,-0.588,23,8.975,7.555,4.693,10.123,2.154,6.395,7.827,12.959,6.395,False,False,False,False
757,9.458,5.283,4.974,11.733,0.586,-0.586,23,8.975,7.555,4.693,10.123,2.154,6.395,7.827,12.959,6.395,False,False,False,False
758,9.394,5.587,4.898,11.733,0.675,-0.675,23,8.975,7.555,4.693,10.123,2.154,6.395,7.827,12.959,6.395,False,False,False,False
759,9.328,5.895,4.841,11.733,0.964,-0.964,23,8.975,7.555,4.693,10.123,2.154,6.395,7.827,12.959,6.395,False,False,False,False
760,9.263,6.204,4.790,11.733,1.294,-1.294,23,8.975,7.555,4.693,10.123,2.154,6.395,7.827,12.959,6.395,False,False,False,False
761,9.197,6.514,4.748,11.733,1.582,-1.582,23,8.975,7.555,4.693,10.123,2.154,6.395,7.827,12.959,6.395,False,False,False,False
762,9.130,6.826,4.722,11.733,1.729,-1.729,23,8.975,7.555,4.693,10.123,2.154,6.395,7.827,12.959,6.395,False,False,False,False
763,9.064,7.138,4.696,11.733,1.797,-1.797,23,8.975,7.555,4.693,10.123,2.154,6.395,7.827,12.959,6.395,False,False,False,False
764,8.997,7.451,4.693,11.733,1.805,-1.805,23,8.975,7.555,4.693,10.123,2.154,6.395,7.827,12.959,6.395,False,False,False,False
765,8.931,7.764,4.693,11.733,1.732,-1.732,23,8.975,7.555,4.693,10.123,2.154,6.395,7.827,12.959,6.395,False,False,False,False
766,8.865,8.076,4.705,11.733,1.630,-1.630,23,8.975,7.555,4.693,10.123,2.154,6.395,7.827,12.959,6.395,False,False,False,False
767,8.798,8.388,4.730,11.733,1.534,-1.534,23,8.975,7.555,4.693,10.123,2.154,6.395,7.827,12.959,6.395,False,False,False,False
768,8.732,8.701,4.756,11.733,1.596,-1.596,23,8.975,7.555,4.693,10.123,2.154,6.395,7.827,12.959,6.395,False,False,False,False
769,8.666,9.010,4.807,11.733,1.802,-1.802,23,8.975,7.555,4.693,10.123,2.154,6.395,7.827,12.959,6.395,False,False,False,False
770,8.600,9.319,4.858,11.733,1.982,-1.982,23,8.975,7.555,4.693,10.123,2.154,6.395,7.827,12.959,6.395,False,False,False,False
771,8.535,9.625,4.923,11.733,2.094,-2.094,23,8.975,7.555,4.693,10.123,2.154,6.395,7.827,12.959,6.395,False,False,False,False
772,8.471,9.929,4.999,11.733,2.154,-2.154,23,8.975,7.555,4.693,10.123,2.154,6.395,7.827,12.959,6.395,False,False,False,False
773,8.406,10.233,5.078,11.733,2.154,-2.154,23,8.975,7.555,4.693,10.123,2.154,6.395,7.827,12.959,6.395,False,False,False,False
774,8.343,10.530,5.178,11.733,2.087,-2.087,23,8.975,7.555,4.693,10.123,2.154,6.395,7.827,12.959,6.395,False,False,False,False
775,8.280,10.826,5.279,11.733,1.979,-1.979,23,8.975,7.555,4.693,10.123,2.154,6.395,7.827,12.959,6.395,False,False,False,False
776,8.218,11.118,5.395,11.733,1.922,-1.922,23,8.975,7.555,4.693,10.123,2.154,6.395,7.827,12.959,6.395,False,False,False,False
777,8.157,11.406,5.520,11.733,1.987,-1.987,23,8.975,7.555,4.693,10.123,2.154,6.395,7.827,12.959,6.395,False,False,False,False
778,8.096,11.693,5.650,11.733,2.055,-2.055,23,8.975,7.555,4.693,10.123,2.154,6.395,7.827,12.959,6.395,False,False,False,False
779,8.037,11.971,5.798,11.733,2.196,-2.196,23,8.975,7.555,4.693,10.123,2.154,6.395,7.827,12.959,6.395,False,False,False,False
780,7.978,12.249,5.946,11.733,2.447,-2.447,23,8.975,7.555,4.693,10.123,2.154,6.395,7.827,12.959,6.395,False,False,False,False
781,7.921,12.517,6.111,11.733,2.918,-2.918,23,8.975,7.555,4.693,10.123,2.154,6.395,7.827,12.959,6.395,False,False,False,False
782,10.494,2.575,6.225,11.780,2.128,-2.128,24,9.397,7.736,4.693,10.550,2.309,6.395,8.243,13.163,6.395,False,False,False,False
783,10.436,2.848,6.051,11.780,1.890,-1.890,24,9.397,7.736,4.693,10.550,2.309,6.395,8.243,13.163,6.395,False,False,False,False
784,10.376,3.129,5.890,11.780,1.627,-1.627,24,9.397,7.736,4.693,10.550,2.309,6.395,8.243,13.163,6.395,False,False,False,False
785,10.315,3.415,5.738,11.780,1.391,-1.391,24,9.397,7.736,4.693,10.550,2.309,6.395,8.243,13.163,6.395,False,False,False,False
786,10.254,3.704,5.592,11.780,1.160,-1.160,24,9.397,7.736,4.693,10.550,2.309,6.395,8.243,13.163,6.395,False,False,False,False
787,10.191,4.001,5.464,11.780,0.997,-0.997,24,9.397,7.736,4.693,10.550,2.309,6.395,8.243,13.163,6.395,False,False,False,False
788,10.128,4.298,5.336,11.780,0.859,-0.859,24,9.397,7.736,4.693,10.550,2.309,6.395,8.243,13.163,6.395,False,False,False,False
789,10.063,4.602,5.228,11.780,0.768,-0.768,24,9.397,7.736,4.693,10.550,2.309,6.395,8.243,13.163,6.395,False,False,False,False
790,9.998,4.908,5.125,11.780,0.705,-0.705,24,9.397,7.736,4.693,10.550,2.309,6.395,8.243,13.163,6.395,False,False,False,False
791,9.932,5.217,5.033,11.780,0.677,-0.677,24,9.397,7.736,4.693,10.550,2.309,6.395,8.243,13.163,6.395,False,False,False,False
792,9.866,5.530,4.955,11.780,0.669,-0.669,24,9.397,7.736,4.693,10.550,2.309,6.395,8.243,13.163,6.395,False,False,False,False
793,9.799,5.843,4.878,11.780,0.715,-0.715,24,9.397,7.736,4.693,10.550,2.309,6.395,8.243,13.163,6.395,False,False,False,False
794,9.732,6.161,4.826,11.780,0.913,-0.913,24,9.397,7.736,4.693,10.550,2.309,6.395,8.243,13.163,6.395,False,False,False,False
795,9.664,6.480,4.774,11.780,1.135,-1.135,24,9.397,7.736,4.693,10.550,2.309,6.395,8.243,13.163,6.395,False,False,False,False
796,9.596,6.800,4.739,11.780,1.285,-1.285,24,9.397,7.736,4.693,10.550,2.309,6.395,8.243,13.163,6.395,False,False,False,False
797,9.528,7.121,4.712,11.780,1.365,-1.365,24,9.397,7.736,4.693,10.550,2.309,6.395,8.243,13.163,6.395,False,False,False,False
798,9.459,7.443,4.693,11.780,1.385,-1.385,24,9.397,7.736,4.693,10.550,2.309,6.395,8.243,13.163,6.395,False,False,False,False
799,9.391,7.765,4.693,11.780,1.342,-1.342,24,9.397,7.736,4.693,10.550,2.309,6.395,8.243,13.163,6.395,False,False,False,False
800,9.322,8.087,4.693,11.780,1.252,-1.252,24,9.397,7.736,4.693,10.550,2.309,6.395,8.243,13.163,6.395,False,False,False,False
801,9.254,8.408,4.717,11.780,1.173,-1.173,24,9.397,7.736,4.693,10.550,2.309,6.395,8.243,13.163,6.395,False,False,False,False
802,9.186,8.729,4.743,11.780,1.406,-1.406,24,9.397,7.736,4.693,10.550,2.309,6.395,8.243,13.163,6.395,False,False,False,False
803,9.118,9.049,4.783,11.780,1.703,-1.703,24,9.397,7.736,4.693,10.550,2.309,6.395,8.243,13.163,6.395,False,False,False,False
804,9.050,9.367,4.835,11.780,1.964,-1.964,24,9.397,7.736,4.693,10.550,2.309,6.395,8.243,13.163,6.395,False,False,False,False
805,8.983,9.685,4.891,11.780,2.083,-2.083,24,9.397,7.736,4.693,10.550,2.309,6.395,8.243,13.163,6.395,False,False,False,False
806,8.916,9.998,4.969,11.780,2.153,-2.153,24,9.397,7.736,4.693,10.550,2.309,6.395,8.243,13.163,6.395,False,False,False,False
807,8.850,10.311,5.047,11.780,2.154,-2.154,24,9.397,7.736,4.693,10.550,2.309,6.395,8.243,13.163,6.395,False,False,False,False
808,8.784,10.619,5.143,11.780,2.059,-2.059,24,9.397,7.736,4.693,10.550,2.309,6.395,8.243,13.163,6.395,False,False,False,False
809,8.719,10.924,5.246,11.780,1.936,-1.936,24,9.397,7.736,4.693,10.550,2.309,6.395,8.243,13.163,6.395,False,False,False,False
810,8.655,11.227,5.358,11.780,1.855,-1.855,24,9.397,7.736,4.693,10.550,2.309,6.395,8.243,13.163,6.395,False,False,False,False
811,8.592,11.524,5.486,11.780,1.910,-1.910,24,9.397,7.736,4.693,10.550,2.309,6.395,8.243,13.163,6.395,False,False,False,False
812,8.528,11.822,5.614,11.780,2.017,-2.017,24,9.397,7.736,4.693,10.550,2.309,6.395,8.243,13.163,6.395,False,False,False,False
813,8.468,12.109,5.765,11.780,2.147,-2.147,24,9.397,7.736,4.693,10.550,2.309,6.395,8.243,13.163,6.395,False,False,False,False
814,8.407,12.395,5.917,11.780,2.331,-2.331,24,9.397,7.736,4.693,10.550,2.309,6.395,8.243,13.163,6.395,False,False,False,False
815,8.347,12.674,6.082,11.780,2.804,-2.804,24,9.397,7.736,4.693,10.550,2.309,6.395,8.243,13.163,6.395,False,False,False,False
816,10.920,2.733,6.226,11.827,2.079,-2.079,25,9.819,7.917,4.693,10.977,2.467,6.395,8.660,13.369,6.395,False,False,False,False
817,10.864,2.999,6.057,11.827,1.859,-1.859,25,9.819,7.917,4.693,10.977,2.467,6.395,8.660,13.369,6.395,False,False,False,False
818,10.806,3.271,5.900,11.827,1.612,-1.612,25,9.819,7.917,4.693,10.977,2.467,6.395,8.660,13.369,6.395,False,False,False,False
819,10.747,3.550,5.754,11.827,1.386,-1.386,25,9.819,7.917,4.693,10.977,2.467,6.395,8.660,13.369,6.395,False,False,False,False
820,10.688,3.829,5.609,11.827,1.169,-1.169,25,9.819,7.917,4.693,10.977,2.467,6.395,8.660,13.369,6.395,False,False,False,False
821,10.626,4.117,5.485,11.827,1.010,-1.010,25,9.819,7.917,4.693,10.977,2.467,6.395,8.660,13.369,6.395,False,False,False,False
822,10.565,4.406,5.361,11.827,0.896,-0.896,25,9.819,7.917,4.693,10.977,2.467,6.395,8.660,13.369,6.395,False,False,False,False
823,10.502,4.700,5.252,11.827,0.809,-0.809,25,9.819,7.917,4.693,10.977,2.467,6.395,8.660,13.369,6.395,False,False,False,False
824,10.439,4.997,5.152,11.827,0.752,-0.752,25,9.819,7.917,4.693,10.977,2.467,6.395,8.660,13.369,6.395,False,False,False,False
825,10.376,5.295,5.056,11.827,0.712,-0.712,25,9.819,7.917,4.693,10.977,2.467,6.395,8.660,13.369,6.395,False,False,False,False
826,10.311,5.600,4.980,11.827,0.697,-0.697,25,9.819,7.917,4.693,10.977,2.467,6.395,8.660,13.369,6.395,False,False,False,False
827,10.246,5.904,4.905,11.827,0.714,-0.714,25,9.819,7.917,4.693,10.977,2.467,6.395,8.660,13.369,6.395,False,False,False,False
828,10.181,6.211,4.846,11.827,0.783,-0.783,25,9.819,7.917,4.693,10.977,2.467,6.395,8.660,13.369,6.395,False,False,False,False
829,10.115,6.520,4.796,11.827,0.893,-0.893,25,9.819,7.917,4.693,10.977,2.467,6.395,8.660,13.369,6.395,False,False,False,False
830,10.050,6.830,4.751,11.827,0.963,-0.963,25,9.819,7.917,4.693,10.977,2.467,6.395,8.660,13.369,6.395,False,False,False,False
831,9.983,7.142,4.725,11.827,0.961,-0.961,25,9.819,7.917,4.693,10.977,2.467,6.395,8.660,13.369,6.395,False,False,False,False
832,9.917,7.455,4.700,11.827,0.912,-0.912,25,9.819,7.917,4.693,10.977,2.467,6.395,8.660,13.369,6.395,False,False,False,False
833,9.850,7.767,4.693,11.827,0.837,-0.837,25,9.819,7.917,4.693,10.977,2.467,6.395,8.660,13.369,6.395,False,False,False,False
834,9.784,8.080,4.693,11.827,0.740,-0.740,25,9.819,7.917,4.693,10.977,2.467,6.395,8.660,13.369,6.395,False,False,False,False
835,9.717,8.393,4.701,11.827,0.653,-0.653,25,9.819,7.917,4.693,10.977,2.467,6.395,8.660,13.369,6.395,False,False,False,False
836,9.651,8.705,4.726,11.827,0.823,-0.823,25,9.819,7.917,4.693,10.977,2.467,6.395,8.660,13.369,6.395,False,False,False,False
837,9.585,9.017,4.751,11.827,1.216,-1.216,25,9.819,7.917,4.693,10.977,2.467,6.395,8.660,13.369,6.395,False,False,False,False
838,9.519,9.327,4.798,11.827,1.640,-1.640,25,9.819,7.917,4.693,10.977,2.467,6.395,8.660,13.369,6.395,False,False,False,False
839,9.453,9.636,4.848,11.827,1.906,-1.906,25,9.819,7.917,4.693,10.977,2.467,6.395,8.660,13.369,6.395,False,False,False,False
840,9.388,9.943,4.908,11.827,2.008,-2.008,25,9.819,7.917,4.693,10.977,2.467,6.395,8.660,13.369,6.395,False,False,False,False
841,9.323,10.247,4.983,11.827,2.032,-2.032,25,9.819,7.917,4.693,10.977,2.467,6.395,8.660,13.369,6.395,False,False,False,False
842,9.258,10.552,5.059,11.827,1.966,-1.966,25,9.819,7.917,4.693,10.977,2.467,6.395,8.660,13.369,6.395,False,False,False,False
843,9.195,10.850,5.156,11.827,1.856,-1.856,25,9.819,7.917,4.693,10.977,2.467,6.395,8.660,13.369,6.395,False,False,False,False
844,9.132,11.147,5.256,11.827,1.705,-1.705,25,9.819,7.917,4.693,10.977,2.467,6.395,8.660,13.369,6.395,False,False,False,False
845,9.070,11.440,5.366,11.827,1.716,-1.716,25,9.819,7.917,4.693,10.977,2.467,6.395,8.660,13.369,6.395,False,False,False,False
846,9.008,11.729,5.489,11.827,1.821,-1.821,25,9.819,7.917,4.693,10.977,2.467,6.395,8.660,13.369,6.395,False,False,False,False
847,8.947,12.018,5.613,11.827,1.944,-1.944,25,9.819,7.917,4.693,10.977,2.467,6.395,8.660,13.369,6.395,False,False,False,False
848,8.888,12.297,5.759,11.827,2.093,-2.093,25,9.819,7.917,4.693,10.977,2.467,6.395,8.660,13.369,6.395,False,False,False,False
849,8.828,12.575,5.906,11.827,2.299,-2.299,25,9.819,7.917,4.693,10.977,2.467,6.395,8.660,13.369,6.395,False,False,False,False
850,8.770,12.848,6.064,11.827,2.801,-2.801,25,9.819,7.917,4.693,10.977,2.467,6.395,8.660,13.369,6.395,False,False,False,False
851,11.346,2.893,6.226,11.871,2.011,-2.011,26,10.240,8.100,4.693,11.403,2.627,6.395,9.076,13.574,6.395,False,False,False,False
852,11.290,3.159,6.058,11.871,1.759,-1.759,26,10.240,8.100,4.693,11.403,2.627,6.395,9.076,13.574,6.395,False,False,False,False
853,11.232,3.432,5.902,11.871,1.503,-1.503,26,10.240,8.100,4.693,11.403,2.627,6.395,9.076,13.574,6.395,False,False,False,False
854,11.173,3.710,5.756,11.871,1.237,-1.237,26,10.240,8.100,4.693,11.403,2.627,6.395,9.076,13.574,6.395,False,False,False,False
855,11.113,3.989,5.611,11.871,1.040,-1.040,26,10.240,8.100,4.693,11.403,2.627,6.395,9.076,13.574,6.395,False,False,False,False
856,11.052,4.278,5.488,11.871,0.890,-0.890,26,10.240,8.100,4.693,11.403,2.627,6.395,9.076,13.574,6.395,False,False,False,False
857,10.991,4.567,5.364,11.871,0.782,-0.782,26,10.240,8.100,4.693,11.403,2.627,6.395,9.076,13.574,6.395,False,False,False,False
858,10.928,4.861,5.255,11.871,0.713,-0.713,26,10.240,8.100,4.693,11.403,2.627,6.395,9.076,13.574,6.395,False,False,False,False
859,10.865,5.158,5.155,11.871,0.667,-0.667,26,10.240,8.100,4.693,11.403,2.627,6.395,9.076,13.574,6.395,False,False,False,False
860,10.802,5.457,5.059,11.871,0.637,-0.637,26,10.240,8.100,4.693,11.403,2.627,6.395,9.076,13.574,6.395,False,False,False,False
861,10.737,5.761,4.983,11.871,0.636,-0.636,26,10.240,8.100,4.693,11.403,2.627,6.395,9.076,13.574,6.395,False,False,False,False
862,10.672,6.065,4.908,11.871,0.662,-0.662,26,10.240,8.100,4.693,11.403,2.627,6.395,9.076,13.574,6.395,False,False,False,False
863,10.607,6.372,4.849,11.871,0.757,-0.757,26,10.240,8.100,4.693,11.403,2.627,6.395,9.076,13.574,6.395,False,False,False,False
864,10.541,6.681,4.798,11.871,0.831,-0.831,26,10.240,8.100,4.693,11.403,2.627,6.395,9.076,13.574,6.395,False,False,False,False
865,10.475,6.991,4.752,11.871,0.837,-0.837,26,10.240,8.100,4.693,11.403,2.627,6.395,9.076,13.574,6.395,False,False,False,False
866,10.409,7.303,4.727,11.871,0.787,-0.787,26,10.240,8.100,4.693,11.403,2.627,6.395,9.076,13.574,6.395,False,False,False,False
867,10.343,7.615,4.701,11.871,0.656,-0.656,26,10.240,8.100,4.693,11.403,2.627,6.395,9.076,13.574,6.395,False,False,False,False
868,10.276,7.928,4.693,11.871,0.512,-0.512,26,10.240,8.100,4.693,11.403,2.627,6.395,9.076,13.574,6.395,False,False,False,False
869,10.210,8.241,4.693,11.871,0.425,-0.425,26,10.240,8.100,4.693,11.403,2.627,6.395,9.076,13.574,6.395,False,False,False,False
870,10.143,8.554,4.699,11.871,0.396,-0.396,26,10.240,8.100,4.693,11.403,2.627,6.395,9.076,13.574,6.395,False,False,False,False
871,10.077,8.866,4.724,11.871,0.538,-0.538,26,10.240,8.100,4.693,11.403,2.627,6.395,9.076,13.574,6.395,False,False,False,False
872,10.010,9.179,4.749,11.871,0.850,-0.850,26,10.240,8.100,4.693,11.403,2.627,6.395,9.076,13.574,6.395,False,False,False,False
873,9.945,9.489,4.793,11.871,1.300,-1.300,26,10.240,8.100,4.693,11.403,2.627,6.395,9.076,13.574,6.395,False,False,False,False
874,9.879,9.798,4.844,11.871,1.549,-1.549,26,10.240,8.100,4.693,11.403,2.627,6.395,9.076,13.574,6.395,False,False,False,False
875,9.813,10.105,4.901,11.871,1.686,-1.686,26,10.240,8.100,4.693,11.403,2.627,6.395,9.076,13.574,6.395,False,False,False,False
876,9.749,10.410,4.976,11.871,1.720,-1.720,26,10.240,8.100,4.693,11.403,2.627,6.395,9.076,13.574,6.395,False,False,False,False
877,9.684,10.714,5.051,11.871,1.651,-1.651,26,10.240,8.100,4.693,11.403,2.627,6.395,9.076,13.574,6.395,False,False,False,False
878,9.621,11.013,5.146,11.871,1.518,-1.518,26,10.240,8.100,4.693,11.403,2.627,6.395,9.076,13.574,6.395,False,False,False,False
879,9.557,11.310,5.245,11.871,1.450,-1.450,26,10.240,8.100,4.693,11.403,2.627,6.395,9.076,13.574,6.395,False,False,False,False
880,9.495,11.604,5.352,11.871,1.476,-1.476,26,10.240,8.100,4.693,11.403,2.627,6.395,9.076,13.574,6.395,False,False,False,False
881,9.433,11.893,5.475,11.871,1.643,-1.643,26,10.240,8.100,4.693,11.403,2.627,6.395,9.076,13.574,6.395,False,False,False,False
882,9.372,12.183,5.599,11.871,1.834,-1.834,26,10.240,8.100,4.693,11.403,2.627,6.395,9.076,13.574,6.395,False,False,False,False
883,9.312,12.463,5.741,11.871,2.023,-2.023,26,10.240,8.100,4.693,11.403,2.627,6.395,9.076,13.574,6.395,False,False,False,False
884,9.253,12.742,5.888,11.871,2.268,-2.268,26,10.240,8.100,4.693,11.403,2.627,6.395,9.076,13.574,6.395,False,False,False,False
885,9.195,13.016,6.042,11.871,2.706,-2.706,26,10.240,8.100,4.693,11.403,2.627,6.395,9.076,13.574,6.395,False,False,False,False
886,9.138,13.282,6.210,11.871,3.251,-3.251,26,10.240,8.100,4.693,11.403,2.627,6.395,9.076,13.574,6.395,False,False,False,False
887,11.772,3.055,6.227,11.913,1.972,-1.972,27,10.661,8.284,4.693,11.829,2.789,6.395,9.492,13.780,6.395,False,False,False,False
888,11.715,3.322,6.059,11.913,1.640,-1.640,27,10.661,8.284,4.693,11.829,2.789,6.395,9.492,13.780,6.395,False,False,False,False
889,11.657,3.595,5.903,11.913,1.337,-1.337,27,10.661,8.284,4.693,11.829,2.789,6.395,9.492,13.780,6.395,False,False,False,False
890,11.598,3.874,5.758,11.913,1.073,-1.073,27,10.661,8.284,4.693,11.829,2.789,6.395,9.492,13.780,6.395,False,False,False,False
891,11.539,4.153,5.613,11.913,0.822,-0.822,27,10.661,8.284,4.693,11.829,2.789,6.395,9.492,13.780,6.395,False,False,False,False
892,11.477,4.442,5.490,11.913,0.665,-0.665,27,10.661,8.284,4.693,11.829,2.789,6.395,9.492,13.780,6.395,False,False,False,False
893,11.416,4.731,5.367,11.913,0.550,-0.550,27,10.661,8.284,4.693,11.829,2.789,6.395,9.492,13.780,6.395,False,False,False,False
894,11.353,5.025,5.258,11.913,0.483,-0.483,27,10.661,8.284,4.693,11.829,2.789,6.395,9.492,13.780,6.395,False,False,False,False
895,11.290,5.322,5.158,11.913,0.450,-0.450,27,10.661,8.284,4.693,11.829,2.789,6.395,9.492,13.780,6.395,False,False,False,False
896,11.227,5.620,5.061,11.913,0.426,-0.426,27,10.661,8.284,4.693,11.829,2.789,6.395,9.492,13.780,6.395,False,False,False,False
897,11.162,5.925,4.986,11.913,0.438,-0.438,27,10.661,8.284,4.693,11.829,2.789,6.395,9.492,13.780,6.395,False,False,False,False
898,11.097,6.229,4.911,11.913,0.462,-0.462,27,10.661,8.284,4.693,11.829,2.789,6.395,9.492,13.780,6.395,False,False,False,False
899,11.032,6.536,4.851,11.913,0.557,-0.557,27,10.661,8.284,4.693,11.829,2.789,6.395,9.492,13.780,6.395,False,False,False,False
900,10.966,6.845,4.801,11.913,0.671,-0.671,27,10.661,8.284,4.693,11.829,2.789,6.395,9.492,13.780,6.395,False,False,False,False
901,10.901,7.155,4.753,11.913,0.693,-0.693,27,10.661,8.284,4.693,11.829,2.789,6.395,9.492,13.780,6.395,False,False,False,False
902,10.834,7.467,4.728,11.913,0.585,-0.585,27,10.661,8.284,4.693,11.829,2.789,6.395,9.492,13.780,6.395,False,False,False,False
903,10.768,7.779,4.703,11.913,0.391,-0.391,27,10.661,8.284,4.693,11.829,2.789,6.395,9.492,13.780,6.395,False,False,False,False
904,10.701,8.092,4.693,11.913,0.223,-0.223,27,10.661,8.284,4.693,11.829,2.789,6.395,9.492,13.780,6.395,False,False,False,False
905,10.635,8.405,4.693,11.913,0.098,-0.098,27,10.661,8.284,4.693,11.829,2.789,6.395,9.492,13.780,6.395,False,False,False,False
906,10.568,8.719,4.697,11.913,0.161,-0.161,27,10.661,8.284,4.693,11.829,2.789,6.395,9.492,13.780,6.395,False,False,False,False
907,10.502,9.031,4.722,11.913,0.307,-0.307,27,10.661,8.284,4.693,11.829,2.789,6.395,9.492,13.780,6.395,False,False,False,False
908,10.436,9.343,4.748,11.913,0.578,-0.578,27,10.661,8.284,4.693,11.829,2.789,6.395,9.492,13.780,6.395,False,False,False,False
909,10.370,9.653,4.789,11.913,0.858,-0.858,27,10.661,8.284,4.693,11.829,2.789,6.395,9.492,13.780,6.395,False,False,False,False
910,10.304,9.962,4.840,11.913,1.148,-1.148,27,10.661,8.284,4.693,11.829,2.789,6.395,9.492,13.780,6.395,False,False,False,False
911,10.238,10.270,4.894,11.913,1.225,-1.225,27,10.661,8.284,4.693,11.829,2.789,6.395,9.492,13.780,6.395,False,False,False,False
912,10.174,10.574,4.969,11.913,1.235,-1.235,27,10.661,8.284,4.693,11.829,2.789,6.395,9.492,13.780,6.395,False,False,False,False
913,10.109,10.879,5.044,11.913,1.154,-1.154,27,10.661,8.284,4.693,11.829,2.789,6.395,9.492,13.780,6.395,False,False,False,False
914,10.045,11.178,5.136,11.913,1.065,-1.065,27,10.661,8.284,4.693,11.829,2.789,6.395,9.492,13.780,6.395,False,False,False,False
915,9.982,11.476,5.235,11.913,1.038,-1.038,27,10.661,8.284,4.693,11.829,2.789,6.395,9.492,13.780,6.395,False,False,False,False
916,9.919,11.771,5.339,11.913,1.167,-1.167,27,10.661,8.284,4.693,11.829,2.789,6.395,9.492,13.780,6.395,False,False,False,False
917,9.858,12.060,5.462,11.913,1.391,-1.391,27,10.661,8.284,4.693,11.829,2.789,6.395,9.492,13.780,6.395,False,False,False,False
918,9.796,12.350,5.585,11.913,1.669,-1.669,27,10.661,8.284,4.693,11.829,2.789,6.395,9.492,13.780,6.395,False,False,False,False
919,9.737,12.631,5.724,11.913,1.925,-1.925,27,10.661,8.284,4.693,11.829,2.789,6.395,9.492,13.780,6.395,False,False,False,False
920,9.677,12.910,5.870,11.913,2.221,-2.221,27,10.661,8.284,4.693,11.829,2.789,6.395,9.492,13.780,6.395,False,False,False,False
921,9.619,13.186,6.022,11.913,2.645,-2.645,27,10.661,8.284,4.693,11.829,2.789,6.395,9.492,13.780,6.395,False,False,False,False
922,9.562,13.452,6.189,11.913,3.268,-3.268,27,10.661,8.284,4.693,11.829,2.789,6.395,9.492,13.780,6.395,False,False,False,False
923,0.000,0.000,0.000,0.000,0.000,0.000,0,0.000,0.000,0.000,0.000,0.000,0.000,0.000,0.000,0.000,True,False,False,False
924,1.000,0.000,0.000,0.000,0.000,0.000,0,0.000,0.000,0.000,0.000,0.000,0.000,0.000,0.000,0.000,False,False,True,False
925,0.000,0.000,1.000,0.000,0.000,0.000,0,0.000,0.000,0.000,0.000,0.000,0.000,0.000,0.000,0.000,False,False,False,True
926,0.000,1.000,0.000,0.000,0.000,0.000,0,0.000,0.000,0.000,0.000,0.000,0.000,0.000,0.000,0.000,False,True,False,False
