index,position_x,position_y,position_z,Caten-length_walltowall,Bulbcablelength(M),CatenToFloor,bulbonline,lineID,Universe,cat_sagcenter_pt_x,cat_sagcenter_pt_y,cat_sagcenter_pt_z,cat_endpoint1_x,cat_endpoint1_y,cat_endpoint1_z,cat_endpoint2_x,cat_endpoint2_y,cat_endpoint2_z,AmI_0axis_IndicatorLocal,AmI_Zaxis_indicatorLocal,AmI_Yaxis_indicatorLocal,AmI_Xaxis_indicatorLocal,AmI_0axis_IndicatorGlobal,AmI_Xaxis_indicatorGlobal,AmI_Yaxis_indicatorGlobal,AmI_Zaxis_indicatorGlobal,Up
0,-0.020,0.096,6.201,11.475,2.672,-2.672,0,0,2,0.000,5.183,4.693,0.000,-0.201,6.395,0.000,10.567,6.395,FALSE,FALSE,FALSE,FALSE,FALSE,FALSE,FALSE,FALSE,FALSE
1,-0.087,0.409,5.994,11.475,2.027,-2.027,1,0,2,0.000,5.183,4.693,0.000,-0.201,6.395,0.000,10.567,6.395,FALSE,FALSE,FALSE,FALSE,FALSE,FALSE,FALSE,FALSE,FALSE
2,-0.154,0.722,5.820,11.475,1.446,-1.446,2,0,2,0.000,5.183,4.693,0.000,-0.201,6.395,0.000,10.567,6.395,FALSE,FALSE,FALSE,FALSE,FALSE,FALSE,FALSE,FALSE,FALSE
3,-0.220,1.035,5.649,11.475,0.941,-0.941,3,0,2,0.000,5.183,4.693,0.000,-0.201,6.395,0.000,10.567,6.395,FALSE,FALSE,FALSE,FALSE,FALSE,FALSE,FALSE,FALSE,FALSE
4,-0.287,1.348,5.504,11.475,0.777,-0.777,4,0,2,0.000,5.183,4.693,0.000,-0.201,6.395,0.000,10.567,6.395,FALSE,FALSE,FALSE,FALSE,FALSE,FALSE,FALSE,FALSE,FALSE
5,-0.353,1.661,5.365,11.475,0.778,-0.778,5,0,2,0.000,5.183,4.693,0.000,-0.201,6.395,0.000,10.567,6.395,FALSE,FALSE,FALSE,FALSE,FALSE,FALSE,FALSE,FALSE,FALSE
6,-0.420,1.974,5.245,11.475,0.908,-0.908,6,0,2,0.000,5.183,4.693,0.000,-0.201,6.395,0.000,10.567,6.395,FALSE,FALSE,FALSE,FALSE,FALSE,FALSE,FALSE,FALSE,FALSE
7,-0.486,2.287,5.136,11.475,1.174,-1.174,7,0,2,0.000,5.183,4.693,0.000,-0.201,6.395,0.000,10.567,6.395,FALSE,FALSE,FALSE,FALSE,FALSE,FALSE,FALSE,FALSE,FALSE
8,-0.553,2.600,5.038,11.475,1.598,-1.598,8,0,2,0.000,5.183,4.693,0.000,-0.201,6.395,0.000,10.567,6.395,FALSE,FALSE,FALSE,FALSE,FALSE,FALSE,FALSE,FALSE,FALSE
9,-0.619,2.913,4.957,11.475,1.868,-1.868,9,0,2,0.000,5.183,4.693,0.000,-0.201,6.395,0.000,10.567,6.395,FALSE,FALSE,FALSE,FALSE,FALSE,FALSE,FALSE,FALSE,FALSE
10,-0.686,3.226,4.878,11.475,1.841,-1.841,10,0,2,0.000,5.183,4.693,0.000,-0.201,6.395,0.000,10.567,6.395,FALSE,FALSE,FALSE,FALSE,FALSE,FALSE,FALSE,FALSE,FALSE
11,-0.752,3.539,4.825,11.475,1.683,-1.683,11,0,2,0.000,5.183,4.693,0.000,-0.201,6.395,0.000,10.567,6.395,FALSE,FALSE,FALSE,FALSE,FALSE,FALSE,FALSE,FALSE,FALSE
12,-0.819,3.852,4.773,11.475,1.419,-1.419,12,0,2,0.000,5.183,4.693,0.000,-0.201,6.395,0.000,10.567,6.395,FALSE,FALSE,FALSE,FALSE,FALSE,FALSE,FALSE,FALSE,FALSE
13,-0.885,4.166,4.738,11.475,1.140,-1.140,13,0,2,0.000,5.183,4.693,0.000,-0.201,6.395,0.000,10.567,6.395,FALSE,FALSE,FALSE,FALSE,FALSE,FALSE,FALSE,FALSE,FALSE
14,-0.952,4.479,4.712,11.475,0.985,-0.985,14,0,2,0.000,5.183,4.693,0.000,-0.201,6.395,0.000,10.567,6.395,FALSE,FALSE,FALSE,FALSE,FALSE,FALSE,FALSE,FALSE,FALSE
15,-1.018,4.792,4.693,11.475,0.892,-0.892,15,0,1,0.000,5.183,4.693,0.000,-0.201,6.395,0.000,10.567,6.395,FALSE,FALSE,FALSE,FALSE,FALSE,FALSE,FALSE,FALSE,FALSE
16,-1.085,5.105,4.693,11.475,0.724,-0.724,16,0,1,0.000,5.183,4.693,0.000,-0.201,6.395,0.000,10.567,6.395,FALSE,FALSE,FALSE,FALSE,FALSE,FALSE,FALSE,FALSE,FALSE
17,-1.152,5.418,4.693,11.475,0.492,-0.492,17,0,1,0.000,5.183,4.693,0.000,-0.201,6.395,0.000,10.567,6.395,FALSE,FALSE,FALSE,FALSE,FALSE,FALSE,FALSE,FALSE,FALSE
18,-1.218,5.731,4.718,11.475,0.297,-0.297,18,0,1,0.000,5.183,4.693,0.000,-0.201,6.395,0.000,10.567,6.395,FALSE,FALSE,FALSE,FALSE,FALSE,FALSE,FALSE,FALSE,FALSE
19,-1.285,6.044,4.744,11.475,0.151,-0.151,19,0,1,0.000,5.183,4.693,0.000,-0.201,6.395,0.000,10.567,6.395,FALSE,FALSE,FALSE,FALSE,FALSE,FALSE,FALSE,FALSE,FALSE
20,-1.351,6.357,4.784,11.475,0.103,-0.103,20,0,1,0.000,5.183,4.693,0.000,-0.201,6.395,0.000,10.567,6.395,FALSE,FALSE,FALSE,FALSE,FALSE,FALSE,FALSE,FALSE,FALSE
21,-1.418,6.670,4.837,11.475,0.126,-0.126,21,0,1,0.000,5.183,4.693,0.000,-0.201,6.395,0.000,10.567,6.395,FALSE,FALSE,FALSE,FALSE,FALSE,FALSE,FALSE,FALSE,FALSE
22,-1.484,6.983,4.895,11.475,0.206,-0.206,22,0,1,0.000,5.183,4.693,0.000,-0.201,6.395,0.000,10.567,6.395,FALSE,FALSE,FALSE,FALSE,FALSE,FALSE,FALSE,FALSE,FALSE
23,-1.551,7.296,4.975,11.475,0.361,-0.361,23,0,1,0.000,5.183,4.693,0.000,-0.201,6.395,0.000,10.567,6.395,FALSE,FALSE,FALSE,FALSE,FALSE,FALSE,FALSE,FALSE,FALSE
24,-1.617,7.609,5.056,11.475,0.557,-0.557,24,0,1,0.000,5.183,4.693,0.000,-0.201,6.395,0.000,10.567,6.395,FALSE,FALSE,FALSE,FALSE,FALSE,FALSE,FALSE,FALSE,FALSE
25,-1.684,7.922,5.160,11.475,0.828,-0.828,25,0,1,0.000,5.183,4.693,0.000,-0.201,6.395,0.000,10.567,6.395,FALSE,FALSE,FALSE,FALSE,FALSE,FALSE,FALSE,FALSE,FALSE
26,-1.750,8.235,5.269,11.475,1.142,-1.142,26,0,1,0.000,5.183,4.693,0.000,-0.201,6.395,0.000,10.567,6.395,FALSE,FALSE,FALSE,FALSE,FALSE,FALSE,FALSE,FALSE,FALSE
27,-1.817,8.548,5.396,11.475,1.503,-1.503,27,0,1,0.000,5.183,4.693,0.000,-0.201,6.395,0.000,10.567,6.395,FALSE,FALSE,FALSE,FALSE,FALSE,FALSE,FALSE,FALSE,FALSE
28,-1.883,8.861,5.535,11.475,1.893,-1.893,28,0,1,0.000,5.183,4.693,0.000,-0.201,6.395,0.000,10.567,6.395,FALSE,FALSE,FALSE,FALSE,FALSE,FALSE,FALSE,FALSE,FALSE
29,-1.950,9.174,5.687,11.475,2.287,-2.287,29,0,1,0.000,5.183,4.693,0.000,-0.201,6.395,0.000,10.567,6.395,FALSE,FALSE,FALSE,FALSE,FALSE,FALSE,FALSE,FALSE,FALSE
30,-2.016,9.487,5.858,11.475,2.674,-2.674,30,0,1,0.000,5.183,4.693,0.000,-0.201,6.395,0.000,10.567,6.395,FALSE,FALSE,FALSE,FALSE,FALSE,FALSE,FALSE,FALSE,FALSE
31,-2.083,9.800,6.040,11.475,3.054,-3.054,31,0,1,0.000,5.183,4.693,0.000,-0.201,6.395,0.000,10.567,6.395,FALSE,FALSE,FALSE,FALSE,FALSE,FALSE,FALSE,FALSE,FALSE
32,0.401,0.279,6.099,11.515,2.415,-2.415,0,1,2,0.450,5.136,4.693,0.450,-0.270,6.395,0.450,10.541,6.395,FALSE,FALSE,FALSE,FALSE,FALSE,FALSE,FALSE,FALSE,FALSE
33,0.334,0.592,5.908,11.515,1.886,-1.886,1,1,2,0.450,5.136,4.693,0.450,-0.270,6.395,0.450,10.541,6.395,FALSE,FALSE,FALSE,FALSE,FALSE,FALSE,FALSE,FALSE,FALSE
34,0.268,0.905,5.737,11.515,1.421,-1.421,2,1,2,0.450,5.136,4.693,0.450,-0.270,6.395,0.450,10.541,6.395,FALSE,FALSE,FALSE,FALSE,FALSE,FALSE,FALSE,FALSE,FALSE
35,0.201,1.218,5.576,11.515,1.136,-1.136,3,1,2,0.450,5.136,4.693,0.450,-0.270,6.395,0.450,10.541,6.395,FALSE,FALSE,FALSE,FALSE,FALSE,FALSE,FALSE,FALSE,FALSE
36,0.135,1.531,5.438,11.515,1.092,-1.092,4,1,2,0.450,5.136,4.693,0.450,-0.270,6.395,0.450,10.541,6.395,FALSE,FALSE,FALSE,FALSE,FALSE,FALSE,FALSE,FALSE,FALSE
37,0.068,1.844,5.302,11.515,1.208,-1.208,5,1,2,0.450,5.136,4.693,0.450,-0.270,6.395,0.450,10.541,6.395,FALSE,FALSE,FALSE,FALSE,FALSE,FALSE,FALSE,FALSE,FALSE
38,0.001,2.157,5.194,11.515,1.382,-1.382,6,1,2,0.450,5.136,4.693,0.450,-0.270,6.395,0.450,10.541,6.395,FALSE,FALSE,FALSE,FALSE,FALSE,FALSE,FALSE,FALSE,FALSE
39,-0.065,2.470,5.086,11.515,1.701,-1.701,7,1,2,0.450,5.136,4.693,0.450,-0.270,6.395,0.450,10.541,6.395,FALSE,FALSE,FALSE,FALSE,FALSE,FALSE,FALSE,FALSE,FALSE
40,-0.132,2.783,5.001,11.515,1.942,-1.942,8,1,2,0.450,5.136,4.693,0.450,-0.270,6.395,0.450,10.541,6.395,FALSE,FALSE,FALSE,FALSE,FALSE,FALSE,FALSE,FALSE,FALSE
41,-0.198,3.096,4.921,11.515,2.037,-2.037,9,1,2,0.450,5.136,4.693,0.450,-0.270,6.395,0.450,10.541,6.395,FALSE,FALSE,FALSE,FALSE,FALSE,FALSE,FALSE,FALSE,FALSE
42,-0.265,3.409,4.854,11.515,1.944,-1.944,10,1,2,0.450,5.136,4.693,0.450,-0.270,6.395,0.450,10.541,6.395,FALSE,FALSE,FALSE,FALSE,FALSE,FALSE,FALSE,FALSE,FALSE
43,-0.331,3.722,4.802,11.515,1.732,-1.732,11,1,2,0.450,5.136,4.693,0.450,-0.270,6.395,0.450,10.541,6.395,FALSE,FALSE,FALSE,FALSE,FALSE,FALSE,FALSE,FALSE,FALSE
44,-0.398,4.035,4.753,11.515,1.389,-1.389,12,1,2,0.450,5.136,4.693,0.450,-0.270,6.395,0.450,10.541,6.395,FALSE,FALSE,FALSE,FALSE,FALSE,FALSE,FALSE,FALSE,FALSE
45,-0.464,4.348,4.726,11.515,1.144,-1.144,13,1,2,0.450,5.136,4.693,0.450,-0.270,6.395,0.450,10.541,6.395,FALSE,FALSE,FALSE,FALSE,FALSE,FALSE,FALSE,FALSE,FALSE
46,-0.531,4.661,4.700,11.515,0.989,-0.989,14,1,2,0.450,5.136,4.693,0.450,-0.270,6.395,0.450,10.541,6.395,FALSE,FALSE,FALSE,FALSE,FALSE,FALSE,FALSE,FALSE,FALSE
47,-0.597,4.974,4.693,11.515,0.898,-0.898,15,1,1,0.450,5.136,4.693,0.450,-0.270,6.395,0.450,10.541,6.395,FALSE,FALSE,FALSE,FALSE,FALSE,FALSE,FALSE,FALSE,FALSE
48,-0.664,5.287,4.693,11.515,0.705,-0.705,16,1,1,0.450,5.136,4.693,0.450,-0.270,6.395,0.450,10.541,6.395,FALSE,FALSE,FALSE,FALSE,FALSE,FALSE,FALSE,FALSE,FALSE
49,-0.730,5.600,4.703,11.515,0.444,-0.444,17,1,1,0.450,5.136,4.693,0.450,-0.270,6.395,0.450,10.541,6.395,FALSE,FALSE,FALSE,FALSE,FALSE,FALSE,FALSE,FALSE,FALSE
50,-0.797,5.913,4.729,11.515,0.253,-0.253,18,1,1,0.450,5.136,4.693,0.450,-0.270,6.395,0.450,10.541,6.395,FALSE,FALSE,FALSE,FALSE,FALSE,FALSE,FALSE,FALSE,FALSE
51,-0.863,6.226,4.755,11.515,0.117,-0.117,19,1,1,0.450,5.136,4.693,0.450,-0.270,6.395,0.450,10.541,6.395,FALSE,FALSE,FALSE,FALSE,FALSE,FALSE,FALSE,FALSE,FALSE
52,-0.930,6.539,4.806,11.515,0.080,-0.080,20,1,1,0.450,5.136,4.693,0.450,-0.270,6.395,0.450,10.541,6.395,FALSE,FALSE,FALSE,FALSE,FALSE,FALSE,FALSE,FALSE,FALSE
53,-0.996,6.852,4.859,11.515,0.115,-0.115,21,1,1,0.450,5.136,4.693,0.450,-0.270,6.395,0.450,10.541,6.395,FALSE,FALSE,FALSE,FALSE,FALSE,FALSE,FALSE,FALSE,FALSE
54,-1.063,7.165,4.928,11.515,0.229,-0.229,22,1,1,0.450,5.136,4.693,0.450,-0.270,6.395,0.450,10.541,6.395,FALSE,FALSE,FALSE,FALSE,FALSE,FALSE,FALSE,FALSE,FALSE
55,-1.130,7.478,5.008,11.515,0.371,-0.371,23,1,1,0.450,5.136,4.693,0.450,-0.270,6.395,0.450,10.541,6.395,FALSE,FALSE,FALSE,FALSE,FALSE,FALSE,FALSE,FALSE,FALSE
56,-1.196,7.791,5.095,11.515,0.562,-0.562,24,1,1,0.450,5.136,4.693,0.450,-0.270,6.395,0.450,10.541,6.395,FALSE,FALSE,FALSE,FALSE,FALSE,FALSE,FALSE,FALSE,FALSE
57,-1.263,8.104,5.204,11.515,0.839,-0.839,25,1,1,0.450,5.136,4.693,0.450,-0.270,6.395,0.450,10.541,6.395,FALSE,FALSE,FALSE,FALSE,FALSE,FALSE,FALSE,FALSE,FALSE
58,-1.329,8.418,5.312,11.515,1.166,-1.166,26,1,1,0.450,5.136,4.693,0.450,-0.270,6.395,0.450,10.541,6.395,FALSE,FALSE,FALSE,FALSE,FALSE,FALSE,FALSE,FALSE,FALSE
59,-1.396,8.731,5.450,11.515,1.548,-1.548,27,1,1,0.450,5.136,4.693,0.450,-0.270,6.395,0.450,10.541,6.395,FALSE,FALSE,FALSE,FALSE,FALSE,FALSE,FALSE,FALSE,FALSE
60,-1.462,9.044,5.589,11.515,1.945,-1.945,28,1,1,0.450,5.136,4.693,0.450,-0.270,6.395,0.450,10.541,6.395,FALSE,FALSE,FALSE,FALSE,FALSE,FALSE,FALSE,FALSE,FALSE
61,-1.529,9.357,5.752,11.515,2.350,-2.350,29,1,1,0.450,5.136,4.693,0.450,-0.270,6.395,0.450,10.541,6.395,FALSE,FALSE,FALSE,FALSE,FALSE,FALSE,FALSE,FALSE,FALSE
62,-1.595,9.670,5.923,11.515,2.734,-2.734,30,1,1,0.450,5.136,4.693,0.450,-0.270,6.395,0.450,10.541,6.395,FALSE,FALSE,FALSE,FALSE,FALSE,FALSE,FALSE,FALSE,FALSE
63,-1.662,9.983,6.117,11.515,3.193,-3.193,31,1,1,0.450,5.136,4.693,0.450,-0.270,6.395,0.450,10.541,6.395,FALSE,FALSE,FALSE,FALSE,FALSE,FALSE,FALSE,FALSE,FALSE
64,0.888,0.150,6.203,11.557,2.636,-2.636,0,2,2,0.900,5.090,4.693,0.900,-0.338,6.395,0.900,10.518,6.395,FALSE,FALSE,FALSE,FALSE,FALSE,FALSE,FALSE,FALSE,FALSE
65,0.822,0.463,5.998,11.557,2.208,-2.208,1,2,2,0.900,5.090,4.693,0.900,-0.338,6.395,0.900,10.518,6.395,FALSE,FALSE,FALSE,FALSE,FALSE,FALSE,FALSE,FALSE,FALSE
66,0.755,0.776,5.825,11.557,1.800,-1.800,2,2,2,0.900,5.090,4.693,0.900,-0.338,6.395,0.900,10.518,6.395,FALSE,FALSE,FALSE,FALSE,FALSE,FALSE,FALSE,FALSE,FALSE
67,0.689,1.089,5.655,11.557,1.451,-1.451,3,2,2,0.900,5.090,4.693,0.900,-0.338,6.395,0.900,10.518,6.395,FALSE,FALSE,FALSE,FALSE,FALSE,FALSE,FALSE,FALSE,FALSE
68,0.622,1.402,5.510,11.557,1.307,-1.307,4,2,2,0.900,5.090,4.693,0.900,-0.338,6.395,0.900,10.518,6.395,FALSE,FALSE,FALSE,FALSE,FALSE,FALSE,FALSE,FALSE,FALSE
69,0.556,1.715,5.372,11.557,1.380,-1.380,5,2,2,0.900,5.090,4.693,0.900,-0.338,6.395,0.900,10.518,6.395,FALSE,FALSE,FALSE,FALSE,FALSE,FALSE,FALSE,FALSE,FALSE
70,0.489,2.028,5.252,11.557,1.581,-1.581,6,2,2,0.900,5.090,4.693,0.900,-0.338,6.395,0.900,10.518,6.395,FALSE,FALSE,FALSE,FALSE,FALSE,FALSE,FALSE,FALSE,FALSE
71,0.423,2.341,5.144,11.557,1.833,-1.833,7,2,2,0.900,5.090,4.693,0.900,-0.338,6.395,0.900,10.518,6.395,FALSE,FALSE,FALSE,FALSE,FALSE,FALSE,FALSE,FALSE,FALSE
72,0.356,2.654,5.044,11.557,2.061,-2.061,8,2,2,0.900,5.090,4.693,0.900,-0.338,6.395,0.900,10.518,6.395,FALSE,FALSE,FALSE,FALSE,FALSE,FALSE,FALSE,FALSE,FALSE
73,0.290,2.967,4.964,11.557,2.184,-2.184,9,2,2,0.900,5.090,4.693,0.900,-0.338,6.395,0.900,10.518,6.395,FALSE,FALSE,FALSE,FALSE,FALSE,FALSE,FALSE,FALSE,FALSE
74,0.223,3.280,4.885,11.557,2.105,-2.105,10,2,2,0.900,5.090,4.693,0.900,-0.338,6.395,0.900,10.518,6.395,FALSE,FALSE,FALSE,FALSE,FALSE,FALSE,FALSE,FALSE,FALSE
75,0.156,3.593,4.831,11.557,1.937,-1.937,11,2,2,0.900,5.090,4.693,0.900,-0.338,6.395,0.900,10.518,6.395,FALSE,FALSE,FALSE,FALSE,FALSE,FALSE,FALSE,FALSE,FALSE
76,0.090,3.906,4.778,11.557,1.672,-1.672,12,2,2,0.900,5.090,4.693,0.900,-0.338,6.395,0.900,10.518,6.395,FALSE,FALSE,FALSE,FALSE,FALSE,FALSE,FALSE,FALSE,FALSE
77,0.023,4.219,4.741,11.557,1.373,-1.373,13,2,2,0.900,5.090,4.693,0.900,-0.338,6.395,0.900,10.518,6.395,FALSE,FALSE,FALSE,FALSE,FALSE,FALSE,FALSE,FALSE,FALSE
78,-0.043,4.532,4.715,11.557,1.149,-1.149,14,2,2,0.900,5.090,4.693,0.900,-0.338,6.395,0.900,10.518,6.395,FALSE,FALSE,FALSE,FALSE,FALSE,FALSE,FALSE,FALSE,FALSE
79,-0.110,4.845,4.693,11.557,1.022,-1.022,15,2,2,0.900,5.090,4.693,0.900,-0.338,6.395,0.900,10.518,6.395,FALSE,FALSE,FALSE,FALSE,FALSE,FALSE,FALSE,FALSE,FALSE
80,-0.176,5.158,4.693,11.557,0.918,-0.918,16,2,1,0.900,5.090,4.693,0.900,-0.338,6.395,0.900,10.518,6.395,FALSE,FALSE,FALSE,FALSE,FALSE,FALSE,FALSE,FALSE,FALSE
81,-0.243,5.471,4.693,11.557,0.729,-0.729,17,2,1,0.900,5.090,4.693,0.900,-0.338,6.395,0.900,10.518,6.395,FALSE,FALSE,FALSE,FALSE,FALSE,FALSE,FALSE,FALSE,FALSE
82,-0.309,5.784,4.714,11.557,0.482,-0.482,18,2,1,0.900,5.090,4.693,0.900,-0.338,6.395,0.900,10.518,6.395,FALSE,FALSE,FALSE,FALSE,FALSE,FALSE,FALSE,FALSE,FALSE
83,-0.376,6.097,4.740,11.557,0.278,-0.278,19,2,1,0.900,5.090,4.693,0.900,-0.338,6.395,0.900,10.518,6.395,FALSE,FALSE,FALSE,FALSE,FALSE,FALSE,FALSE,FALSE,FALSE
84,-0.442,6.410,4.776,11.557,0.121,-0.121,20,2,1,0.900,5.090,4.693,0.900,-0.338,6.395,0.900,10.518,6.395,FALSE,FALSE,FALSE,FALSE,FALSE,FALSE,FALSE,FALSE,FALSE
85,-0.509,6.723,4.828,11.557,0.047,-0.047,21,2,1,0.900,5.090,4.693,0.900,-0.338,6.395,0.900,10.518,6.395,FALSE,FALSE,FALSE,FALSE,FALSE,FALSE,FALSE,FALSE,FALSE
86,-0.575,7.036,4.881,11.557,0.068,-0.068,22,2,1,0.900,5.090,4.693,0.900,-0.338,6.395,0.900,10.518,6.395,FALSE,FALSE,FALSE,FALSE,FALSE,FALSE,FALSE,FALSE,FALSE
87,-0.642,7.349,4.960,11.557,0.160,-0.160,23,2,1,0.900,5.090,4.693,0.900,-0.338,6.395,0.900,10.518,6.395,FALSE,FALSE,FALSE,FALSE,FALSE,FALSE,FALSE,FALSE,FALSE
88,-0.708,7.662,5.040,11.557,0.253,-0.253,24,2,1,0.900,5.090,4.693,0.900,-0.338,6.395,0.900,10.518,6.395,FALSE,FALSE,FALSE,FALSE,FALSE,FALSE,FALSE,FALSE,FALSE
89,-0.775,7.975,5.138,11.557,0.442,-0.442,25,2,1,0.900,5.090,4.693,0.900,-0.338,6.395,0.900,10.518,6.395,FALSE,FALSE,FALSE,FALSE,FALSE,FALSE,FALSE,FALSE,FALSE
90,-0.842,8.288,5.246,11.557,0.725,-0.725,26,2,1,0.900,5.090,4.693,0.900,-0.338,6.395,0.900,10.518,6.395,FALSE,FALSE,FALSE,FALSE,FALSE,FALSE,FALSE,FALSE,FALSE
91,-0.908,8.601,5.365,11.557,1.040,-1.040,27,2,1,0.900,5.090,4.693,0.900,-0.338,6.395,0.900,10.518,6.395,FALSE,FALSE,FALSE,FALSE,FALSE,FALSE,FALSE,FALSE,FALSE
92,-0.975,8.914,5.503,11.557,1.402,-1.402,28,2,1,0.900,5.090,4.693,0.900,-0.338,6.395,0.900,10.518,6.395,FALSE,FALSE,FALSE,FALSE,FALSE,FALSE,FALSE,FALSE,FALSE
93,-1.041,9.227,5.646,11.557,1.765,-1.765,29,2,1,0.900,5.090,4.693,0.900,-0.338,6.395,0.900,10.518,6.395,FALSE,FALSE,FALSE,FALSE,FALSE,FALSE,FALSE,FALSE,FALSE
94,-1.108,9.540,5.816,11.557,2.206,-2.206,30,2,1,0.900,5.090,4.693,0.900,-0.338,6.395,0.900,10.518,6.395,FALSE,FALSE,FALSE,FALSE,FALSE,FALSE,FALSE,FALSE,FALSE
95,-1.174,9.853,5.987,11.557,2.665,-2.665,31,2,1,0.900,5.090,4.693,0.900,-0.338,6.395,0.900,10.518,6.395,FALSE,FALSE,FALSE,FALSE,FALSE,FALSE,FALSE,FALSE,FALSE
96,-1.241,10.166,6.192,11.557,3.061,-3.061,32,2,1,0.900,5.090,4.693,0.900,-0.338,6.395,0.900,10.518,6.395,FALSE,FALSE,FALSE,FALSE,FALSE,FALSE,FALSE,FALSE,FALSE
97,1.243,0.647,6.095,11.294,2.172,-2.172,1,3,2,1.350,5.208,4.693,1.350,-0.079,6.395,1.350,10.496,6.395,FALSE,FALSE,FALSE,FALSE,FALSE,FALSE,FALSE,FALSE,FALSE
98,1.176,0.960,5.900,11.294,1.806,-1.806,2,3,2,1.350,5.208,4.693,1.350,-0.079,6.395,1.350,10.496,6.395,FALSE,FALSE,FALSE,FALSE,FALSE,FALSE,FALSE,FALSE,FALSE
99,1.110,1.273,5.726,11.294,1.660,-1.660,3,3,2,1.350,5.208,4.693,1.350,-0.079,6.395,1.350,10.496,6.395,FALSE,FALSE,FALSE,FALSE,FALSE,FALSE,FALSE,FALSE,FALSE
100,1.043,1.586,5.564,11.294,1.675,-1.675,4,3,2,1.350,5.208,4.693,1.350,-0.079,6.395,1.350,10.496,6.395,FALSE,FALSE,FALSE,FALSE,FALSE,FALSE,FALSE,FALSE,FALSE
101,0.977,1.899,5.422,11.294,1.789,-1.789,5,3,2,1.350,5.208,4.693,1.350,-0.079,6.395,1.350,10.496,6.395,FALSE,FALSE,FALSE,FALSE,FALSE,FALSE,FALSE,FALSE,FALSE
102,0.910,2.212,5.288,11.294,1.980,-1.980,6,3,2,1.350,5.208,4.693,1.350,-0.079,6.395,1.350,10.496,6.395,FALSE,FALSE,FALSE,FALSE,FALSE,FALSE,FALSE,FALSE,FALSE
103,0.844,2.525,5.177,11.294,2.185,-2.185,7,3,2,1.350,5.208,4.693,1.350,-0.079,6.395,1.350,10.496,6.395,FALSE,FALSE,FALSE,FALSE,FALSE,FALSE,FALSE,FALSE,FALSE
104,0.777,2.838,5.066,11.294,2.247,-2.247,8,3,2,1.350,5.208,4.693,1.350,-0.079,6.395,1.350,10.496,6.395,FALSE,FALSE,FALSE,FALSE,FALSE,FALSE,FALSE,FALSE,FALSE
105,0.710,3.151,4.985,11.294,2.226,-2.226,9,3,2,1.350,5.208,4.693,1.350,-0.079,6.395,1.350,10.496,6.395,FALSE,FALSE,FALSE,FALSE,FALSE,FALSE,FALSE,FALSE,FALSE
106,0.644,3.464,4.903,11.294,2.094,-2.094,10,3,2,1.350,5.208,4.693,1.350,-0.079,6.395,1.350,10.496,6.395,FALSE,FALSE,FALSE,FALSE,FALSE,FALSE,FALSE,FALSE,FALSE
107,0.577,3.777,4.842,11.294,1.883,-1.883,11,3,2,1.350,5.208,4.693,1.350,-0.079,6.395,1.350,10.496,6.395,FALSE,FALSE,FALSE,FALSE,FALSE,FALSE,FALSE,FALSE,FALSE
108,0.511,4.090,4.788,11.294,1.617,-1.617,12,3,2,1.350,5.208,4.693,1.350,-0.079,6.395,1.350,10.496,6.395,FALSE,FALSE,FALSE,FALSE,FALSE,FALSE,FALSE,FALSE,FALSE
109,0.444,4.403,4.745,11.294,1.376,-1.376,13,3,2,1.350,5.208,4.693,1.350,-0.079,6.395,1.350,10.496,6.395,FALSE,FALSE,FALSE,FALSE,FALSE,FALSE,FALSE,FALSE,FALSE
110,0.378,4.716,4.718,11.294,1.150,-1.150,14,3,2,1.350,5.208,4.693,1.350,-0.079,6.395,1.350,10.496,6.395,FALSE,FALSE,FALSE,FALSE,FALSE,FALSE,FALSE,FALSE,FALSE
111,0.311,5.029,4.693,11.294,0.975,-0.975,15,3,2,1.350,5.208,4.693,1.350,-0.079,6.395,1.350,10.496,6.395,FALSE,FALSE,FALSE,FALSE,FALSE,FALSE,FALSE,FALSE,FALSE
112,0.245,5.342,4.693,11.294,0.866,-0.866,16,3,1,1.350,5.208,4.693,1.350,-0.079,6.395,1.350,10.496,6.395,FALSE,FALSE,FALSE,FALSE,FALSE,FALSE,FALSE,FALSE,FALSE
113,0.178,5.655,4.693,11.294,0.703,-0.703,17,3,1,1.350,5.208,4.693,1.350,-0.079,6.395,1.350,10.496,6.395,FALSE,FALSE,FALSE,FALSE,FALSE,FALSE,FALSE,FALSE,FALSE
114,0.112,5.968,4.713,11.294,0.571,-0.571,18,3,1,1.350,5.208,4.693,1.350,-0.079,6.395,1.350,10.496,6.395,FALSE,FALSE,FALSE,FALSE,FALSE,FALSE,FALSE,FALSE,FALSE
115,0.045,6.281,4.739,11.294,0.397,-0.397,19,3,1,1.350,5.208,4.693,1.350,-0.079,6.395,1.350,10.496,6.395,FALSE,FALSE,FALSE,FALSE,FALSE,FALSE,FALSE,FALSE,FALSE
116,-0.021,6.594,4.776,11.294,0.218,-0.218,20,3,1,1.350,5.208,4.693,1.350,-0.079,6.395,1.350,10.496,6.395,FALSE,FALSE,FALSE,FALSE,FALSE,FALSE,FALSE,FALSE,FALSE
117,-0.088,6.907,4.830,11.294,0.115,-0.115,21,3,1,1.350,5.208,4.693,1.350,-0.079,6.395,1.350,10.496,6.395,FALSE,FALSE,FALSE,FALSE,FALSE,FALSE,FALSE,FALSE,FALSE
118,-0.154,7.220,4.885,11.294,0.124,-0.124,22,3,1,1.350,5.208,4.693,1.350,-0.079,6.395,1.350,10.496,6.395,FALSE,FALSE,FALSE,FALSE,FALSE,FALSE,FALSE,FALSE,FALSE
119,-0.221,7.533,4.967,11.294,0.243,-0.243,23,3,1,1.350,5.208,4.693,1.350,-0.079,6.395,1.350,10.496,6.395,FALSE,FALSE,FALSE,FALSE,FALSE,FALSE,FALSE,FALSE,FALSE
120,-0.288,7.846,5.049,11.294,0.338,-0.338,24,3,1,1.350,5.208,4.693,1.350,-0.079,6.395,1.350,10.496,6.395,FALSE,FALSE,FALSE,FALSE,FALSE,FALSE,FALSE,FALSE,FALSE
121,-0.354,8.159,5.153,11.294,0.522,-0.522,25,3,1,1.350,5.208,4.693,1.350,-0.079,6.395,1.350,10.496,6.395,FALSE,FALSE,FALSE,FALSE,FALSE,FALSE,FALSE,FALSE,FALSE
122,-0.421,8.472,5.264,11.294,0.752,-0.752,26,3,1,1.350,5.208,4.693,1.350,-0.079,6.395,1.350,10.496,6.395,FALSE,FALSE,FALSE,FALSE,FALSE,FALSE,FALSE,FALSE,FALSE
123,-0.487,8.785,5.392,11.294,1.001,-1.001,27,3,1,1.350,5.208,4.693,1.350,-0.079,6.395,1.350,10.496,6.395,FALSE,FALSE,FALSE,FALSE,FALSE,FALSE,FALSE,FALSE,FALSE
124,-0.554,9.098,5.533,11.294,1.269,-1.269,28,3,1,1.350,5.208,4.693,1.350,-0.079,6.395,1.350,10.496,6.395,FALSE,FALSE,FALSE,FALSE,FALSE,FALSE,FALSE,FALSE,FALSE
125,-0.620,9.411,5.688,11.294,1.577,-1.577,29,3,1,1.350,5.208,4.693,1.350,-0.079,6.395,1.350,10.496,6.395,FALSE,FALSE,FALSE,FALSE,FALSE,FALSE,FALSE,FALSE,FALSE
126,-0.687,9.724,5.863,11.294,1.947,-1.947,30,3,1,1.350,5.208,4.693,1.350,-0.079,6.395,1.350,10.496,6.395,FALSE,FALSE,FALSE,FALSE,FALSE,FALSE,FALSE,FALSE,FALSE
127,-0.753,10.037,6.050,11.294,2.390,-2.390,31,3,1,1.350,5.208,4.693,1.350,-0.079,6.395,1.350,10.496,6.395,FALSE,FALSE,FALSE,FALSE,FALSE,FALSE,FALSE,FALSE,FALSE
128,1.464,1.771,5.834,10.395,2.135,-2.135,5,4,2,1.800,5.696,4.624,1.800,0.861,6.237,1.800,10.476,6.395,FALSE,FALSE,FALSE,FALSE,FALSE,FALSE,FALSE,FALSE,FALSE
129,1.397,2.084,5.647,10.395,2.330,-2.330,6,4,2,1.800,5.696,4.624,1.800,0.861,6.237,1.800,10.476,6.395,FALSE,FALSE,FALSE,FALSE,FALSE,FALSE,FALSE,FALSE,FALSE
130,1.331,2.397,5.466,10.395,2.457,-2.457,7,4,2,1.800,5.696,4.624,1.800,0.861,6.237,1.800,10.476,6.395,FALSE,FALSE,FALSE,FALSE,FALSE,FALSE,FALSE,FALSE,FALSE
131,1.264,2.710,5.317,10.395,2.517,-2.517,8,4,2,1.800,5.696,4.624,1.800,0.861,6.237,1.800,10.476,6.395,FALSE,FALSE,FALSE,FALSE,FALSE,FALSE,FALSE,FALSE,FALSE
132,1.198,3.023,5.173,10.395,2.455,-2.455,9,4,2,1.800,5.696,4.624,1.800,0.861,6.237,1.800,10.476,6.395,FALSE,FALSE,FALSE,FALSE,FALSE,FALSE,FALSE,FALSE,FALSE
133,1.131,3.336,5.058,10.395,2.318,-2.318,10,4,2,1.800,5.696,4.624,1.800,0.861,6.237,1.800,10.476,6.395,FALSE,FALSE,FALSE,FALSE,FALSE,FALSE,FALSE,FALSE,FALSE
134,1.065,3.649,4.947,10.395,2.080,-2.080,11,4,2,1.800,5.696,4.624,1.800,0.861,6.237,1.800,10.476,6.395,FALSE,FALSE,FALSE,FALSE,FALSE,FALSE,FALSE,FALSE,FALSE
135,0.998,3.962,4.863,10.395,1.763,-1.763,12,4,2,1.800,5.696,4.624,1.800,0.861,6.237,1.800,10.476,6.395,FALSE,FALSE,FALSE,FALSE,FALSE,FALSE,FALSE,FALSE,FALSE
136,0.931,4.275,4.781,10.395,1.410,-1.410,13,4,2,1.800,5.696,4.624,1.800,0.861,6.237,1.800,10.476,6.395,FALSE,FALSE,FALSE,FALSE,FALSE,FALSE,FALSE,FALSE,FALSE
137,0.865,4.588,4.728,10.395,1.097,-1.097,14,4,2,1.800,5.696,4.624,1.800,0.861,6.237,1.800,10.476,6.395,FALSE,FALSE,FALSE,FALSE,FALSE,FALSE,FALSE,FALSE,FALSE
138,0.798,4.901,4.674,10.395,0.852,-0.852,15,4,2,1.800,5.696,4.624,1.800,0.861,6.237,1.800,10.476,6.395,FALSE,FALSE,FALSE,FALSE,FALSE,FALSE,FALSE,FALSE,FALSE
139,0.732,5.214,4.648,10.395,0.724,-0.724,16,4,1,1.800,5.696,4.624,1.800,0.861,6.237,1.800,10.476,6.395,FALSE,FALSE,FALSE,FALSE,FALSE,FALSE,FALSE,FALSE,FALSE
140,0.665,5.527,4.624,10.395,0.655,-0.655,17,4,1,1.800,5.696,4.624,1.800,0.861,6.237,1.800,10.476,6.395,FALSE,FALSE,FALSE,FALSE,FALSE,FALSE,FALSE,FALSE,FALSE
141,0.599,5.840,4.622,10.395,0.594,-0.594,18,4,1,1.800,5.696,4.624,1.800,0.861,6.237,1.800,10.476,6.395,FALSE,FALSE,FALSE,FALSE,FALSE,FALSE,FALSE,FALSE,FALSE
142,0.532,6.153,4.627,10.395,0.514,-0.514,19,4,1,1.800,5.696,4.624,1.800,0.861,6.237,1.800,10.476,6.395,FALSE,FALSE,FALSE,FALSE,FALSE,FALSE,FALSE,FALSE,FALSE
143,0.466,6.466,4.649,10.395,0.386,-0.386,20,4,1,1.800,5.696,4.624,1.800,0.861,6.237,1.800,10.476,6.395,FALSE,FALSE,FALSE,FALSE,FALSE,FALSE,FALSE,FALSE,FALSE
144,0.399,6.779,4.684,10.395,0.203,-0.203,21,4,1,1.800,5.696,4.624,1.800,0.861,6.237,1.800,10.476,6.395,FALSE,FALSE,FALSE,FALSE,FALSE,FALSE,FALSE,FALSE,FALSE
145,0.333,7.092,4.731,10.395,0.255,-0.255,22,4,1,1.800,5.696,4.624,1.800,0.861,6.237,1.800,10.476,6.395,FALSE,FALSE,FALSE,FALSE,FALSE,FALSE,FALSE,FALSE,FALSE
146,0.266,7.405,4.795,10.395,0.381,-0.381,23,4,1,1.800,5.696,4.624,1.800,0.861,6.237,1.800,10.476,6.395,FALSE,FALSE,FALSE,FALSE,FALSE,FALSE,FALSE,FALSE,FALSE
147,0.200,7.718,4.868,10.395,0.545,-0.545,24,4,1,1.800,5.696,4.624,1.800,0.861,6.237,1.800,10.476,6.395,FALSE,FALSE,FALSE,FALSE,FALSE,FALSE,FALSE,FALSE,FALSE
148,0.133,8.031,4.963,10.395,0.674,-0.674,25,4,1,1.800,5.696,4.624,1.800,0.861,6.237,1.800,10.476,6.395,FALSE,FALSE,FALSE,FALSE,FALSE,FALSE,FALSE,FALSE,FALSE
149,0.067,8.344,5.066,10.395,0.768,-0.768,26,4,1,1.800,5.696,4.624,1.800,0.861,6.237,1.800,10.476,6.395,FALSE,FALSE,FALSE,FALSE,FALSE,FALSE,FALSE,FALSE,FALSE
150,0.000,8.657,5.193,10.395,0.886,-0.886,27,4,1,1.800,5.696,4.624,1.800,0.861,6.237,1.800,10.476,6.395,FALSE,FALSE,FALSE,FALSE,FALSE,FALSE,FALSE,FALSE,FALSE
151,-0.067,8.970,5.328,10.395,1.055,-1.055,28,4,1,1.800,5.696,4.624,1.800,0.861,6.237,1.800,10.476,6.395,FALSE,FALSE,FALSE,FALSE,FALSE,FALSE,FALSE,FALSE,FALSE
152,-0.133,9.283,5.490,10.395,1.270,-1.270,29,4,1,1.800,5.696,4.624,1.800,0.861,6.237,1.800,10.476,6.395,FALSE,FALSE,FALSE,FALSE,FALSE,FALSE,FALSE,FALSE,FALSE
153,-0.200,9.596,5.664,10.395,1.532,-1.532,30,4,1,1.800,5.696,4.624,1.800,0.861,6.237,1.800,10.476,6.395,FALSE,FALSE,FALSE,FALSE,FALSE,FALSE,FALSE,FALSE,FALSE
154,-0.266,9.909,5.864,10.395,1.927,-1.927,31,4,1,1.800,5.696,4.624,1.800,0.861,6.237,1.800,10.476,6.395,FALSE,FALSE,FALSE,FALSE,FALSE,FALSE,FALSE,FALSE,FALSE
155,-0.333,10.222,6.084,10.395,2.294,-2.294,32,4,1,1.800,5.696,4.624,1.800,0.861,6.237,1.800,10.476,6.395,FALSE,FALSE,FALSE,FALSE,FALSE,FALSE,FALSE,FALSE,FALSE
156,1.816,2.277,5.307,9.992,2.126,-2.126,6,5,2,2.250,5.991,4.386,2.250,1.268,5.675,2.250,10.456,6.395,FALSE,FALSE,FALSE,FALSE,FALSE,FALSE,FALSE,FALSE,FALSE
157,1.750,2.590,5.142,9.992,2.248,-2.248,7,5,2,2.250,5.991,4.386,2.250,1.268,5.675,2.250,10.456,6.395,FALSE,FALSE,FALSE,FALSE,FALSE,FALSE,FALSE,FALSE,FALSE
158,1.683,2.903,4.985,9.992,2.202,-2.202,8,5,2,2.250,5.991,4.386,2.250,1.268,5.675,2.250,10.456,6.395,FALSE,FALSE,FALSE,FALSE,FALSE,FALSE,FALSE,FALSE,FALSE
159,1.617,3.216,4.856,9.992,2.101,-2.101,9,5,2,2.250,5.991,4.386,2.250,1.268,5.675,2.250,10.456,6.395,FALSE,FALSE,FALSE,FALSE,FALSE,FALSE,FALSE,FALSE,FALSE
160,1.550,3.529,4.736,9.992,1.928,-1.928,10,5,2,2.250,5.991,4.386,2.250,1.268,5.675,2.250,10.456,6.395,FALSE,FALSE,FALSE,FALSE,FALSE,FALSE,FALSE,FALSE,FALSE
161,1.484,3.842,4.640,9.992,1.685,-1.685,11,5,2,2.250,5.991,4.386,2.250,1.268,5.675,2.250,10.456,6.395,FALSE,FALSE,FALSE,FALSE,FALSE,FALSE,FALSE,FALSE,FALSE
162,1.417,4.155,4.553,9.992,1.340,-1.340,12,5,2,2.250,5.991,4.386,2.250,1.268,5.675,2.250,10.456,6.395,FALSE,FALSE,FALSE,FALSE,FALSE,FALSE,FALSE,FALSE,FALSE
163,1.351,4.468,4.489,9.992,0.968,-0.968,13,5,2,2.250,5.991,4.386,2.250,1.268,5.675,2.250,10.456,6.395,FALSE,FALSE,FALSE,FALSE,FALSE,FALSE,FALSE,FALSE,FALSE
164,1.284,4.781,4.432,9.992,0.610,-0.610,14,5,2,2.250,5.991,4.386,2.250,1.268,5.675,2.250,10.456,6.395,FALSE,FALSE,FALSE,FALSE,FALSE,FALSE,FALSE,FALSE,FALSE
165,1.218,5.094,4.398,9.992,0.390,-0.390,15,5,2,2.250,5.991,4.386,2.250,1.268,5.675,2.250,10.456,6.395,FALSE,FALSE,FALSE,FALSE,FALSE,FALSE,FALSE,FALSE,FALSE
166,1.151,5.407,4.369,9.992,0.290,-0.290,16,5,1,2.250,5.991,4.386,2.250,1.268,5.675,2.250,10.456,6.395,FALSE,FALSE,FALSE,FALSE,FALSE,FALSE,FALSE,FALSE,FALSE
167,1.084,5.720,4.364,9.992,0.276,-0.276,17,5,1,2.250,5.991,4.386,2.250,1.268,5.675,2.250,10.456,6.395,FALSE,FALSE,FALSE,FALSE,FALSE,FALSE,FALSE,FALSE,FALSE
168,1.018,6.033,4.363,9.992,0.266,-0.266,18,5,1,2.250,5.991,4.386,2.250,1.268,5.675,2.250,10.456,6.395,FALSE,FALSE,FALSE,FALSE,FALSE,FALSE,FALSE,FALSE,FALSE
169,0.951,6.346,4.388,9.992,0.216,-0.216,19,5,1,2.250,5.991,4.386,2.250,1.268,5.675,2.250,10.456,6.395,FALSE,FALSE,FALSE,FALSE,FALSE,FALSE,FALSE,FALSE,FALSE
170,0.885,6.659,4.413,9.992,0.115,-0.115,20,5,1,2.250,5.991,4.386,2.250,1.268,5.675,2.250,10.456,6.395,FALSE,FALSE,FALSE,FALSE,FALSE,FALSE,FALSE,FALSE,FALSE
171,0.818,6.972,4.468,9.992,0.105,-0.105,21,5,1,2.250,5.991,4.386,2.250,1.268,5.675,2.250,10.456,6.395,FALSE,FALSE,FALSE,FALSE,FALSE,FALSE,FALSE,FALSE,FALSE
172,0.752,7.285,4.523,9.992,0.255,-0.255,22,5,1,2.250,5.991,4.386,2.250,1.268,5.675,2.250,10.456,6.395,FALSE,FALSE,FALSE,FALSE,FALSE,FALSE,FALSE,FALSE,FALSE
173,0.685,7.598,4.609,9.992,0.481,-0.481,23,5,1,2.250,5.991,4.386,2.250,1.268,5.675,2.250,10.456,6.395,FALSE,FALSE,FALSE,FALSE,FALSE,FALSE,FALSE,FALSE,FALSE
174,0.619,7.911,4.695,9.992,0.629,-0.629,24,5,1,2.250,5.991,4.386,2.250,1.268,5.675,2.250,10.456,6.395,FALSE,FALSE,FALSE,FALSE,FALSE,FALSE,FALSE,FALSE,FALSE
175,0.552,8.224,4.812,9.992,0.809,-0.809,25,5,1,2.250,5.991,4.386,2.250,1.268,5.675,2.250,10.456,6.395,FALSE,FALSE,FALSE,FALSE,FALSE,FALSE,FALSE,FALSE,FALSE
176,0.486,8.537,4.931,9.992,0.915,-0.915,26,5,1,2.250,5.991,4.386,2.250,1.268,5.675,2.250,10.456,6.395,FALSE,FALSE,FALSE,FALSE,FALSE,FALSE,FALSE,FALSE,FALSE
177,0.419,8.850,5.084,9.992,1.052,-1.052,27,5,1,2.250,5.991,4.386,2.250,1.268,5.675,2.250,10.456,6.395,FALSE,FALSE,FALSE,FALSE,FALSE,FALSE,FALSE,FALSE,FALSE
178,0.353,9.163,5.243,9.992,1.227,-1.227,28,5,1,2.250,5.991,4.386,2.250,1.268,5.675,2.250,10.456,6.395,FALSE,FALSE,FALSE,FALSE,FALSE,FALSE,FALSE,FALSE,FALSE
179,0.286,9.476,5.434,9.992,1.488,-1.488,29,5,1,2.250,5.991,4.386,2.250,1.268,5.675,2.250,10.456,6.395,FALSE,FALSE,FALSE,FALSE,FALSE,FALSE,FALSE,FALSE,FALSE
180,0.220,9.789,5.640,9.992,1.863,-1.863,30,5,1,2.250,5.991,4.386,2.250,1.268,5.675,2.250,10.456,6.395,FALSE,FALSE,FALSE,FALSE,FALSE,FALSE,FALSE,FALSE,FALSE
181,0.153,10.102,5.875,9.992,2.254,-2.254,31,5,1,2.250,5.991,4.386,2.250,1.268,5.675,2.250,10.456,6.395,FALSE,FALSE,FALSE,FALSE,FALSE,FALSE,FALSE,FALSE,FALSE
182,2.290,2.213,5.360,10.039,1.909,-1.909,6,6,2,2.700,5.947,4.384,2.700,1.198,5.670,2.700,10.437,6.395,FALSE,FALSE,FALSE,FALSE,FALSE,FALSE,FALSE,FALSE,FALSE
183,2.223,2.526,5.187,10.039,2.081,-2.081,7,6,2,2.700,5.947,4.384,2.700,1.198,5.670,2.700,10.437,6.395,FALSE,FALSE,FALSE,FALSE,FALSE,FALSE,FALSE,FALSE,FALSE
184,2.157,2.839,5.023,10.039,2.105,-2.105,8,6,2,2.700,5.947,4.384,2.700,1.198,5.670,2.700,10.437,6.395,FALSE,FALSE,FALSE,FALSE,FALSE,FALSE,FALSE,FALSE,FALSE
185,2.090,3.152,4.892,10.039,2.057,-2.057,9,6,2,2.700,5.947,4.384,2.700,1.198,5.670,2.700,10.437,6.395,FALSE,FALSE,FALSE,FALSE,FALSE,FALSE,FALSE,FALSE,FALSE
186,2.024,3.465,4.764,10.039,1.924,-1.924,10,6,2,2.700,5.947,4.384,2.700,1.198,5.670,2.700,10.437,6.395,FALSE,FALSE,FALSE,FALSE,FALSE,FALSE,FALSE,FALSE,FALSE
187,1.957,3.778,4.667,10.039,1.739,-1.739,11,6,2,2.700,5.947,4.384,2.700,1.198,5.670,2.700,10.437,6.395,FALSE,FALSE,FALSE,FALSE,FALSE,FALSE,FALSE,FALSE,FALSE
188,1.891,4.091,4.572,10.039,1.436,-1.436,12,6,2,2.700,5.947,4.384,2.700,1.198,5.670,2.700,10.437,6.395,FALSE,FALSE,FALSE,FALSE,FALSE,FALSE,FALSE,FALSE,FALSE
189,1.824,4.404,4.507,10.039,1.082,-1.082,13,6,2,2.700,5.947,4.384,2.700,1.198,5.670,2.700,10.437,6.395,FALSE,FALSE,FALSE,FALSE,FALSE,FALSE,FALSE,FALSE,FALSE
190,1.758,4.717,4.443,10.039,0.706,-0.706,14,6,2,2.700,5.947,4.384,2.700,1.198,5.670,2.700,10.437,6.395,FALSE,FALSE,FALSE,FALSE,FALSE,FALSE,FALSE,FALSE,FALSE
191,1.691,5.030,4.406,10.039,0.405,-0.405,15,6,2,2.700,5.947,4.384,2.700,1.198,5.670,2.700,10.437,6.395,FALSE,FALSE,FALSE,FALSE,FALSE,FALSE,FALSE,FALSE,FALSE
192,1.625,5.343,4.372,10.039,0.218,-0.218,16,6,1,2.700,5.947,4.384,2.700,1.198,5.670,2.700,10.437,6.395,FALSE,FALSE,FALSE,FALSE,FALSE,FALSE,FALSE,FALSE,FALSE
193,1.558,5.656,4.363,10.039,0.177,-0.177,17,6,1,2.700,5.947,4.384,2.700,1.198,5.670,2.700,10.437,6.395,FALSE,FALSE,FALSE,FALSE,FALSE,FALSE,FALSE,FALSE,FALSE
194,1.492,5.969,4.359,10.039,0.188,-0.188,18,6,1,2.700,5.947,4.384,2.700,1.198,5.670,2.700,10.437,6.395,FALSE,FALSE,FALSE,FALSE,FALSE,FALSE,FALSE,FALSE,FALSE
195,1.425,6.282,4.376,10.039,0.186,-0.186,19,6,1,2.700,5.947,4.384,2.700,1.198,5.670,2.700,10.437,6.395,FALSE,FALSE,FALSE,FALSE,FALSE,FALSE,FALSE,FALSE,FALSE
196,1.359,6.595,4.401,10.039,0.146,-0.146,20,6,1,2.700,5.947,4.384,2.700,1.198,5.670,2.700,10.437,6.395,FALSE,FALSE,FALSE,FALSE,FALSE,FALSE,FALSE,FALSE,FALSE
197,1.292,6.908,4.445,10.039,0.105,-0.105,21,6,1,2.700,5.947,4.384,2.700,1.198,5.670,2.700,10.437,6.395,FALSE,FALSE,FALSE,FALSE,FALSE,FALSE,FALSE,FALSE,FALSE
198,1.225,7.221,4.500,10.039,0.209,-0.209,22,6,1,2.700,5.947,4.384,2.700,1.198,5.670,2.700,10.437,6.395,FALSE,FALSE,FALSE,FALSE,FALSE,FALSE,FALSE,FALSE,FALSE
199,1.159,7.534,4.573,10.039,0.402,-0.402,23,6,1,2.700,5.947,4.384,2.700,1.198,5.670,2.700,10.437,6.395,FALSE,FALSE,FALSE,FALSE,FALSE,FALSE,FALSE,FALSE,FALSE
200,1.092,7.847,4.659,10.039,0.640,-0.640,24,6,1,2.700,5.947,4.384,2.700,1.198,5.670,2.700,10.437,6.395,FALSE,FALSE,FALSE,FALSE,FALSE,FALSE,FALSE,FALSE,FALSE
201,1.026,8.160,4.763,10.039,0.937,-0.937,25,6,1,2.700,5.947,4.384,2.700,1.198,5.670,2.700,10.437,6.395,FALSE,FALSE,FALSE,FALSE,FALSE,FALSE,FALSE,FALSE,FALSE
202,0.959,8.473,4.881,10.039,1.227,-1.227,26,6,1,2.700,5.947,4.384,2.700,1.198,5.670,2.700,10.437,6.395,FALSE,FALSE,FALSE,FALSE,FALSE,FALSE,FALSE,FALSE,FALSE
203,0.893,8.786,5.021,10.039,1.472,-1.472,27,6,1,2.700,5.947,4.384,2.700,1.198,5.670,2.700,10.437,6.395,FALSE,FALSE,FALSE,FALSE,FALSE,FALSE,FALSE,FALSE,FALSE
204,0.826,9.099,5.173,10.039,1.573,-1.573,28,6,1,2.700,5.947,4.384,2.700,1.198,5.670,2.700,10.437,6.395,FALSE,FALSE,FALSE,FALSE,FALSE,FALSE,FALSE,FALSE,FALSE
205,0.760,9.412,5.353,10.039,1.652,-1.652,29,6,1,2.700,5.947,4.384,2.700,1.198,5.670,2.700,10.437,6.395,FALSE,FALSE,FALSE,FALSE,FALSE,FALSE,FALSE,FALSE,FALSE
206,0.693,9.725,5.544,10.039,1.867,-1.867,30,6,1,2.700,5.947,4.384,2.700,1.198,5.670,2.700,10.437,6.395,FALSE,FALSE,FALSE,FALSE,FALSE,FALSE,FALSE,FALSE,FALSE
207,0.627,10.038,5.774,10.039,2.264,-2.264,31,6,1,2.700,5.947,4.384,2.700,1.198,5.670,2.700,10.437,6.395,FALSE,FALSE,FALSE,FALSE,FALSE,FALSE,FALSE,FALSE,FALSE
208,0.560,10.351,6.018,10.039,2.687,-2.687,32,6,1,2.700,5.947,4.384,2.700,1.198,5.670,2.700,10.437,6.395,FALSE,FALSE,FALSE,FALSE,FALSE,FALSE,FALSE,FALSE,FALSE
209,2.762,2.158,5.414,10.080,1.439,-1.439,5,7,2,3.150,5.908,4.381,3.150,1.137,5.665,3.150,10.420,6.395,FALSE,FALSE,FALSE,FALSE,FALSE,FALSE,FALSE,FALSE,FALSE
210,2.695,2.471,5.231,10.080,1.666,-1.666,6,7,2,3.150,5.908,4.381,3.150,1.137,5.665,3.150,10.420,6.395,FALSE,FALSE,FALSE,FALSE,FALSE,FALSE,FALSE,FALSE,FALSE
211,2.629,2.784,5.068,10.080,1.793,-1.793,7,7,2,3.150,5.908,4.381,3.150,1.137,5.665,3.150,10.420,6.395,FALSE,FALSE,FALSE,FALSE,FALSE,FALSE,FALSE,FALSE,FALSE
212,2.562,3.097,4.927,10.080,1.834,-1.834,8,7,2,3.150,5.908,4.381,3.150,1.137,5.665,3.150,10.420,6.395,FALSE,FALSE,FALSE,FALSE,FALSE,FALSE,FALSE,FALSE,FALSE
213,2.496,3.410,4.799,10.080,1.796,-1.796,9,7,2,3.150,5.908,4.381,3.150,1.137,5.665,3.150,10.420,6.395,FALSE,FALSE,FALSE,FALSE,FALSE,FALSE,FALSE,FALSE,FALSE
214,2.429,3.723,4.693,10.080,1.679,-1.679,10,7,2,3.150,5.908,4.381,3.150,1.137,5.665,3.150,10.420,6.395,FALSE,FALSE,FALSE,FALSE,FALSE,FALSE,FALSE,FALSE,FALSE
215,2.363,4.036,4.599,10.080,1.422,-1.422,11,7,2,3.150,5.908,4.381,3.150,1.137,5.665,3.150,10.420,6.395,FALSE,FALSE,FALSE,FALSE,FALSE,FALSE,FALSE,FALSE,FALSE
216,2.296,4.349,4.524,10.080,1.098,-1.098,12,7,2,3.150,5.908,4.381,3.150,1.137,5.665,3.150,10.420,6.395,FALSE,FALSE,FALSE,FALSE,FALSE,FALSE,FALSE,FALSE,FALSE
217,2.229,4.662,4.460,10.080,0.743,-0.743,13,7,2,3.150,5.908,4.381,3.150,1.137,5.665,3.150,10.420,6.395,FALSE,FALSE,FALSE,FALSE,FALSE,FALSE,FALSE,FALSE,FALSE
218,2.163,4.975,4.414,10.080,0.403,-0.403,14,7,2,3.150,5.908,4.381,3.150,1.137,5.665,3.150,10.420,6.395,FALSE,FALSE,FALSE,FALSE,FALSE,FALSE,FALSE,FALSE,FALSE
219,2.096,5.288,4.381,10.080,0.149,-0.149,15,7,2,3.150,5.908,4.381,3.150,1.137,5.665,3.150,10.420,6.395,FALSE,FALSE,FALSE,FALSE,FALSE,FALSE,FALSE,FALSE,FALSE
220,2.030,5.601,4.361,10.080,0.094,-0.094,16,7,1,3.150,5.908,4.381,3.150,1.137,5.665,3.150,10.420,6.395,FALSE,FALSE,FALSE,FALSE,FALSE,FALSE,FALSE,FALSE,FALSE
221,1.963,5.914,4.357,10.080,0.099,-0.099,17,7,1,3.150,5.908,4.381,3.150,1.137,5.665,3.150,10.420,6.395,FALSE,FALSE,FALSE,FALSE,FALSE,FALSE,FALSE,FALSE,FALSE
222,1.897,6.227,4.364,10.080,0.114,-0.114,18,7,1,3.150,5.908,4.381,3.150,1.137,5.665,3.150,10.420,6.395,FALSE,FALSE,FALSE,FALSE,FALSE,FALSE,FALSE,FALSE,FALSE
223,1.830,6.540,4.390,10.080,0.130,-0.130,19,7,1,3.150,5.908,4.381,3.150,1.137,5.665,3.150,10.420,6.395,FALSE,FALSE,FALSE,FALSE,FALSE,FALSE,FALSE,FALSE,FALSE
224,1.764,6.853,4.423,10.080,0.075,-0.075,20,7,1,3.150,5.908,4.381,3.150,1.137,5.665,3.150,10.420,6.395,FALSE,FALSE,FALSE,FALSE,FALSE,FALSE,FALSE,FALSE,FALSE
225,1.697,7.166,4.478,10.080,0.115,-0.115,21,7,1,3.150,5.908,4.381,3.150,1.137,5.665,3.150,10.420,6.395,FALSE,FALSE,FALSE,FALSE,FALSE,FALSE,FALSE,FALSE,FALSE
226,1.631,7.479,4.540,10.080,0.247,-0.247,22,7,1,3.150,5.908,4.381,3.150,1.137,5.665,3.150,10.420,6.395,FALSE,FALSE,FALSE,FALSE,FALSE,FALSE,FALSE,FALSE,FALSE
227,1.564,7.792,4.626,10.080,0.496,-0.496,23,7,1,3.150,5.908,4.381,3.150,1.137,5.665,3.150,10.420,6.395,FALSE,FALSE,FALSE,FALSE,FALSE,FALSE,FALSE,FALSE,FALSE
228,1.498,8.105,4.717,10.080,0.839,-0.839,24,7,1,3.150,5.908,4.381,3.150,1.137,5.665,3.150,10.420,6.395,FALSE,FALSE,FALSE,FALSE,FALSE,FALSE,FALSE,FALSE,FALSE
229,1.431,8.418,4.835,10.080,1.313,-1.313,25,7,1,3.150,5.908,4.381,3.150,1.137,5.665,3.150,10.420,6.395,FALSE,FALSE,FALSE,FALSE,FALSE,FALSE,FALSE,FALSE,FALSE
230,1.365,8.731,4.961,10.080,1.636,-1.636,26,7,1,3.150,5.908,4.381,3.150,1.137,5.665,3.150,10.420,6.395,FALSE,FALSE,FALSE,FALSE,FALSE,FALSE,FALSE,FALSE,FALSE
231,1.298,9.044,5.113,10.080,1.810,-1.810,27,7,1,3.150,5.908,4.381,3.150,1.137,5.665,3.150,10.420,6.395,FALSE,FALSE,FALSE,FALSE,FALSE,FALSE,FALSE,FALSE,FALSE
232,1.231,9.357,5.278,10.080,1.856,-1.856,28,7,1,3.150,5.908,4.381,3.150,1.137,5.665,3.150,10.420,6.395,FALSE,FALSE,FALSE,FALSE,FALSE,FALSE,FALSE,FALSE,FALSE
233,1.165,9.670,5.467,10.080,1.906,-1.906,29,7,1,3.150,5.908,4.381,3.150,1.137,5.665,3.150,10.420,6.395,FALSE,FALSE,FALSE,FALSE,FALSE,FALSE,FALSE,FALSE,FALSE
234,1.098,9.983,5.679,10.080,2.085,-2.085,30,7,1,3.150,5.908,4.381,3.150,1.137,5.665,3.150,10.420,6.395,FALSE,FALSE,FALSE,FALSE,FALSE,FALSE,FALSE,FALSE,FALSE
235,1.032,10.296,5.911,10.080,2.514,-2.514,31,7,1,3.150,5.908,4.381,3.150,1.137,5.665,3.150,10.420,6.395,FALSE,FALSE,FALSE,FALSE,FALSE,FALSE,FALSE,FALSE,FALSE
236,3.565,0.541,6.129,9.977,0.498,-0.498,0,8,2,3.600,3.944,4.385,3.600,-0.512,6.395,3.600,8.660,5.672,FALSE,FALSE,FALSE,FALSE,FALSE,FALSE,FALSE,FALSE,FALSE
237,3.499,0.854,5.864,9.977,0.444,-0.444,1,8,2,3.600,3.944,4.385,3.600,-0.512,6.395,3.600,8.660,5.672,FALSE,FALSE,FALSE,FALSE,FALSE,FALSE,FALSE,FALSE,FALSE
238,3.432,1.167,5.629,9.977,0.392,-0.392,2,8,2,3.600,3.944,4.385,3.600,-0.512,6.395,3.600,8.660,5.672,FALSE,FALSE,FALSE,FALSE,FALSE,FALSE,FALSE,FALSE,FALSE
239,3.366,1.480,5.424,9.977,0.365,-0.365,3,8,2,3.600,3.944,4.385,3.600,-0.512,6.395,3.600,8.660,5.672,FALSE,FALSE,FALSE,FALSE,FALSE,FALSE,FALSE,FALSE,FALSE
240,3.299,1.793,5.232,9.977,0.388,-0.388,4,8,2,3.600,3.944,4.385,3.600,-0.512,6.395,3.600,8.660,5.672,FALSE,FALSE,FALSE,FALSE,FALSE,FALSE,FALSE,FALSE,FALSE
241,3.233,2.106,5.075,9.977,0.520,-0.520,5,8,2,3.600,3.944,4.385,3.600,-0.512,6.395,3.600,8.660,5.672,FALSE,FALSE,FALSE,FALSE,FALSE,FALSE,FALSE,FALSE,FALSE
242,3.166,2.419,4.923,9.977,0.716,-0.716,6,8,2,3.600,3.944,4.385,3.600,-0.512,6.395,3.600,8.660,5.672,FALSE,FALSE,FALSE,FALSE,FALSE,FALSE,FALSE,FALSE,FALSE
243,3.100,2.732,4.804,9.977,0.927,-0.927,7,8,2,3.600,3.944,4.385,3.600,-0.512,6.395,3.600,8.660,5.672,FALSE,FALSE,FALSE,FALSE,FALSE,FALSE,FALSE,FALSE,FALSE
244,3.033,3.045,4.689,9.977,1.063,-1.063,8,8,2,3.600,3.944,4.385,3.600,-0.512,6.395,3.600,8.660,5.672,FALSE,FALSE,FALSE,FALSE,FALSE,FALSE,FALSE,FALSE,FALSE
245,2.967,3.358,4.602,9.977,1.149,-1.149,9,8,2,3.600,3.944,4.385,3.600,-0.512,6.395,3.600,8.660,5.672,FALSE,FALSE,FALSE,FALSE,FALSE,FALSE,FALSE,FALSE,FALSE
246,2.900,3.671,4.519,9.977,1.142,-1.142,10,8,2,3.600,3.944,4.385,3.600,-0.512,6.395,3.600,8.660,5.672,FALSE,FALSE,FALSE,FALSE,FALSE,FALSE,FALSE,FALSE,FALSE
247,2.834,3.984,4.464,9.977,1.029,-1.029,11,8,2,3.600,3.944,4.385,3.600,-0.512,6.395,3.600,8.660,5.672,FALSE,FALSE,FALSE,FALSE,FALSE,FALSE,FALSE,FALSE,FALSE
248,2.767,4.297,4.410,9.977,0.806,-0.806,12,8,2,3.600,3.944,4.385,3.600,-0.512,6.395,3.600,8.660,5.672,FALSE,FALSE,FALSE,FALSE,FALSE,FALSE,FALSE,FALSE,FALSE
249,2.701,4.610,4.385,9.977,0.544,-0.544,13,8,2,3.600,3.944,4.385,3.600,-0.512,6.395,3.600,8.660,5.672,FALSE,FALSE,FALSE,FALSE,FALSE,FALSE,FALSE,FALSE,FALSE
250,2.634,4.923,4.359,9.977,0.266,-0.266,14,8,2,3.600,3.944,4.385,3.600,-0.512,6.395,3.600,8.660,5.672,FALSE,FALSE,FALSE,FALSE,FALSE,FALSE,FALSE,FALSE,FALSE
251,2.568,5.236,4.363,9.977,0.121,-0.121,15,8,2,3.600,3.944,4.385,3.600,-0.512,6.395,3.600,8.660,5.672,FALSE,FALSE,FALSE,FALSE,FALSE,FALSE,FALSE,FALSE,FALSE
252,2.501,5.549,4.368,9.977,0.071,-0.071,16,8,1,3.600,3.944,4.385,3.600,-0.512,6.395,3.600,8.660,5.672,FALSE,FALSE,FALSE,FALSE,FALSE,FALSE,FALSE,FALSE,FALSE
253,2.434,5.862,4.399,9.977,0.090,-0.090,17,8,1,3.600,3.944,4.385,3.600,-0.512,6.395,3.600,8.660,5.672,FALSE,FALSE,FALSE,FALSE,FALSE,FALSE,FALSE,FALSE,FALSE
254,2.368,6.175,4.433,9.977,0.113,-0.113,18,8,1,3.600,3.944,4.385,3.600,-0.512,6.395,3.600,8.660,5.672,FALSE,FALSE,FALSE,FALSE,FALSE,FALSE,FALSE,FALSE,FALSE
255,2.301,6.488,4.492,9.977,0.147,-0.147,19,8,1,3.600,3.944,4.385,3.600,-0.512,6.395,3.600,8.660,5.672,FALSE,FALSE,FALSE,FALSE,FALSE,FALSE,FALSE,FALSE,FALSE
256,2.235,6.801,4.556,9.977,0.125,-0.125,20,8,1,3.600,3.944,4.385,3.600,-0.512,6.395,3.600,8.660,5.672,FALSE,FALSE,FALSE,FALSE,FALSE,FALSE,FALSE,FALSE,FALSE
257,2.168,7.114,4.646,9.977,0.161,-0.161,21,8,1,3.600,3.944,4.385,3.600,-0.512,6.395,3.600,8.660,5.672,FALSE,FALSE,FALSE,FALSE,FALSE,FALSE,FALSE,FALSE,FALSE
258,2.102,7.427,4.742,9.977,0.280,-0.280,22,8,1,3.600,3.944,4.385,3.600,-0.512,6.395,3.600,8.660,5.672,FALSE,FALSE,FALSE,FALSE,FALSE,FALSE,FALSE,FALSE,FALSE
259,2.035,7.740,4.864,9.977,0.523,-0.523,23,8,1,3.600,3.944,4.385,3.600,-0.512,6.395,3.600,8.660,5.672,FALSE,FALSE,FALSE,FALSE,FALSE,FALSE,FALSE,FALSE,FALSE
260,1.969,8.053,4.993,9.977,0.887,-0.887,24,8,1,3.600,3.944,4.385,3.600,-0.512,6.395,3.600,8.660,5.672,FALSE,FALSE,FALSE,FALSE,FALSE,FALSE,FALSE,FALSE,FALSE
261,1.902,8.366,5.153,9.977,1.440,-1.440,25,8,1,3.600,3.944,4.385,3.600,-0.512,6.395,3.600,8.660,5.672,FALSE,FALSE,FALSE,FALSE,FALSE,FALSE,FALSE,FALSE,FALSE
262,1.836,8.679,5.319,9.977,1.846,-1.846,26,8,1,3.600,3.944,4.385,3.600,-0.512,6.395,3.600,8.660,5.672,FALSE,FALSE,FALSE,FALSE,FALSE,FALSE,FALSE,FALSE,FALSE
263,3.970,0.803,5.983,9.916,0.245,-0.245,0,9,2,4.050,3.923,4.387,4.050,-0.500,6.395,4.050,8.607,5.675,FALSE,FALSE,FALSE,FALSE,FALSE,FALSE,FALSE,FALSE,FALSE
264,3.903,1.116,5.741,9.916,0.205,-0.205,1,9,2,4.050,3.923,4.387,4.050,-0.500,6.395,4.050,8.607,5.675,FALSE,FALSE,FALSE,FALSE,FALSE,FALSE,FALSE,FALSE,FALSE
265,3.837,1.429,5.515,9.916,0.165,-0.165,2,9,2,4.050,3.923,4.387,4.050,-0.500,6.395,4.050,8.607,5.675,FALSE,FALSE,FALSE,FALSE,FALSE,FALSE,FALSE,FALSE,FALSE
266,3.770,1.742,5.321,9.916,0.158,-0.158,3,9,2,4.050,3.923,4.387,4.050,-0.500,6.395,4.050,8.607,5.675,FALSE,FALSE,FALSE,FALSE,FALSE,FALSE,FALSE,FALSE,FALSE
267,3.704,2.055,5.146,9.916,0.176,-0.176,4,9,2,4.050,3.923,4.387,4.050,-0.500,6.395,4.050,8.607,5.675,FALSE,FALSE,FALSE,FALSE,FALSE,FALSE,FALSE,FALSE,FALSE
268,3.637,2.368,4.991,9.916,0.242,-0.242,5,9,2,4.050,3.923,4.387,4.050,-0.500,6.395,4.050,8.607,5.675,FALSE,FALSE,FALSE,FALSE,FALSE,FALSE,FALSE,FALSE,FALSE
269,3.571,2.681,4.858,9.916,0.361,-0.361,6,9,2,4.050,3.923,4.387,4.050,-0.500,6.395,4.050,8.607,5.675,FALSE,FALSE,FALSE,FALSE,FALSE,FALSE,FALSE,FALSE,FALSE
270,3.504,2.994,4.738,9.916,0.506,-0.506,7,9,2,4.050,3.923,4.387,4.050,-0.500,6.395,4.050,8.607,5.675,FALSE,FALSE,FALSE,FALSE,FALSE,FALSE,FALSE,FALSE,FALSE
271,3.438,3.307,4.641,9.916,0.619,-0.619,8,9,2,4.050,3.923,4.387,4.050,-0.500,6.395,4.050,8.607,5.675,FALSE,FALSE,FALSE,FALSE,FALSE,FALSE,FALSE,FALSE,FALSE
272,3.371,3.620,4.554,9.916,0.666,-0.666,9,9,2,4.050,3.923,4.387,4.050,-0.500,6.395,4.050,8.607,5.675,FALSE,FALSE,FALSE,FALSE,FALSE,FALSE,FALSE,FALSE,FALSE
273,3.304,3.933,4.488,9.916,0.610,-0.610,10,9,2,4.050,3.923,4.387,4.050,-0.500,6.395,4.050,8.607,5.675,FALSE,FALSE,FALSE,FALSE,FALSE,FALSE,FALSE,FALSE,FALSE
274,3.238,4.246,4.433,9.916,0.501,-0.501,11,9,2,4.050,3.923,4.387,4.050,-0.500,6.395,4.050,8.607,5.675,FALSE,FALSE,FALSE,FALSE,FALSE,FALSE,FALSE,FALSE,FALSE
275,3.171,4.559,4.397,9.916,0.285,-0.285,12,9,2,4.050,3.923,4.387,4.050,-0.500,6.395,4.050,8.607,5.675,FALSE,FALSE,FALSE,FALSE,FALSE,FALSE,FALSE,FALSE,FALSE
276,3.105,4.872,4.372,9.916,0.147,-0.147,13,9,2,4.050,3.923,4.387,4.050,-0.500,6.395,4.050,8.607,5.675,FALSE,FALSE,FALSE,FALSE,FALSE,FALSE,FALSE,FALSE,FALSE
277,3.038,5.185,4.364,9.916,0.116,-0.116,14,9,2,4.050,3.923,4.387,4.050,-0.500,6.395,4.050,8.607,5.675,FALSE,FALSE,FALSE,FALSE,FALSE,FALSE,FALSE,FALSE,FALSE
278,2.972,5.498,4.368,9.916,0.107,-0.107,15,9,2,4.050,3.923,4.387,4.050,-0.500,6.395,4.050,8.607,5.675,FALSE,FALSE,FALSE,FALSE,FALSE,FALSE,FALSE,FALSE,FALSE
279,2.905,5.811,4.388,9.916,0.111,-0.111,16,9,1,4.050,3.923,4.387,4.050,-0.500,6.395,4.050,8.607,5.675,FALSE,FALSE,FALSE,FALSE,FALSE,FALSE,FALSE,FALSE,FALSE
280,2.839,6.124,4.423,9.916,0.112,-0.112,17,9,1,4.050,3.923,4.387,4.050,-0.500,6.395,4.050,8.607,5.675,FALSE,FALSE,FALSE,FALSE,FALSE,FALSE,FALSE,FALSE,FALSE
281,2.772,6.437,4.471,9.916,0.088,-0.088,18,9,1,4.050,3.923,4.387,4.050,-0.500,6.395,4.050,8.607,5.675,FALSE,FALSE,FALSE,FALSE,FALSE,FALSE,FALSE,FALSE,FALSE
282,2.706,6.750,4.536,9.916,0.066,-0.066,19,9,1,4.050,3.923,4.387,4.050,-0.500,6.395,4.050,8.607,5.675,FALSE,FALSE,FALSE,FALSE,FALSE,FALSE,FALSE,FALSE,FALSE
283,2.639,7.063,4.615,9.916,0.040,-0.040,20,9,1,4.050,3.923,4.387,4.050,-0.500,6.395,4.050,8.607,5.675,FALSE,FALSE,FALSE,FALSE,FALSE,FALSE,FALSE,FALSE,FALSE
284,2.573,7.376,4.712,9.916,0.089,-0.089,21,9,1,4.050,3.923,4.387,4.050,-0.500,6.395,4.050,8.607,5.675,FALSE,FALSE,FALSE,FALSE,FALSE,FALSE,FALSE,FALSE,FALSE
285,2.506,7.689,4.824,9.916,0.234,-0.234,22,9,1,4.050,3.923,4.387,4.050,-0.500,6.395,4.050,8.607,5.675,FALSE,FALSE,FALSE,FALSE,FALSE,FALSE,FALSE,FALSE,FALSE
286,2.440,8.002,4.954,9.916,0.475,-0.475,23,9,1,4.050,3.923,4.387,4.050,-0.500,6.395,4.050,8.607,5.675,FALSE,FALSE,FALSE,FALSE,FALSE,FALSE,FALSE,FALSE,FALSE
287,2.373,8.315,5.104,9.916,0.806,-0.806,24,9,1,4.050,3.923,4.387,4.050,-0.500,6.395,4.050,8.607,5.675,FALSE,FALSE,FALSE,FALSE,FALSE,FALSE,FALSE,FALSE,FALSE
288,2.306,8.628,5.270,9.916,1.202,-1.202,25,9,1,4.050,3.923,4.387,4.050,-0.500,6.395,4.050,8.607,5.675,FALSE,FALSE,FALSE,FALSE,FALSE,FALSE,FALSE,FALSE,FALSE
289,2.240,8.941,5.465,9.916,1.601,-1.601,26,9,1,4.050,3.923,4.387,4.050,-0.500,6.395,4.050,8.607,5.675,FALSE,FALSE,FALSE,FALSE,FALSE,FALSE,FALSE,FALSE,FALSE
290,4.440,0.754,6.125,9.872,0.155,-0.155,0,10,2,4.500,3.913,4.389,4.500,-0.486,6.395,4.500,8.573,5.679,FALSE,FALSE,FALSE,FALSE,FALSE,FALSE,FALSE,FALSE,FALSE
291,4.374,1.067,5.857,9.872,0.080,-0.080,1,10,2,4.500,3.913,4.389,4.500,-0.486,6.395,4.500,8.573,5.679,FALSE,FALSE,FALSE,FALSE,FALSE,FALSE,FALSE,FALSE,FALSE
292,4.307,1.380,5.619,9.872,0.043,-0.043,2,10,2,4.500,3.913,4.389,4.500,-0.486,6.395,4.500,8.573,5.679,FALSE,FALSE,FALSE,FALSE,FALSE,FALSE,FALSE,FALSE,FALSE
293,4.241,1.693,5.414,9.872,0.072,-0.072,3,10,2,4.500,3.913,4.389,4.500,-0.486,6.395,4.500,8.573,5.679,FALSE,FALSE,FALSE,FALSE,FALSE,FALSE,FALSE,FALSE,FALSE
294,4.174,2.006,5.220,9.872,0.031,-0.031,4,10,2,4.500,3.913,4.389,4.500,-0.486,6.395,4.500,8.573,5.679,FALSE,FALSE,FALSE,FALSE,FALSE,FALSE,FALSE,FALSE,FALSE
295,4.108,2.319,5.064,9.872,0.033,-0.033,5,10,2,4.500,3.913,4.389,4.500,-0.486,6.395,4.500,8.573,5.679,FALSE,FALSE,FALSE,FALSE,FALSE,FALSE,FALSE,FALSE,FALSE
296,4.041,2.632,4.914,9.872,0.029,-0.029,6,10,2,4.500,3.913,4.389,4.500,-0.486,6.395,4.500,8.573,5.679,FALSE,FALSE,FALSE,FALSE,FALSE,FALSE,FALSE,FALSE,FALSE
297,3.975,2.945,4.794,9.872,0.067,-0.067,7,10,2,4.500,3.913,4.389,4.500,-0.486,6.395,4.500,8.573,5.679,FALSE,FALSE,FALSE,FALSE,FALSE,FALSE,FALSE,FALSE,FALSE
298,3.908,3.258,4.681,9.872,0.137,-0.137,8,10,2,4.500,3.913,4.389,4.500,-0.486,6.395,4.500,8.573,5.679,FALSE,FALSE,FALSE,FALSE,FALSE,FALSE,FALSE,FALSE,FALSE
299,3.842,3.571,4.594,9.872,0.200,-0.200,9,10,2,4.500,3.913,4.389,4.500,-0.486,6.395,4.500,8.573,5.679,FALSE,FALSE,FALSE,FALSE,FALSE,FALSE,FALSE,FALSE,FALSE
300,3.775,3.884,4.514,9.872,0.189,-0.189,10,10,2,4.500,3.913,4.389,4.500,-0.486,6.395,4.500,8.573,5.679,FALSE,FALSE,FALSE,FALSE,FALSE,FALSE,FALSE,FALSE,FALSE
301,3.708,4.197,4.459,9.872,0.175,-0.175,11,10,2,4.500,3.913,4.389,4.500,-0.486,6.395,4.500,8.573,5.679,FALSE,FALSE,FALSE,FALSE,FALSE,FALSE,FALSE,FALSE,FALSE
302,3.642,4.510,4.409,9.872,0.065,-0.065,12,10,2,4.500,3.913,4.389,4.500,-0.486,6.395,4.500,8.573,5.679,FALSE,FALSE,FALSE,FALSE,FALSE,FALSE,FALSE,FALSE,FALSE
303,3.575,4.823,4.384,9.872,0.040,-0.040,13,10,2,4.500,3.913,4.389,4.500,-0.486,6.395,4.500,8.573,5.679,FALSE,FALSE,FALSE,FALSE,FALSE,FALSE,FALSE,FALSE,FALSE
304,3.509,5.136,4.364,9.872,0.073,-0.073,14,10,2,4.500,3.913,4.389,4.500,-0.486,6.395,4.500,8.573,5.679,FALSE,FALSE,FALSE,FALSE,FALSE,FALSE,FALSE,FALSE,FALSE
305,3.442,5.449,4.369,9.872,0.136,-0.136,15,10,2,4.500,3.913,4.389,4.500,-0.486,6.395,4.500,8.573,5.679,FALSE,FALSE,FALSE,FALSE,FALSE,FALSE,FALSE,FALSE,FALSE
306,3.376,5.762,4.376,9.872,0.187,-0.187,16,10,1,4.500,3.913,4.389,4.500,-0.486,6.395,4.500,8.573,5.679,FALSE,FALSE,FALSE,FALSE,FALSE,FALSE,FALSE,FALSE,FALSE
307,3.309,6.075,4.411,9.872,0.220,-0.220,17,10,1,4.500,3.913,4.389,4.500,-0.486,6.395,4.500,8.573,5.679,FALSE,FALSE,FALSE,FALSE,FALSE,FALSE,FALSE,FALSE,FALSE
308,3.243,6.388,4.448,9.872,0.157,-0.157,18,10,1,4.500,3.913,4.389,4.500,-0.486,6.395,4.500,8.573,5.679,FALSE,FALSE,FALSE,FALSE,FALSE,FALSE,FALSE,FALSE,FALSE
309,3.176,6.701,4.513,9.872,0.093,-0.093,19,10,1,4.500,3.913,4.389,4.500,-0.486,6.395,4.500,8.573,5.679,FALSE,FALSE,FALSE,FALSE,FALSE,FALSE,FALSE,FALSE,FALSE
310,3.110,7.014,4.580,9.872,0.035,-0.035,20,10,1,4.500,3.913,4.389,4.500,-0.486,6.395,4.500,8.573,5.679,FALSE,FALSE,FALSE,FALSE,FALSE,FALSE,FALSE,FALSE,FALSE
311,3.043,7.327,4.677,9.872,0.016,-0.016,21,10,1,4.500,3.913,4.389,4.500,-0.486,6.395,4.500,8.573,5.679,FALSE,FALSE,FALSE,FALSE,FALSE,FALSE,FALSE,FALSE,FALSE
312,2.977,7.640,4.777,9.872,0.049,-0.049,22,10,1,4.500,3.913,4.389,4.500,-0.486,6.395,4.500,8.573,5.679,FALSE,FALSE,FALSE,FALSE,FALSE,FALSE,FALSE,FALSE,FALSE
313,2.910,7.953,4.908,9.872,0.181,-0.181,23,10,1,4.500,3.913,4.389,4.500,-0.486,6.395,4.500,8.573,5.679,FALSE,FALSE,FALSE,FALSE,FALSE,FALSE,FALSE,FALSE,FALSE
314,2.844,8.266,5.045,9.872,0.357,-0.357,24,10,1,4.500,3.913,4.389,4.500,-0.486,6.395,4.500,8.573,5.679,FALSE,FALSE,FALSE,FALSE,FALSE,FALSE,FALSE,FALSE,FALSE
315,2.777,8.579,5.213,9.872,0.608,-0.608,25,10,1,4.500,3.913,4.389,4.500,-0.486,6.395,4.500,8.573,5.679,FALSE,FALSE,FALSE,FALSE,FALSE,FALSE,FALSE,FALSE,FALSE
316,2.710,8.892,5.394,9.872,0.945,-0.945,26,10,1,4.500,3.913,4.389,4.500,-0.486,6.395,4.500,8.573,5.679,FALSE,FALSE,FALSE,FALSE,FALSE,FALSE,FALSE,FALSE,FALSE
317,4.844,1.019,6.051,10.683,0.149,-0.149,0,11,2,4.950,4.448,4.573,4.950,-0.471,6.395,4.950,9.459,6.122,FALSE,FALSE,FALSE,FALSE,FALSE,FALSE,FALSE,FALSE,FALSE
318,4.778,1.332,5.839,10.683,0.096,-0.096,1,11,2,4.950,4.448,4.573,4.950,-0.471,6.395,4.950,9.459,6.122,FALSE,FALSE,FALSE,FALSE,FALSE,FALSE,FALSE,FALSE,FALSE
319,4.711,1.645,5.642,10.683,0.065,-0.065,2,11,2,4.950,4.448,4.573,4.950,-0.471,6.395,4.950,9.459,6.122,FALSE,FALSE,FALSE,FALSE,FALSE,FALSE,FALSE,FALSE,FALSE
320,4.644,1.958,5.472,10.683,0.071,-0.071,3,11,2,4.950,4.448,4.573,4.950,-0.471,6.395,4.950,9.459,6.122,FALSE,FALSE,FALSE,FALSE,FALSE,FALSE,FALSE,FALSE,FALSE
321,4.578,2.271,5.311,10.683,0.069,-0.069,4,11,2,4.950,4.448,4.573,4.950,-0.471,6.395,4.950,9.459,6.122,FALSE,FALSE,FALSE,FALSE,FALSE,FALSE,FALSE,FALSE,FALSE
322,4.511,2.584,5.176,10.683,0.084,-0.084,5,11,2,4.950,4.448,4.573,4.950,-0.471,6.395,4.950,9.459,6.122,FALSE,FALSE,FALSE,FALSE,FALSE,FALSE,FALSE,FALSE,FALSE
323,4.445,2.897,5.049,10.683,0.043,-0.043,6,11,2,4.950,4.448,4.573,4.950,-0.471,6.395,4.950,9.459,6.122,FALSE,FALSE,FALSE,FALSE,FALSE,FALSE,FALSE,FALSE,FALSE
324,4.378,3.210,4.944,10.683,0.047,-0.047,7,11,2,4.950,4.448,4.573,4.950,-0.471,6.395,4.950,9.459,6.122,FALSE,FALSE,FALSE,FALSE,FALSE,FALSE,FALSE,FALSE,FALSE
325,4.312,3.523,4.849,10.683,0.073,-0.073,8,11,2,4.950,4.448,4.573,4.950,-0.471,6.395,4.950,9.459,6.122,FALSE,FALSE,FALSE,FALSE,FALSE,FALSE,FALSE,FALSE,FALSE
326,4.245,3.836,4.770,10.683,0.098,-0.098,9,11,2,4.950,4.448,4.573,4.950,-0.471,6.395,4.950,9.459,6.122,FALSE,FALSE,FALSE,FALSE,FALSE,FALSE,FALSE,FALSE,FALSE
327,4.179,4.149,4.704,10.683,0.127,-0.127,10,11,2,4.950,4.448,4.573,4.950,-0.471,6.395,4.950,9.459,6.122,FALSE,FALSE,FALSE,FALSE,FALSE,FALSE,FALSE,FALSE,FALSE
328,4.112,4.462,4.650,10.683,0.138,-0.138,11,11,2,4.950,4.448,4.573,4.950,-0.471,6.395,4.950,9.459,6.122,FALSE,FALSE,FALSE,FALSE,FALSE,FALSE,FALSE,FALSE,FALSE
329,4.046,4.775,4.613,10.683,0.164,-0.164,12,11,2,4.950,4.448,4.573,4.950,-0.471,6.395,4.950,9.459,6.122,FALSE,FALSE,FALSE,FALSE,FALSE,FALSE,FALSE,FALSE,FALSE
330,3.979,5.088,4.581,10.683,0.238,-0.238,13,11,2,4.950,4.448,4.573,4.950,-0.471,6.395,4.950,9.459,6.122,FALSE,FALSE,FALSE,FALSE,FALSE,FALSE,FALSE,FALSE,FALSE
331,3.913,5.401,4.572,10.683,0.334,-0.334,14,11,2,4.950,4.448,4.573,4.950,-0.471,6.395,4.950,9.459,6.122,FALSE,FALSE,FALSE,FALSE,FALSE,FALSE,FALSE,FALSE,FALSE
332,3.846,5.714,4.563,10.683,0.410,-0.410,15,11,2,4.950,4.448,4.573,4.950,-0.471,6.395,4.950,9.459,6.122,FALSE,FALSE,FALSE,FALSE,FALSE,FALSE,FALSE,FALSE,FALSE
333,3.780,6.027,4.581,10.683,0.447,-0.447,16,11,1,4.950,4.448,4.573,4.950,-0.471,6.395,4.950,9.459,6.122,FALSE,FALSE,FALSE,FALSE,FALSE,FALSE,FALSE,FALSE,FALSE
334,3.713,6.340,4.600,10.683,0.399,-0.399,17,11,1,4.950,4.448,4.573,4.950,-0.471,6.395,4.950,9.459,6.122,FALSE,FALSE,FALSE,FALSE,FALSE,FALSE,FALSE,FALSE,FALSE
335,3.646,6.653,4.640,10.683,0.340,-0.340,18,11,1,4.950,4.448,4.573,4.950,-0.471,6.395,4.950,9.459,6.122,FALSE,FALSE,FALSE,FALSE,FALSE,FALSE,FALSE,FALSE,FALSE
336,3.580,6.966,4.688,10.683,0.270,-0.270,19,11,1,4.950,4.448,4.573,4.950,-0.471,6.395,4.950,9.459,6.122,FALSE,FALSE,FALSE,FALSE,FALSE,FALSE,FALSE,FALSE,FALSE
337,3.513,7.279,4.751,10.683,0.211,-0.211,20,11,1,4.950,4.448,4.573,4.950,-0.471,6.395,4.950,9.459,6.122,FALSE,FALSE,FALSE,FALSE,FALSE,FALSE,FALSE,FALSE,FALSE
338,3.447,7.592,4.828,10.683,0.147,-0.147,21,11,1,4.950,4.448,4.573,4.950,-0.471,6.395,4.950,9.459,6.122,FALSE,FALSE,FALSE,FALSE,FALSE,FALSE,FALSE,FALSE,FALSE
339,3.380,7.905,4.916,10.683,0.085,-0.085,22,11,1,4.950,4.448,4.573,4.950,-0.471,6.395,4.950,9.459,6.122,FALSE,FALSE,FALSE,FALSE,FALSE,FALSE,FALSE,FALSE,FALSE
340,3.314,8.218,5.023,10.683,0.118,-0.118,23,11,1,4.950,4.448,4.573,4.950,-0.471,6.395,4.950,9.459,6.122,FALSE,FALSE,FALSE,FALSE,FALSE,FALSE,FALSE,FALSE,FALSE
341,3.247,8.531,5.139,10.683,0.242,-0.242,24,11,1,4.950,4.448,4.573,4.950,-0.471,6.395,4.950,9.459,6.122,FALSE,FALSE,FALSE,FALSE,FALSE,FALSE,FALSE,FALSE,FALSE
342,3.181,8.844,5.278,10.683,0.452,-0.452,25,11,1,4.950,4.448,4.573,4.950,-0.471,6.395,4.950,9.459,6.122,FALSE,FALSE,FALSE,FALSE,FALSE,FALSE,FALSE,FALSE,FALSE
343,3.114,9.157,5.425,10.683,0.753,-0.753,26,11,1,4.950,4.448,4.573,4.950,-0.471,6.395,4.950,9.459,6.122,FALSE,FALSE,FALSE,FALSE,FALSE,FALSE,FALSE,FALSE,FALSE
344,3.048,9.470,5.599,10.683,1.162,-1.162,27,11,1,4.950,4.448,4.573,4.950,-0.471,6.395,4.950,9.459,6.122,FALSE,FALSE,FALSE,FALSE,FALSE,FALSE,FALSE,FALSE,FALSE
345,2.981,9.783,5.783,10.683,1.576,-1.576,28,11,1,4.950,4.448,4.573,4.950,-0.471,6.395,4.950,9.459,6.122,FALSE,FALSE,FALSE,FALSE,FALSE,FALSE,FALSE,FALSE,FALSE
346,5.314,0.972,6.201,11.469,0.376,-0.376,0,12,2,5.400,4.927,4.693,5.400,-0.455,6.395,5.400,10.308,6.395,FALSE,FALSE,FALSE,FALSE,FALSE,FALSE,FALSE,FALSE,FALSE
347,5.248,1.285,5.994,11.469,0.242,-0.242,1,12,2,5.400,4.927,4.693,5.400,-0.455,6.395,5.400,10.308,6.395,FALSE,FALSE,FALSE,FALSE,FALSE,FALSE,FALSE,FALSE,FALSE
348,5.181,1.598,5.820,11.469,0.164,-0.164,2,12,2,5.400,4.927,4.693,5.400,-0.455,6.395,5.400,10.308,6.395,FALSE,FALSE,FALSE,FALSE,FALSE,FALSE,FALSE,FALSE,FALSE
349,5.115,1.911,5.648,11.469,0.093,-0.093,3,12,2,5.400,4.927,4.693,5.400,-0.455,6.395,5.400,10.308,6.395,FALSE,FALSE,FALSE,FALSE,FALSE,FALSE,FALSE,FALSE,FALSE
350,5.048,2.224,5.503,11.469,0.064,-0.064,4,12,2,5.400,4.927,4.693,5.400,-0.455,6.395,5.400,10.308,6.395,FALSE,FALSE,FALSE,FALSE,FALSE,FALSE,FALSE,FALSE,FALSE
351,4.981,2.537,5.364,11.469,0.045,-0.045,5,12,2,5.400,4.927,4.693,5.400,-0.455,6.395,5.400,10.308,6.395,FALSE,FALSE,FALSE,FALSE,FALSE,FALSE,FALSE,FALSE,FALSE
352,4.915,2.850,5.244,11.469,0.039,-0.039,6,12,2,5.400,4.927,4.693,5.400,-0.455,6.395,5.400,10.308,6.395,FALSE,FALSE,FALSE,FALSE,FALSE,FALSE,FALSE,FALSE,FALSE
353,4.848,3.163,5.136,11.469,0.045,-0.045,7,12,2,5.400,4.927,4.693,5.400,-0.455,6.395,5.400,10.308,6.395,FALSE,FALSE,FALSE,FALSE,FALSE,FALSE,FALSE,FALSE,FALSE
354,4.782,3.476,5.037,11.469,0.069,-0.069,8,12,2,5.400,4.927,4.693,5.400,-0.455,6.395,5.400,10.308,6.395,FALSE,FALSE,FALSE,FALSE,FALSE,FALSE,FALSE,FALSE,FALSE
355,4.715,3.789,4.957,11.469,0.103,-0.103,9,12,2,5.400,4.927,4.693,5.400,-0.455,6.395,5.400,10.308,6.395,FALSE,FALSE,FALSE,FALSE,FALSE,FALSE,FALSE,FALSE,FALSE
356,4.649,4.102,4.878,11.469,0.123,-0.123,10,12,2,5.400,4.927,4.693,5.400,-0.455,6.395,5.400,10.308,6.395,FALSE,FALSE,FALSE,FALSE,FALSE,FALSE,FALSE,FALSE,FALSE
357,4.582,4.415,4.825,11.469,0.159,-0.159,11,12,2,5.400,4.927,4.693,5.400,-0.455,6.395,5.400,10.308,6.395,FALSE,FALSE,FALSE,FALSE,FALSE,FALSE,FALSE,FALSE,FALSE
358,4.516,4.728,4.772,11.469,0.205,-0.205,12,12,2,5.400,4.927,4.693,5.400,-0.455,6.395,5.400,10.308,6.395,FALSE,FALSE,FALSE,FALSE,FALSE,FALSE,FALSE,FALSE,FALSE
359,4.449,5.041,4.738,11.469,0.284,-0.284,13,12,2,5.400,4.927,4.693,5.400,-0.455,6.395,5.400,10.308,6.395,FALSE,FALSE,FALSE,FALSE,FALSE,FALSE,FALSE,FALSE,FALSE
360,4.383,5.354,4.711,11.469,0.383,-0.383,14,12,2,5.400,4.927,4.693,5.400,-0.455,6.395,5.400,10.308,6.395,FALSE,FALSE,FALSE,FALSE,FALSE,FALSE,FALSE,FALSE,FALSE
361,4.316,5.667,4.693,11.469,0.468,-0.468,15,12,2,5.400,4.927,4.693,5.400,-0.455,6.395,5.400,10.308,6.395,FALSE,FALSE,FALSE,FALSE,FALSE,FALSE,FALSE,FALSE,FALSE
362,4.250,5.980,4.693,11.469,0.505,-0.505,16,12,1,5.400,4.927,4.693,5.400,-0.455,6.395,5.400,10.308,6.395,FALSE,FALSE,FALSE,FALSE,FALSE,FALSE,FALSE,FALSE,FALSE
363,4.183,6.293,4.693,11.469,0.489,-0.489,17,12,1,5.400,4.927,4.693,5.400,-0.455,6.395,5.400,10.308,6.395,FALSE,FALSE,FALSE,FALSE,FALSE,FALSE,FALSE,FALSE,FALSE
364,4.117,6.606,4.718,11.469,0.478,-0.478,18,12,1,5.400,4.927,4.693,5.400,-0.455,6.395,5.400,10.308,6.395,FALSE,FALSE,FALSE,FALSE,FALSE,FALSE,FALSE,FALSE,FALSE
365,4.050,6.919,4.744,11.469,0.432,-0.432,19,12,1,5.400,4.927,4.693,5.400,-0.455,6.395,5.400,10.308,6.395,FALSE,FALSE,FALSE,FALSE,FALSE,FALSE,FALSE,FALSE,FALSE
366,3.984,7.232,4.785,11.469,0.411,-0.411,20,12,1,5.400,4.927,4.693,5.400,-0.455,6.395,5.400,10.308,6.395,FALSE,FALSE,FALSE,FALSE,FALSE,FALSE,FALSE,FALSE,FALSE
367,3.917,7.545,4.838,11.469,0.327,-0.327,21,12,1,5.400,4.927,4.693,5.400,-0.455,6.395,5.400,10.308,6.395,FALSE,FALSE,FALSE,FALSE,FALSE,FALSE,FALSE,FALSE,FALSE
368,3.850,7.858,4.896,11.469,0.206,-0.206,22,12,1,5.400,4.927,4.693,5.400,-0.455,6.395,5.400,10.308,6.395,FALSE,FALSE,FALSE,FALSE,FALSE,FALSE,FALSE,FALSE,FALSE
369,3.784,8.171,4.976,11.469,0.091,-0.091,23,12,1,5.400,4.927,4.693,5.400,-0.455,6.395,5.400,10.308,6.395,FALSE,FALSE,FALSE,FALSE,FALSE,FALSE,FALSE,FALSE,FALSE
370,3.717,8.484,5.057,11.469,0.037,-0.037,24,12,1,5.400,4.927,4.693,5.400,-0.455,6.395,5.400,10.308,6.395,FALSE,FALSE,FALSE,FALSE,FALSE,FALSE,FALSE,FALSE,FALSE
371,3.651,8.797,5.162,11.469,0.121,-0.121,25,12,1,5.400,4.927,4.693,5.400,-0.455,6.395,5.400,10.308,6.395,FALSE,FALSE,FALSE,FALSE,FALSE,FALSE,FALSE,FALSE,FALSE
372,3.584,9.110,5.271,11.469,0.326,-0.326,26,12,1,5.400,4.927,4.693,5.400,-0.455,6.395,5.400,10.308,6.395,FALSE,FALSE,FALSE,FALSE,FALSE,FALSE,FALSE,FALSE,FALSE
373,3.518,9.423,5.398,11.469,0.638,-0.638,27,12,1,5.400,4.927,4.693,5.400,-0.455,6.395,5.400,10.308,6.395,FALSE,FALSE,FALSE,FALSE,FALSE,FALSE,FALSE,FALSE,FALSE
374,3.451,9.736,5.537,11.469,1.006,-1.006,28,12,1,5.400,4.927,4.693,5.400,-0.455,6.395,5.400,10.308,6.395,FALSE,FALSE,FALSE,FALSE,FALSE,FALSE,FALSE,FALSE,FALSE
375,3.385,10.049,5.690,11.469,1.409,-1.409,29,12,1,5.400,4.927,4.693,5.400,-0.455,6.395,5.400,10.308,6.395,FALSE,FALSE,FALSE,FALSE,FALSE,FALSE,FALSE,FALSE,FALSE
376,3.318,10.362,5.861,11.469,1.875,-1.875,30,12,1,5.400,4.927,4.693,5.400,-0.455,6.395,5.400,10.308,6.395,FALSE,FALSE,FALSE,FALSE,FALSE,FALSE,FALSE,FALSE,FALSE
377,3.252,10.675,6.044,11.469,2.344,-2.344,31,12,1,5.400,4.927,4.693,5.400,-0.455,6.395,5.400,10.308,6.395,FALSE,FALSE,FALSE,FALSE,FALSE,FALSE,FALSE,FALSE,FALSE
378,5.717,1.238,6.104,11.658,0.599,-0.599,0,13,2,5.850,5.045,4.693,5.850,-0.437,6.395,5.850,10.527,6.395,FALSE,FALSE,FALSE,FALSE,FALSE,FALSE,FALSE,FALSE,FALSE
379,5.651,1.551,5.914,11.658,0.387,-0.387,1,13,2,5.850,5.045,4.693,5.850,-0.437,6.395,5.850,10.527,6.395,FALSE,FALSE,FALSE,FALSE,FALSE,FALSE,FALSE,FALSE,FALSE
380,5.584,1.864,5.746,11.658,0.247,-0.247,2,13,2,5.850,5.045,4.693,5.850,-0.437,6.395,5.850,10.527,6.395,FALSE,FALSE,FALSE,FALSE,FALSE,FALSE,FALSE,FALSE,FALSE
381,5.518,2.177,5.586,11.658,0.124,-0.124,3,13,2,5.850,5.045,4.693,5.850,-0.437,6.395,5.850,10.527,6.395,FALSE,FALSE,FALSE,FALSE,FALSE,FALSE,FALSE,FALSE,FALSE
382,5.451,2.490,5.449,11.658,0.049,-0.049,4,13,2,5.850,5.045,4.693,5.850,-0.437,6.395,5.850,10.527,6.395,FALSE,FALSE,FALSE,FALSE,FALSE,FALSE,FALSE,FALSE,FALSE
383,5.385,2.803,5.313,11.658,0.007,-0.007,5,13,2,5.850,5.045,4.693,5.850,-0.437,6.395,5.850,10.527,6.395,FALSE,FALSE,FALSE,FALSE,FALSE,FALSE,FALSE,FALSE,FALSE
384,5.318,3.117,5.206,11.658,0.011,-0.011,6,13,2,5.850,5.045,4.693,5.850,-0.437,6.395,5.850,10.527,6.395,FALSE,FALSE,FALSE,FALSE,FALSE,FALSE,FALSE,FALSE,FALSE
385,5.252,3.430,5.099,11.658,0.034,-0.034,7,13,2,5.850,5.045,4.693,5.850,-0.437,6.395,5.850,10.527,6.395,FALSE,FALSE,FALSE,FALSE,FALSE,FALSE,FALSE,FALSE,FALSE
386,5.185,3.743,5.012,11.658,0.089,-0.089,8,13,2,5.850,5.045,4.693,5.850,-0.437,6.395,5.850,10.527,6.395,FALSE,FALSE,FALSE,FALSE,FALSE,FALSE,FALSE,FALSE,FALSE
387,5.119,4.056,4.933,11.658,0.081,-0.081,9,13,2,5.850,5.045,4.693,5.850,-0.437,6.395,5.850,10.527,6.395,FALSE,FALSE,FALSE,FALSE,FALSE,FALSE,FALSE,FALSE,FALSE
388,5.052,4.369,4.863,11.658,0.087,-0.087,10,13,2,5.850,5.045,4.693,5.850,-0.437,6.395,5.850,10.527,6.395,FALSE,FALSE,FALSE,FALSE,FALSE,FALSE,FALSE,FALSE,FALSE
389,4.986,4.682,4.811,11.658,0.122,-0.122,11,13,2,5.850,5.045,4.693,5.850,-0.437,6.395,5.850,10.527,6.395,FALSE,FALSE,FALSE,FALSE,FALSE,FALSE,FALSE,FALSE,FALSE
390,4.919,4.995,4.759,11.658,0.160,-0.160,12,13,2,5.850,5.045,4.693,5.850,-0.437,6.395,5.850,10.527,6.395,FALSE,FALSE,FALSE,FALSE,FALSE,FALSE,FALSE,FALSE,FALSE
391,4.853,5.308,4.732,11.658,0.253,-0.253,13,13,2,5.850,5.045,4.693,5.850,-0.437,6.395,5.850,10.527,6.395,FALSE,FALSE,FALSE,FALSE,FALSE,FALSE,FALSE,FALSE,FALSE
392,4.786,5.621,4.706,11.658,0.337,-0.337,14,13,2,5.850,5.045,4.693,5.850,-0.437,6.395,5.850,10.527,6.395,FALSE,FALSE,FALSE,FALSE,FALSE,FALSE,FALSE,FALSE,FALSE
393,4.719,5.934,4.693,11.658,0.393,-0.393,15,13,2,5.850,5.045,4.693,5.850,-0.437,6.395,5.850,10.527,6.395,FALSE,FALSE,FALSE,FALSE,FALSE,FALSE,FALSE,FALSE,FALSE
394,4.653,6.247,4.693,11.658,0.443,-0.443,16,13,1,5.850,5.045,4.693,5.850,-0.437,6.395,5.850,10.527,6.395,FALSE,FALSE,FALSE,FALSE,FALSE,FALSE,FALSE,FALSE,FALSE
395,4.586,6.560,4.696,11.658,0.462,-0.462,17,13,1,5.850,5.045,4.693,5.850,-0.437,6.395,5.850,10.527,6.395,FALSE,FALSE,FALSE,FALSE,FALSE,FALSE,FALSE,FALSE,FALSE
396,4.520,6.873,4.722,11.658,0.496,-0.496,18,13,1,5.850,5.045,4.693,5.850,-0.437,6.395,5.850,10.527,6.395,FALSE,FALSE,FALSE,FALSE,FALSE,FALSE,FALSE,FALSE,FALSE
397,4.453,7.186,4.748,11.658,0.501,-0.501,19,13,1,5.850,5.045,4.693,5.850,-0.437,6.395,5.850,10.527,6.395,FALSE,FALSE,FALSE,FALSE,FALSE,FALSE,FALSE,FALSE,FALSE
398,4.387,7.499,4.791,11.658,0.443,-0.443,20,13,1,5.850,5.045,4.693,5.850,-0.437,6.395,5.850,10.527,6.395,FALSE,FALSE,FALSE,FALSE,FALSE,FALSE,FALSE,FALSE,FALSE
399,4.320,7.812,4.843,11.658,0.331,-0.331,21,13,1,5.850,5.045,4.693,5.850,-0.437,6.395,5.850,10.527,6.395,FALSE,FALSE,FALSE,FALSE,FALSE,FALSE,FALSE,FALSE,FALSE
400,4.254,8.125,4.902,11.658,0.185,-0.185,22,13,1,5.850,5.045,4.693,5.850,-0.437,6.395,5.850,10.527,6.395,FALSE,FALSE,FALSE,FALSE,FALSE,FALSE,FALSE,FALSE,FALSE
401,4.187,8.438,4.981,11.658,0.059,-0.059,23,13,1,5.850,5.045,4.693,5.850,-0.437,6.395,5.850,10.527,6.395,FALSE,FALSE,FALSE,FALSE,FALSE,FALSE,FALSE,FALSE,FALSE
402,4.121,8.751,5.060,11.658,0.037,-0.037,24,13,1,5.850,5.045,4.693,5.850,-0.437,6.395,5.850,10.527,6.395,FALSE,FALSE,FALSE,FALSE,FALSE,FALSE,FALSE,FALSE,FALSE
403,4.054,9.064,5.165,11.658,0.179,-0.179,25,13,1,5.850,5.045,4.693,5.850,-0.437,6.395,5.850,10.527,6.395,FALSE,FALSE,FALSE,FALSE,FALSE,FALSE,FALSE,FALSE,FALSE
404,3.988,9.377,5.271,11.658,0.410,-0.410,26,13,1,5.850,5.045,4.693,5.850,-0.437,6.395,5.850,10.527,6.395,FALSE,FALSE,FALSE,FALSE,FALSE,FALSE,FALSE,FALSE,FALSE
405,3.921,9.690,5.396,11.658,0.731,-0.731,27,13,1,5.850,5.045,4.693,5.850,-0.437,6.395,5.850,10.527,6.395,FALSE,FALSE,FALSE,FALSE,FALSE,FALSE,FALSE,FALSE,FALSE
406,3.855,10.003,5.533,11.658,1.118,-1.118,28,13,1,5.850,5.045,4.693,5.850,-0.437,6.395,5.850,10.527,6.395,FALSE,FALSE,FALSE,FALSE,FALSE,FALSE,FALSE,FALSE,FALSE
407,3.788,10.316,5.681,11.658,1.578,-1.578,29,13,1,5.850,5.045,4.693,5.850,-0.437,6.395,5.850,10.527,6.395,FALSE,FALSE,FALSE,FALSE,FALSE,FALSE,FALSE,FALSE,FALSE
408,3.721,10.629,5.849,11.658,2.053,-2.053,30,13,1,5.850,5.045,4.693,5.850,-0.437,6.395,5.850,10.527,6.395,FALSE,FALSE,FALSE,FALSE,FALSE,FALSE,FALSE,FALSE,FALSE
409,3.655,10.942,6.025,11.658,2.509,-2.509,31,13,1,5.850,5.045,4.693,5.850,-0.437,6.395,5.850,10.527,6.395,FALSE,FALSE,FALSE,FALSE,FALSE,FALSE,FALSE,FALSE,FALSE
410,6.187,1.194,6.205,11.683,1.101,-1.101,0,14,3,6.300,5.077,4.693,6.300,-0.419,6.395,6.300,10.572,6.395,FALSE,FALSE,FALSE,FALSE,FALSE,FALSE,FALSE,FALSE,FALSE
411,6.120,1.507,6.004,11.683,0.870,-0.870,1,14,3,6.300,5.077,4.693,6.300,-0.419,6.395,6.300,10.572,6.395,FALSE,FALSE,FALSE,FALSE,FALSE,FALSE,FALSE,FALSE,FALSE
412,6.054,1.820,5.832,11.683,0.631,-0.631,2,14,3,6.300,5.077,4.693,6.300,-0.419,6.395,6.300,10.572,6.395,FALSE,FALSE,FALSE,FALSE,FALSE,FALSE,FALSE,FALSE,FALSE
413,5.987,2.133,5.664,11.683,0.415,-0.415,3,14,3,6.300,5.077,4.693,6.300,-0.419,6.395,6.300,10.572,6.395,FALSE,FALSE,FALSE,FALSE,FALSE,FALSE,FALSE,FALSE,FALSE
414,5.921,2.446,5.519,11.683,0.249,-0.249,4,14,3,6.300,5.077,4.693,6.300,-0.419,6.395,6.300,10.572,6.395,FALSE,FALSE,FALSE,FALSE,FALSE,FALSE,FALSE,FALSE,FALSE
415,5.854,2.759,5.383,11.683,0.138,-0.138,5,14,3,6.300,5.077,4.693,6.300,-0.419,6.395,6.300,10.572,6.395,FALSE,FALSE,FALSE,FALSE,FALSE,FALSE,FALSE,FALSE,FALSE
416,5.788,3.072,5.262,11.683,0.086,-0.086,6,14,3,6.300,5.077,4.693,6.300,-0.419,6.395,6.300,10.572,6.395,FALSE,FALSE,FALSE,FALSE,FALSE,FALSE,FALSE,FALSE,FALSE
417,5.721,3.385,5.155,11.683,0.059,-0.059,7,14,3,6.300,5.077,4.693,6.300,-0.419,6.395,6.300,10.572,6.395,FALSE,FALSE,FALSE,FALSE,FALSE,FALSE,FALSE,FALSE,FALSE
418,5.655,3.698,5.053,11.683,0.052,-0.052,8,14,3,6.300,5.077,4.693,6.300,-0.419,6.395,6.300,10.572,6.395,FALSE,FALSE,FALSE,FALSE,FALSE,FALSE,FALSE,FALSE,FALSE
419,5.588,4.011,4.974,11.683,0.051,-0.051,9,14,3,6.300,5.077,4.693,6.300,-0.419,6.395,6.300,10.572,6.395,FALSE,FALSE,FALSE,FALSE,FALSE,FALSE,FALSE,FALSE,FALSE
420,5.522,4.324,4.896,11.683,0.039,-0.039,10,14,3,6.300,5.077,4.693,6.300,-0.419,6.395,6.300,10.572,6.395,FALSE,FALSE,FALSE,FALSE,FALSE,FALSE,FALSE,FALSE,FALSE
421,5.455,4.637,4.839,11.683,0.052,-0.052,11,14,3,6.300,5.077,4.693,6.300,-0.419,6.395,6.300,10.572,6.395,FALSE,FALSE,FALSE,FALSE,FALSE,FALSE,FALSE,FALSE,FALSE
422,5.389,4.950,4.787,11.683,0.074,-0.074,12,14,3,6.300,5.077,4.693,6.300,-0.419,6.395,6.300,10.572,6.395,FALSE,FALSE,FALSE,FALSE,FALSE,FALSE,FALSE,FALSE,FALSE
423,5.322,5.263,4.746,11.683,0.117,-0.117,13,14,3,6.300,5.077,4.693,6.300,-0.419,6.395,6.300,10.572,6.395,FALSE,FALSE,FALSE,FALSE,FALSE,FALSE,FALSE,FALSE,FALSE
424,5.256,5.576,4.720,11.683,0.198,-0.198,14,14,3,6.300,5.077,4.693,6.300,-0.419,6.395,6.300,10.572,6.395,FALSE,FALSE,FALSE,FALSE,FALSE,FALSE,FALSE,FALSE,FALSE
425,5.189,5.889,4.694,11.683,0.289,-0.289,15,14,3,6.300,5.077,4.693,6.300,-0.419,6.395,6.300,10.572,6.395,FALSE,FALSE,FALSE,FALSE,FALSE,FALSE,FALSE,FALSE,FALSE
426,5.122,6.202,4.693,11.683,0.406,-0.406,16,14,0,6.300,5.077,4.693,6.300,-0.419,6.395,6.300,10.572,6.395,FALSE,FALSE,FALSE,FALSE,FALSE,FALSE,FALSE,FALSE,FALSE
427,5.056,6.515,4.693,11.683,0.495,-0.495,17,14,0,6.300,5.077,4.693,6.300,-0.419,6.395,6.300,10.572,6.395,FALSE,FALSE,FALSE,FALSE,FALSE,FALSE,FALSE,FALSE,FALSE
428,4.989,6.828,4.708,11.683,0.573,-0.573,18,14,0,6.300,5.077,4.693,6.300,-0.419,6.395,6.300,10.572,6.395,FALSE,FALSE,FALSE,FALSE,FALSE,FALSE,FALSE,FALSE,FALSE
429,4.923,7.141,4.733,11.683,0.611,-0.611,19,14,0,6.300,5.077,4.693,6.300,-0.419,6.395,6.300,10.572,6.395,FALSE,FALSE,FALSE,FALSE,FALSE,FALSE,FALSE,FALSE,FALSE
430,4.856,7.454,4.762,11.683,0.579,-0.579,20,14,0,6.300,5.077,4.693,6.300,-0.419,6.395,6.300,10.572,6.395,FALSE,FALSE,FALSE,FALSE,FALSE,FALSE,FALSE,FALSE,FALSE
431,4.790,7.767,4.814,11.683,0.489,-0.489,21,14,0,6.300,5.077,4.693,6.300,-0.419,6.395,6.300,10.572,6.395,FALSE,FALSE,FALSE,FALSE,FALSE,FALSE,FALSE,FALSE,FALSE
432,4.723,8.080,4.866,11.683,0.337,-0.337,22,14,0,6.300,5.077,4.693,6.300,-0.419,6.395,6.300,10.572,6.395,FALSE,FALSE,FALSE,FALSE,FALSE,FALSE,FALSE,FALSE,FALSE
433,4.657,8.393,4.937,11.683,0.152,-0.152,23,14,0,6.300,5.077,4.693,6.300,-0.419,6.395,6.300,10.572,6.395,FALSE,FALSE,FALSE,FALSE,FALSE,FALSE,FALSE,FALSE,FALSE
434,4.590,8.706,5.016,11.683,0.047,-0.047,24,14,0,6.300,5.077,4.693,6.300,-0.419,6.395,6.300,10.572,6.395,FALSE,FALSE,FALSE,FALSE,FALSE,FALSE,FALSE,FALSE,FALSE
435,4.524,9.019,5.105,11.683,0.126,-0.126,25,14,0,6.300,5.077,4.693,6.300,-0.419,6.395,6.300,10.572,6.395,FALSE,FALSE,FALSE,FALSE,FALSE,FALSE,FALSE,FALSE,FALSE
436,4.457,9.332,5.211,11.683,0.302,-0.302,26,14,0,6.300,5.077,4.693,6.300,-0.419,6.395,6.300,10.572,6.395,FALSE,FALSE,FALSE,FALSE,FALSE,FALSE,FALSE,FALSE,FALSE
437,4.391,9.645,5.319,11.683,0.581,-0.581,27,14,0,6.300,5.077,4.693,6.300,-0.419,6.395,6.300,10.572,6.395,FALSE,FALSE,FALSE,FALSE,FALSE,FALSE,FALSE,FALSE,FALSE
438,4.324,9.958,5.455,11.683,0.952,-0.952,28,14,0,6.300,5.077,4.693,6.300,-0.419,6.395,6.300,10.572,6.395,FALSE,FALSE,FALSE,FALSE,FALSE,FALSE,FALSE,FALSE,FALSE
439,4.258,10.271,5.591,11.683,1.383,-1.383,29,14,0,6.300,5.077,4.693,6.300,-0.419,6.395,6.300,10.572,6.395,FALSE,FALSE,FALSE,FALSE,FALSE,FALSE,FALSE,FALSE,FALSE
440,4.191,10.584,5.753,11.683,1.856,-1.856,30,14,0,6.300,5.077,4.693,6.300,-0.419,6.395,6.300,10.572,6.395,FALSE,FALSE,FALSE,FALSE,FALSE,FALSE,FALSE,FALSE,FALSE
441,4.125,10.897,5.920,11.683,2.306,-2.306,31,14,0,6.300,5.077,4.693,6.300,-0.419,6.395,6.300,10.572,6.395,FALSE,FALSE,FALSE,FALSE,FALSE,FALSE,FALSE,FALSE,FALSE
442,4.058,11.210,6.110,11.683,2.739,-2.739,32,14,0,6.300,5.077,4.693,6.300,-0.419,6.395,6.300,10.572,6.395,FALSE,FALSE,FALSE,FALSE,FALSE,FALSE,FALSE,FALSE,FALSE
443,6.590,1.464,6.105,11.707,1.412,-1.412,0,15,3,6.750,5.110,4.693,6.750,-0.398,6.395,6.750,10.618,6.395,FALSE,FALSE,FALSE,FALSE,FALSE,FALSE,FALSE,FALSE,FALSE
444,6.523,1.777,5.917,11.707,1.144,-1.144,1,15,3,6.750,5.110,4.693,6.750,-0.398,6.395,6.750,10.618,6.395,FALSE,FALSE,FALSE,FALSE,FALSE,FALSE,FALSE,FALSE,FALSE
445,6.457,2.090,5.749,11.707,0.896,-0.896,2,15,3,6.750,5.110,4.693,6.750,-0.398,6.395,6.750,10.618,6.395,FALSE,FALSE,FALSE,FALSE,FALSE,FALSE,FALSE,FALSE,FALSE
446,6.390,2.403,5.589,11.707,0.656,-0.656,3,15,3,6.750,5.110,4.693,6.750,-0.398,6.395,6.750,10.618,6.395,FALSE,FALSE,FALSE,FALSE,FALSE,FALSE,FALSE,FALSE,FALSE
447,6.324,2.716,5.453,11.707,0.453,-0.453,4,15,3,6.750,5.110,4.693,6.750,-0.398,6.395,6.750,10.618,6.395,FALSE,FALSE,FALSE,FALSE,FALSE,FALSE,FALSE,FALSE,FALSE
448,6.257,3.029,5.318,11.707,0.288,-0.288,5,15,3,6.750,5.110,4.693,6.750,-0.398,6.395,6.750,10.618,6.395,FALSE,FALSE,FALSE,FALSE,FALSE,FALSE,FALSE,FALSE,FALSE
449,6.190,3.342,5.210,11.707,0.186,-0.186,6,15,3,6.750,5.110,4.693,6.750,-0.398,6.395,6.750,10.618,6.395,FALSE,FALSE,FALSE,FALSE,FALSE,FALSE,FALSE,FALSE,FALSE
450,6.124,3.655,5.104,11.707,0.119,-0.119,7,15,3,6.750,5.110,4.693,6.750,-0.398,6.395,6.750,10.618,6.395,FALSE,FALSE,FALSE,FALSE,FALSE,FALSE,FALSE,FALSE,FALSE
451,6.057,3.968,5.016,11.707,0.079,-0.079,8,15,3,6.750,5.110,4.693,6.750,-0.398,6.395,6.750,10.618,6.395,FALSE,FALSE,FALSE,FALSE,FALSE,FALSE,FALSE,FALSE,FALSE
452,5.991,4.281,4.937,11.707,0.043,-0.043,9,15,3,6.750,5.110,4.693,6.750,-0.398,6.395,6.750,10.618,6.395,FALSE,FALSE,FALSE,FALSE,FALSE,FALSE,FALSE,FALSE,FALSE
453,5.924,4.594,4.866,11.707,0.020,-0.020,10,15,3,6.750,5.110,4.693,6.750,-0.398,6.395,6.750,10.618,6.395,FALSE,FALSE,FALSE,FALSE,FALSE,FALSE,FALSE,FALSE,FALSE
454,5.858,4.907,4.814,11.707,0.020,-0.020,11,15,3,6.750,5.110,4.693,6.750,-0.398,6.395,6.750,10.618,6.395,FALSE,FALSE,FALSE,FALSE,FALSE,FALSE,FALSE,FALSE,FALSE
455,5.791,5.220,4.762,11.707,0.030,-0.030,12,15,3,6.750,5.110,4.693,6.750,-0.398,6.395,6.750,10.618,6.395,FALSE,FALSE,FALSE,FALSE,FALSE,FALSE,FALSE,FALSE,FALSE
456,5.725,5.533,4.733,11.707,0.078,-0.078,13,15,3,6.750,5.110,4.693,6.750,-0.398,6.395,6.750,10.618,6.395,FALSE,FALSE,FALSE,FALSE,FALSE,FALSE,FALSE,FALSE,FALSE
457,5.658,5.846,4.708,11.707,0.132,-0.132,14,15,3,6.750,5.110,4.693,6.750,-0.398,6.395,6.750,10.618,6.395,FALSE,FALSE,FALSE,FALSE,FALSE,FALSE,FALSE,FALSE,FALSE
458,5.592,6.159,4.693,11.707,0.265,-0.265,15,15,3,6.750,5.110,4.693,6.750,-0.398,6.395,6.750,10.618,6.395,FALSE,FALSE,FALSE,FALSE,FALSE,FALSE,FALSE,FALSE,FALSE
459,5.525,6.472,4.693,11.707,0.411,-0.411,16,15,0,6.750,5.110,4.693,6.750,-0.398,6.395,6.750,10.618,6.395,FALSE,FALSE,FALSE,FALSE,FALSE,FALSE,FALSE,FALSE,FALSE
460,5.459,6.785,4.694,11.707,0.521,-0.521,17,15,0,6.750,5.110,4.693,6.750,-0.398,6.395,6.750,10.618,6.395,FALSE,FALSE,FALSE,FALSE,FALSE,FALSE,FALSE,FALSE,FALSE
461,5.392,7.098,4.719,11.707,0.631,-0.631,18,15,0,6.750,5.110,4.693,6.750,-0.398,6.395,6.750,10.618,6.395,FALSE,FALSE,FALSE,FALSE,FALSE,FALSE,FALSE,FALSE,FALSE
462,5.326,7.411,4.745,11.707,0.671,-0.671,19,15,0,6.750,5.110,4.693,6.750,-0.398,6.395,6.750,10.618,6.395,FALSE,FALSE,FALSE,FALSE,FALSE,FALSE,FALSE,FALSE,FALSE
463,5.259,7.724,4.786,11.707,0.629,-0.629,20,15,0,6.750,5.110,4.693,6.750,-0.398,6.395,6.750,10.618,6.395,FALSE,FALSE,FALSE,FALSE,FALSE,FALSE,FALSE,FALSE,FALSE
464,5.192,8.037,4.838,11.707,0.520,-0.520,21,15,0,6.750,5.110,4.693,6.750,-0.398,6.395,6.750,10.618,6.395,FALSE,FALSE,FALSE,FALSE,FALSE,FALSE,FALSE,FALSE,FALSE
465,5.126,8.350,4.894,11.707,0.337,-0.337,22,15,0,6.750,5.110,4.693,6.750,-0.398,6.395,6.750,10.618,6.395,FALSE,FALSE,FALSE,FALSE,FALSE,FALSE,FALSE,FALSE,FALSE
466,5.059,8.663,4.972,11.707,0.173,-0.173,23,15,0,6.750,5.110,4.693,6.750,-0.398,6.395,6.750,10.618,6.395,FALSE,FALSE,FALSE,FALSE,FALSE,FALSE,FALSE,FALSE,FALSE
467,4.993,8.976,5.051,11.707,0.115,-0.115,24,15,0,6.750,5.110,4.693,6.750,-0.398,6.395,6.750,10.618,6.395,FALSE,FALSE,FALSE,FALSE,FALSE,FALSE,FALSE,FALSE,FALSE
468,4.926,9.289,5.152,11.707,0.190,-0.190,25,15,0,6.750,5.110,4.693,6.750,-0.398,6.395,6.750,10.618,6.395,FALSE,FALSE,FALSE,FALSE,FALSE,FALSE,FALSE,FALSE,FALSE
469,4.860,9.602,5.258,11.707,0.390,-0.390,26,15,0,6.750,5.110,4.693,6.750,-0.398,6.395,6.750,10.618,6.395,FALSE,FALSE,FALSE,FALSE,FALSE,FALSE,FALSE,FALSE,FALSE
470,4.793,9.915,5.379,11.707,0.718,-0.718,27,15,0,6.750,5.110,4.693,6.750,-0.398,6.395,6.750,10.618,6.395,FALSE,FALSE,FALSE,FALSE,FALSE,FALSE,FALSE,FALSE,FALSE
471,4.727,10.228,5.514,11.707,1.115,-1.115,28,15,0,6.750,5.110,4.693,6.750,-0.398,6.395,6.750,10.618,6.395,FALSE,FALSE,FALSE,FALSE,FALSE,FALSE,FALSE,FALSE,FALSE
472,4.660,10.541,5.658,11.707,1.570,-1.570,29,15,0,6.750,5.110,4.693,6.750,-0.398,6.395,6.750,10.618,6.395,FALSE,FALSE,FALSE,FALSE,FALSE,FALSE,FALSE,FALSE,FALSE
473,4.594,10.854,5.825,11.707,2.040,-2.040,30,15,0,6.750,5.110,4.693,6.750,-0.398,6.395,6.750,10.618,6.395,FALSE,FALSE,FALSE,FALSE,FALSE,FALSE,FALSE,FALSE,FALSE
474,4.527,11.167,5.995,11.707,2.479,-2.479,31,15,0,6.750,5.110,4.693,6.750,-0.398,6.395,6.750,10.618,6.395,FALSE,FALSE,FALSE,FALSE,FALSE,FALSE,FALSE,FALSE,FALSE
475,4.461,11.480,6.196,11.707,2.924,-2.924,32,15,0,6.750,5.110,4.693,6.750,-0.398,6.395,6.750,10.618,6.395,FALSE,FALSE,FALSE,FALSE,FALSE,FALSE,FALSE,FALSE,FALSE
476,7.058,1.424,6.206,11.727,1.969,-1.969,0,16,3,7.200,5.145,4.693,7.200,-0.374,6.395,7.200,10.664,6.395,FALSE,FALSE,FALSE,FALSE,FALSE,FALSE,FALSE,FALSE,FALSE
477,6.992,1.737,6.005,11.727,1.716,-1.716,1,16,3,7.200,5.145,4.693,7.200,-0.374,6.395,7.200,10.664,6.395,FALSE,FALSE,FALSE,FALSE,FALSE,FALSE,FALSE,FALSE,FALSE
478,6.925,2.050,5.834,11.727,1.444,-1.444,2,16,3,7.200,5.145,4.693,7.200,-0.374,6.395,7.200,10.664,6.395,FALSE,FALSE,FALSE,FALSE,FALSE,FALSE,FALSE,FALSE,FALSE
479,6.858,2.363,5.667,11.727,1.180,-1.180,3,16,3,7.200,5.145,4.693,7.200,-0.374,6.395,7.200,10.664,6.395,FALSE,FALSE,FALSE,FALSE,FALSE,FALSE,FALSE,FALSE,FALSE
480,6.792,2.676,5.523,11.727,0.910,-0.910,4,16,3,7.200,5.145,4.693,7.200,-0.374,6.395,7.200,10.664,6.395,FALSE,FALSE,FALSE,FALSE,FALSE,FALSE,FALSE,FALSE,FALSE
481,6.725,2.989,5.387,11.727,0.643,-0.643,5,16,3,7.200,5.145,4.693,7.200,-0.374,6.395,7.200,10.664,6.395,FALSE,FALSE,FALSE,FALSE,FALSE,FALSE,FALSE,FALSE,FALSE
482,6.659,3.302,5.265,11.727,0.412,-0.412,6,16,3,7.200,5.145,4.693,7.200,-0.374,6.395,7.200,10.664,6.395,FALSE,FALSE,FALSE,FALSE,FALSE,FALSE,FALSE,FALSE,FALSE
483,6.592,3.615,5.159,11.727,0.261,-0.261,7,16,3,7.200,5.145,4.693,7.200,-0.374,6.395,7.200,10.664,6.395,FALSE,FALSE,FALSE,FALSE,FALSE,FALSE,FALSE,FALSE,FALSE
484,6.526,3.928,5.056,11.727,0.154,-0.154,8,16,3,7.200,5.145,4.693,7.200,-0.374,6.395,7.200,10.664,6.395,FALSE,FALSE,FALSE,FALSE,FALSE,FALSE,FALSE,FALSE,FALSE
485,6.459,4.241,4.978,11.727,0.088,-0.088,9,16,3,7.200,5.145,4.693,7.200,-0.374,6.395,7.200,10.664,6.395,FALSE,FALSE,FALSE,FALSE,FALSE,FALSE,FALSE,FALSE,FALSE
486,6.393,4.554,4.900,11.727,0.038,-0.038,10,16,3,7.200,5.145,4.693,7.200,-0.374,6.395,7.200,10.664,6.395,FALSE,FALSE,FALSE,FALSE,FALSE,FALSE,FALSE,FALSE,FALSE
487,6.326,4.867,4.841,11.727,0.013,-0.013,11,16,3,7.200,5.145,4.693,7.200,-0.374,6.395,7.200,10.664,6.395,FALSE,FALSE,FALSE,FALSE,FALSE,FALSE,FALSE,FALSE,FALSE
488,6.260,5.180,4.790,11.727,0.002,-0.002,12,16,3,7.200,5.145,4.693,7.200,-0.374,6.395,7.200,10.664,6.395,FALSE,FALSE,FALSE,FALSE,FALSE,FALSE,FALSE,FALSE,FALSE
489,6.193,5.493,4.747,11.727,0.015,-0.015,13,16,3,7.200,5.145,4.693,7.200,-0.374,6.395,7.200,10.664,6.395,FALSE,FALSE,FALSE,FALSE,FALSE,FALSE,FALSE,FALSE,FALSE
490,6.127,5.806,4.721,11.727,0.054,-0.054,14,16,3,7.200,5.145,4.693,7.200,-0.374,6.395,7.200,10.664,6.395,FALSE,FALSE,FALSE,FALSE,FALSE,FALSE,FALSE,FALSE,FALSE
491,6.060,6.119,4.696,11.727,0.109,-0.109,15,16,3,7.200,5.145,4.693,7.200,-0.374,6.395,7.200,10.664,6.395,FALSE,FALSE,FALSE,FALSE,FALSE,FALSE,FALSE,FALSE,FALSE
492,5.994,6.432,4.693,11.727,0.209,-0.209,16,16,0,7.200,5.145,4.693,7.200,-0.374,6.395,7.200,10.664,6.395,FALSE,FALSE,FALSE,FALSE,FALSE,FALSE,FALSE,FALSE,FALSE
493,5.927,6.745,4.693,11.727,0.352,-0.352,17,16,0,7.200,5.145,4.693,7.200,-0.374,6.395,7.200,10.664,6.395,FALSE,FALSE,FALSE,FALSE,FALSE,FALSE,FALSE,FALSE,FALSE
494,5.861,7.058,4.706,11.727,0.499,-0.499,18,16,0,7.200,5.145,4.693,7.200,-0.374,6.395,7.200,10.664,6.395,FALSE,FALSE,FALSE,FALSE,FALSE,FALSE,FALSE,FALSE,FALSE
495,5.794,7.371,4.731,11.727,0.619,-0.619,19,16,0,7.200,5.145,4.693,7.200,-0.374,6.395,7.200,10.664,6.395,FALSE,FALSE,FALSE,FALSE,FALSE,FALSE,FALSE,FALSE,FALSE
496,5.727,7.685,4.758,11.727,0.656,-0.656,20,16,0,7.200,5.145,4.693,7.200,-0.374,6.395,7.200,10.664,6.395,FALSE,FALSE,FALSE,FALSE,FALSE,FALSE,FALSE,FALSE,FALSE
497,5.661,7.998,4.809,11.727,0.609,-0.609,21,16,0,7.200,5.145,4.693,7.200,-0.374,6.395,7.200,10.664,6.395,FALSE,FALSE,FALSE,FALSE,FALSE,FALSE,FALSE,FALSE,FALSE
498,5.594,8.311,4.861,11.727,0.466,-0.466,22,16,0,7.200,5.145,4.693,7.200,-0.374,6.395,7.200,10.664,6.395,FALSE,FALSE,FALSE,FALSE,FALSE,FALSE,FALSE,FALSE,FALSE
499,5.528,8.624,4.929,11.727,0.302,-0.302,23,16,0,7.200,5.145,4.693,7.200,-0.374,6.395,7.200,10.664,6.395,FALSE,FALSE,FALSE,FALSE,FALSE,FALSE,FALSE,FALSE,FALSE
500,5.461,8.937,5.008,11.727,0.178,-0.178,24,16,0,7.200,5.145,4.693,7.200,-0.374,6.395,7.200,10.664,6.395,FALSE,FALSE,FALSE,FALSE,FALSE,FALSE,FALSE,FALSE,FALSE
501,5.395,9.250,5.093,11.727,0.165,-0.165,25,16,0,7.200,5.145,4.693,7.200,-0.374,6.395,7.200,10.664,6.395,FALSE,FALSE,FALSE,FALSE,FALSE,FALSE,FALSE,FALSE,FALSE
502,5.328,9.563,5.199,11.727,0.309,-0.309,26,16,0,7.200,5.145,4.693,7.200,-0.374,6.395,7.200,10.664,6.395,FALSE,FALSE,FALSE,FALSE,FALSE,FALSE,FALSE,FALSE,FALSE
503,5.262,9.876,5.305,11.727,0.612,-0.612,27,16,0,7.200,5.145,4.693,7.200,-0.374,6.395,7.200,10.664,6.395,FALSE,FALSE,FALSE,FALSE,FALSE,FALSE,FALSE,FALSE,FALSE
504,5.195,10.189,5.439,11.727,1.003,-1.003,28,16,0,7.200,5.145,4.693,7.200,-0.374,6.395,7.200,10.664,6.395,FALSE,FALSE,FALSE,FALSE,FALSE,FALSE,FALSE,FALSE,FALSE
505,5.129,10.502,5.574,11.727,1.417,-1.417,29,16,0,7.200,5.145,4.693,7.200,-0.374,6.395,7.200,10.664,6.395,FALSE,FALSE,FALSE,FALSE,FALSE,FALSE,FALSE,FALSE,FALSE
506,5.062,10.815,5.731,11.727,1.859,-1.859,30,16,0,7.200,5.145,4.693,7.200,-0.374,6.395,7.200,10.664,6.395,FALSE,FALSE,FALSE,FALSE,FALSE,FALSE,FALSE,FALSE,FALSE
507,4.996,11.128,5.898,11.727,2.274,-2.274,31,16,0,7.200,5.145,4.693,7.200,-0.374,6.395,7.200,10.664,6.395,FALSE,FALSE,FALSE,FALSE,FALSE,FALSE,FALSE,FALSE,FALSE
508,4.929,11.441,6.082,11.727,2.695,-2.695,32,16,0,7.200,5.145,4.693,7.200,-0.374,6.395,7.200,10.664,6.395,FALSE,FALSE,FALSE,FALSE,FALSE,FALSE,FALSE,FALSE,FALSE
509,7.125,3.275,5.964,10.361,1.319,-1.319,5,17,3,7.650,5.925,4.694,7.650,1.139,6.395,7.650,10.710,6.395,FALSE,FALSE,FALSE,FALSE,FALSE,FALSE,FALSE,FALSE,FALSE
510,7.058,3.588,5.769,10.361,0.978,-0.978,6,17,3,7.650,5.925,4.694,7.650,1.139,6.395,7.650,10.710,6.395,FALSE,FALSE,FALSE,FALSE,FALSE,FALSE,FALSE,FALSE,FALSE
511,6.992,3.901,5.583,10.361,0.723,-0.723,7,17,3,7.650,5.925,4.694,7.650,1.139,6.395,7.650,10.710,6.395,FALSE,FALSE,FALSE,FALSE,FALSE,FALSE,FALSE,FALSE,FALSE
512,6.925,4.214,5.425,10.361,0.550,-0.550,8,17,3,7.650,5.925,4.694,7.650,1.139,6.395,7.650,10.710,6.395,FALSE,FALSE,FALSE,FALSE,FALSE,FALSE,FALSE,FALSE,FALSE
513,6.859,4.527,5.278,10.361,0.433,-0.433,9,17,3,7.650,5.925,4.694,7.650,1.139,6.395,7.650,10.710,6.395,FALSE,FALSE,FALSE,FALSE,FALSE,FALSE,FALSE,FALSE,FALSE
514,6.792,4.840,5.156,10.361,0.323,-0.323,10,17,3,7.650,5.925,4.694,7.650,1.139,6.395,7.650,10.710,6.395,FALSE,FALSE,FALSE,FALSE,FALSE,FALSE,FALSE,FALSE,FALSE
515,6.726,5.153,5.043,10.361,0.243,-0.243,11,17,3,7.650,5.925,4.694,7.650,1.139,6.395,7.650,10.710,6.395,FALSE,FALSE,FALSE,FALSE,FALSE,FALSE,FALSE,FALSE,FALSE
516,6.659,5.466,4.953,10.361,0.216,-0.216,12,17,3,7.650,5.925,4.694,7.650,1.139,6.395,7.650,10.710,6.395,FALSE,FALSE,FALSE,FALSE,FALSE,FALSE,FALSE,FALSE,FALSE
517,6.593,5.779,4.869,10.361,0.209,-0.209,13,17,3,7.650,5.925,4.694,7.650,1.139,6.395,7.650,10.710,6.395,FALSE,FALSE,FALSE,FALSE,FALSE,FALSE,FALSE,FALSE,FALSE
518,6.526,6.092,4.810,10.361,0.270,-0.270,14,17,3,7.650,5.925,4.694,7.650,1.139,6.395,7.650,10.710,6.395,FALSE,FALSE,FALSE,FALSE,FALSE,FALSE,FALSE,FALSE,FALSE
519,6.460,6.405,4.754,10.361,0.388,-0.388,15,17,0,7.650,5.925,4.694,7.650,1.139,6.395,7.650,10.710,6.395,FALSE,FALSE,FALSE,FALSE,FALSE,FALSE,FALSE,FALSE,FALSE
520,6.393,6.718,4.724,10.361,0.560,-0.560,16,17,0,7.650,5.925,4.694,7.650,1.139,6.395,7.650,10.710,6.395,FALSE,FALSE,FALSE,FALSE,FALSE,FALSE,FALSE,FALSE,FALSE
521,6.326,7.031,4.695,10.361,0.700,-0.700,17,17,0,7.650,5.925,4.694,7.650,1.139,6.395,7.650,10.710,6.395,FALSE,FALSE,FALSE,FALSE,FALSE,FALSE,FALSE,FALSE,FALSE
522,6.260,7.344,4.694,10.361,0.768,-0.768,18,17,0,7.650,5.925,4.694,7.650,1.139,6.395,7.650,10.710,6.395,FALSE,FALSE,FALSE,FALSE,FALSE,FALSE,FALSE,FALSE,FALSE
523,6.193,7.657,4.694,10.361,0.730,-0.730,19,17,0,7.650,5.925,4.694,7.650,1.139,6.395,7.650,10.710,6.395,FALSE,FALSE,FALSE,FALSE,FALSE,FALSE,FALSE,FALSE,FALSE
524,6.127,7.970,4.717,10.361,0.583,-0.583,20,17,0,7.650,5.925,4.694,7.650,1.139,6.395,7.650,10.710,6.395,FALSE,FALSE,FALSE,FALSE,FALSE,FALSE,FALSE,FALSE,FALSE
525,6.060,8.283,4.746,10.361,0.420,-0.420,21,17,0,7.650,5.925,4.694,7.650,1.139,6.395,7.650,10.710,6.395,FALSE,FALSE,FALSE,FALSE,FALSE,FALSE,FALSE,FALSE,FALSE
526,5.994,8.596,4.794,10.361,0.249,-0.249,22,17,0,7.650,5.925,4.694,7.650,1.139,6.395,7.650,10.710,6.395,FALSE,FALSE,FALSE,FALSE,FALSE,FALSE,FALSE,FALSE,FALSE
527,5.927,8.909,4.854,10.361,0.133,-0.133,23,17,0,7.650,5.925,4.694,7.650,1.139,6.395,7.650,10.710,6.395,FALSE,FALSE,FALSE,FALSE,FALSE,FALSE,FALSE,FALSE,FALSE
528,5.861,9.222,4.929,10.361,0.105,-0.105,24,17,0,7.650,5.925,4.694,7.650,1.139,6.395,7.650,10.710,6.395,FALSE,FALSE,FALSE,FALSE,FALSE,FALSE,FALSE,FALSE,FALSE
529,5.794,9.535,5.019,10.361,0.230,-0.230,25,17,0,7.650,5.925,4.694,7.650,1.139,6.395,7.650,10.710,6.395,FALSE,FALSE,FALSE,FALSE,FALSE,FALSE,FALSE,FALSE,FALSE
530,5.728,9.848,5.123,10.361,0.519,-0.519,26,17,0,7.650,5.925,4.694,7.650,1.139,6.395,7.650,10.710,6.395,FALSE,FALSE,FALSE,FALSE,FALSE,FALSE,FALSE,FALSE,FALSE
531,5.661,10.161,5.246,10.361,0.894,-0.894,27,17,0,7.650,5.925,4.694,7.650,1.139,6.395,7.650,10.710,6.395,FALSE,FALSE,FALSE,FALSE,FALSE,FALSE,FALSE,FALSE,FALSE
532,5.595,10.474,5.383,10.361,1.296,-1.296,28,17,0,7.650,5.925,4.694,7.650,1.139,6.395,7.650,10.710,6.395,FALSE,FALSE,FALSE,FALSE,FALSE,FALSE,FALSE,FALSE,FALSE
533,5.528,10.787,5.540,10.361,1.716,-1.716,29,17,0,7.650,5.925,4.694,7.650,1.139,6.395,7.650,10.710,6.395,FALSE,FALSE,FALSE,FALSE,FALSE,FALSE,FALSE,FALSE,FALSE
534,5.462,11.100,5.716,10.361,2.120,-2.120,30,17,0,7.650,5.925,4.694,7.650,1.139,6.395,7.650,10.710,6.395,FALSE,FALSE,FALSE,FALSE,FALSE,FALSE,FALSE,FALSE,FALSE
535,5.395,11.413,5.912,10.361,2.497,-2.497,31,17,0,7.650,5.925,4.694,7.650,1.139,6.395,7.650,10.710,6.395,FALSE,FALSE,FALSE,FALSE,FALSE,FALSE,FALSE,FALSE,FALSE
536,5.329,11.726,6.135,10.361,2.883,-2.883,32,17,0,7.650,5.925,4.694,7.650,1.139,6.395,7.650,10.710,6.395,FALSE,FALSE,FALSE,FALSE,FALSE,FALSE,FALSE,FALSE,FALSE
537,7.921,1.694,6.206,11.735,2.680,-2.680,0,18,3,8.100,5.234,4.693,8.100,-0.289,6.395,8.100,10.756,6.395,FALSE,FALSE,FALSE,FALSE,FALSE,FALSE,FALSE,FALSE,FALSE
538,7.854,2.007,6.006,11.735,2.287,-2.287,1,18,3,8.100,5.234,4.693,8.100,-0.289,6.395,8.100,10.756,6.395,FALSE,FALSE,FALSE,FALSE,FALSE,FALSE,FALSE,FALSE,FALSE
539,7.788,2.320,5.835,11.735,1.917,-1.917,2,18,3,8.100,5.234,4.693,8.100,-0.289,6.395,8.100,10.756,6.395,FALSE,FALSE,FALSE,FALSE,FALSE,FALSE,FALSE,FALSE,FALSE
540,7.721,2.633,5.668,11.735,1.552,-1.552,3,18,3,8.100,5.234,4.693,8.100,-0.289,6.395,8.100,10.756,6.395,FALSE,FALSE,FALSE,FALSE,FALSE,FALSE,FALSE,FALSE,FALSE
541,7.655,2.946,5.523,11.735,1.207,-1.207,4,18,3,8.100,5.234,4.693,8.100,-0.289,6.395,8.100,10.756,6.395,FALSE,FALSE,FALSE,FALSE,FALSE,FALSE,FALSE,FALSE,FALSE
542,7.588,3.259,5.388,11.735,0.864,-0.864,5,18,3,8.100,5.234,4.693,8.100,-0.289,6.395,8.100,10.756,6.395,FALSE,FALSE,FALSE,FALSE,FALSE,FALSE,FALSE,FALSE,FALSE
543,7.522,3.573,5.266,11.735,0.546,-0.546,6,18,3,8.100,5.234,4.693,8.100,-0.289,6.395,8.100,10.756,6.395,FALSE,FALSE,FALSE,FALSE,FALSE,FALSE,FALSE,FALSE,FALSE
544,7.455,3.886,5.159,11.735,0.312,-0.312,7,18,3,8.100,5.234,4.693,8.100,-0.289,6.395,8.100,10.756,6.395,FALSE,FALSE,FALSE,FALSE,FALSE,FALSE,FALSE,FALSE,FALSE
545,7.389,4.199,5.057,11.735,0.173,-0.173,8,18,3,8.100,5.234,4.693,8.100,-0.289,6.395,8.100,10.756,6.395,FALSE,FALSE,FALSE,FALSE,FALSE,FALSE,FALSE,FALSE,FALSE
546,7.322,4.512,4.979,11.735,0.122,-0.122,9,18,3,8.100,5.234,4.693,8.100,-0.289,6.395,8.100,10.756,6.395,FALSE,FALSE,FALSE,FALSE,FALSE,FALSE,FALSE,FALSE,FALSE
547,7.255,4.825,4.900,11.735,0.045,-0.045,10,18,3,8.100,5.234,4.693,8.100,-0.289,6.395,8.100,10.756,6.395,FALSE,FALSE,FALSE,FALSE,FALSE,FALSE,FALSE,FALSE,FALSE
548,7.189,5.138,4.842,11.735,0.032,-0.032,11,18,3,8.100,5.234,4.693,8.100,-0.289,6.395,8.100,10.756,6.395,FALSE,FALSE,FALSE,FALSE,FALSE,FALSE,FALSE,FALSE,FALSE
549,7.122,5.451,4.790,11.735,0.082,-0.082,12,18,3,8.100,5.234,4.693,8.100,-0.289,6.395,8.100,10.756,6.395,FALSE,FALSE,FALSE,FALSE,FALSE,FALSE,FALSE,FALSE,FALSE
550,7.056,5.764,4.747,11.735,0.185,-0.185,13,18,3,8.100,5.234,4.693,8.100,-0.289,6.395,8.100,10.756,6.395,FALSE,FALSE,FALSE,FALSE,FALSE,FALSE,FALSE,FALSE,FALSE
551,6.989,6.077,4.722,11.735,0.357,-0.357,14,18,3,8.100,5.234,4.693,8.100,-0.289,6.395,8.100,10.756,6.395,FALSE,FALSE,FALSE,FALSE,FALSE,FALSE,FALSE,FALSE,FALSE
552,6.923,6.390,4.696,11.735,0.706,-0.706,15,18,3,8.100,5.234,4.693,8.100,-0.289,6.395,8.100,10.756,6.395,FALSE,FALSE,FALSE,FALSE,FALSE,FALSE,FALSE,FALSE,FALSE
553,6.856,6.703,4.693,11.735,1.000,-1.000,16,18,0,8.100,5.234,4.693,8.100,-0.289,6.395,8.100,10.756,6.395,FALSE,FALSE,FALSE,FALSE,FALSE,FALSE,FALSE,FALSE,FALSE
554,6.790,7.016,4.693,11.735,1.165,-1.165,17,18,0,8.100,5.234,4.693,8.100,-0.289,6.395,8.100,10.756,6.395,FALSE,FALSE,FALSE,FALSE,FALSE,FALSE,FALSE,FALSE,FALSE
555,6.723,7.329,4.705,11.735,1.220,-1.220,18,18,0,8.100,5.234,4.693,8.100,-0.289,6.395,8.100,10.756,6.395,FALSE,FALSE,FALSE,FALSE,FALSE,FALSE,FALSE,FALSE,FALSE
556,6.657,7.642,4.731,11.735,1.183,-1.183,19,18,0,8.100,5.234,4.693,8.100,-0.289,6.395,8.100,10.756,6.395,FALSE,FALSE,FALSE,FALSE,FALSE,FALSE,FALSE,FALSE,FALSE
557,6.590,7.955,4.757,11.735,0.944,-0.944,20,18,0,8.100,5.234,4.693,8.100,-0.289,6.395,8.100,10.756,6.395,FALSE,FALSE,FALSE,FALSE,FALSE,FALSE,FALSE,FALSE,FALSE
558,6.524,8.268,4.809,11.735,0.694,-0.694,21,18,0,8.100,5.234,4.693,8.100,-0.289,6.395,8.100,10.756,6.395,FALSE,FALSE,FALSE,FALSE,FALSE,FALSE,FALSE,FALSE,FALSE
559,6.457,8.581,4.860,11.735,0.470,-0.470,22,18,0,8.100,5.234,4.693,8.100,-0.289,6.395,8.100,10.756,6.395,FALSE,FALSE,FALSE,FALSE,FALSE,FALSE,FALSE,FALSE,FALSE
560,6.391,8.894,4.928,11.735,0.346,-0.346,23,18,0,8.100,5.234,4.693,8.100,-0.289,6.395,8.100,10.756,6.395,FALSE,FALSE,FALSE,FALSE,FALSE,FALSE,FALSE,FALSE,FALSE
561,6.324,9.207,5.006,11.735,0.325,-0.325,24,18,0,8.100,5.234,4.693,8.100,-0.289,6.395,8.100,10.756,6.395,FALSE,FALSE,FALSE,FALSE,FALSE,FALSE,FALSE,FALSE,FALSE
562,6.257,9.520,5.091,11.735,0.437,-0.437,25,18,0,8.100,5.234,4.693,8.100,-0.289,6.395,8.100,10.756,6.395,FALSE,FALSE,FALSE,FALSE,FALSE,FALSE,FALSE,FALSE,FALSE
563,6.191,9.833,5.197,11.735,0.700,-0.700,26,18,0,8.100,5.234,4.693,8.100,-0.289,6.395,8.100,10.756,6.395,FALSE,FALSE,FALSE,FALSE,FALSE,FALSE,FALSE,FALSE,FALSE
564,6.124,10.146,5.303,11.735,1.026,-1.026,27,18,0,8.100,5.234,4.693,8.100,-0.289,6.395,8.100,10.756,6.395,FALSE,FALSE,FALSE,FALSE,FALSE,FALSE,FALSE,FALSE,FALSE
565,6.058,10.459,5.436,11.735,1.388,-1.388,28,18,0,8.100,5.234,4.693,8.100,-0.289,6.395,8.100,10.756,6.395,FALSE,FALSE,FALSE,FALSE,FALSE,FALSE,FALSE,FALSE,FALSE
566,5.991,10.772,5.571,11.735,1.773,-1.773,29,18,0,8.100,5.234,4.693,8.100,-0.289,6.395,8.100,10.756,6.395,FALSE,FALSE,FALSE,FALSE,FALSE,FALSE,FALSE,FALSE,FALSE
567,5.925,11.085,5.727,11.735,2.128,-2.128,30,18,0,8.100,5.234,4.693,8.100,-0.289,6.395,8.100,10.756,6.395,FALSE,FALSE,FALSE,FALSE,FALSE,FALSE,FALSE,FALSE,FALSE
568,5.858,11.398,5.894,11.735,2.443,-2.443,31,18,0,8.100,5.234,4.693,8.100,-0.289,6.395,8.100,10.756,6.395,FALSE,FALSE,FALSE,FALSE,FALSE,FALSE,FALSE,FALSE,FALSE
569,5.792,11.711,6.077,11.735,2.784,-2.784,32,18,0,8.100,5.234,4.693,8.100,-0.289,6.395,8.100,10.756,6.395,FALSE,FALSE,FALSE,FALSE,FALSE,FALSE,FALSE,FALSE,FALSE
570,8.317,1.997,6.106,11.729,2.572,-2.572,0,19,3,8.550,5.284,4.693,8.550,-0.236,6.395,8.550,10.804,6.395,FALSE,FALSE,FALSE,FALSE,FALSE,FALSE,FALSE,FALSE,FALSE
571,8.250,2.310,5.918,11.729,2.164,-2.164,1,19,3,8.550,5.284,4.693,8.550,-0.236,6.395,8.550,10.804,6.395,FALSE,FALSE,FALSE,FALSE,FALSE,FALSE,FALSE,FALSE,FALSE
572,8.184,2.623,5.751,11.729,1.777,-1.777,2,19,3,8.550,5.284,4.693,8.550,-0.236,6.395,8.550,10.804,6.395,FALSE,FALSE,FALSE,FALSE,FALSE,FALSE,FALSE,FALSE,FALSE
573,8.117,2.936,5.590,11.729,1.383,-1.383,3,19,3,8.550,5.284,4.693,8.550,-0.236,6.395,8.550,10.804,6.395,FALSE,FALSE,FALSE,FALSE,FALSE,FALSE,FALSE,FALSE,FALSE
574,8.050,3.249,5.455,11.729,1.012,-1.012,4,19,3,8.550,5.284,4.693,8.550,-0.236,6.395,8.550,10.804,6.395,FALSE,FALSE,FALSE,FALSE,FALSE,FALSE,FALSE,FALSE,FALSE
575,7.984,3.562,5.320,11.729,0.660,-0.660,5,19,3,8.550,5.284,4.693,8.550,-0.236,6.395,8.550,10.804,6.395,FALSE,FALSE,FALSE,FALSE,FALSE,FALSE,FALSE,FALSE,FALSE
576,7.917,3.875,5.212,11.729,0.393,-0.393,6,19,3,8.550,5.284,4.693,8.550,-0.236,6.395,8.550,10.804,6.395,FALSE,FALSE,FALSE,FALSE,FALSE,FALSE,FALSE,FALSE,FALSE
577,7.851,4.188,5.106,11.729,0.193,-0.193,7,19,3,8.550,5.284,4.693,8.550,-0.236,6.395,8.550,10.804,6.395,FALSE,FALSE,FALSE,FALSE,FALSE,FALSE,FALSE,FALSE,FALSE
578,7.784,4.501,5.017,11.729,0.092,-0.092,8,19,3,8.550,5.284,4.693,8.550,-0.236,6.395,8.550,10.804,6.395,FALSE,FALSE,FALSE,FALSE,FALSE,FALSE,FALSE,FALSE,FALSE
579,7.718,4.814,4.939,11.729,0.042,-0.042,9,19,3,8.550,5.284,4.693,8.550,-0.236,6.395,8.550,10.804,6.395,FALSE,FALSE,FALSE,FALSE,FALSE,FALSE,FALSE,FALSE,FALSE
580,7.651,5.127,4.867,11.729,0.051,-0.051,10,19,3,8.550,5.284,4.693,8.550,-0.236,6.395,8.550,10.804,6.395,FALSE,FALSE,FALSE,FALSE,FALSE,FALSE,FALSE,FALSE,FALSE
581,7.585,5.440,4.816,11.729,0.156,-0.156,11,19,3,8.550,5.284,4.693,8.550,-0.236,6.395,8.550,10.804,6.395,FALSE,FALSE,FALSE,FALSE,FALSE,FALSE,FALSE,FALSE,FALSE
582,7.518,5.753,4.764,11.729,0.351,-0.351,12,19,3,8.550,5.284,4.693,8.550,-0.236,6.395,8.550,10.804,6.395,FALSE,FALSE,FALSE,FALSE,FALSE,FALSE,FALSE,FALSE,FALSE
583,7.452,6.066,4.734,11.729,0.655,-0.655,13,19,3,8.550,5.284,4.693,8.550,-0.236,6.395,8.550,10.804,6.395,FALSE,FALSE,FALSE,FALSE,FALSE,FALSE,FALSE,FALSE,FALSE
584,7.385,6.379,4.709,11.729,1.186,-1.186,14,19,3,8.550,5.284,4.693,8.550,-0.236,6.395,8.550,10.804,6.395,FALSE,FALSE,FALSE,FALSE,FALSE,FALSE,FALSE,FALSE,FALSE
585,7.319,6.692,4.693,11.729,1.487,-1.487,15,19,0,8.550,5.284,4.693,8.550,-0.236,6.395,8.550,10.804,6.395,FALSE,FALSE,FALSE,FALSE,FALSE,FALSE,FALSE,FALSE,FALSE
586,7.252,7.005,4.693,11.729,1.614,-1.614,16,19,0,8.550,5.284,4.693,8.550,-0.236,6.395,8.550,10.804,6.395,FALSE,FALSE,FALSE,FALSE,FALSE,FALSE,FALSE,FALSE,FALSE
587,7.186,7.318,4.693,11.729,1.609,-1.609,17,19,0,8.550,5.284,4.693,8.550,-0.236,6.395,8.550,10.804,6.395,FALSE,FALSE,FALSE,FALSE,FALSE,FALSE,FALSE,FALSE,FALSE
588,7.119,7.631,4.718,11.729,1.558,-1.558,18,19,0,8.550,5.284,4.693,8.550,-0.236,6.395,8.550,10.804,6.395,FALSE,FALSE,FALSE,FALSE,FALSE,FALSE,FALSE,FALSE,FALSE
589,7.052,7.944,4.744,11.729,1.379,-1.379,19,19,0,8.550,5.284,4.693,8.550,-0.236,6.395,8.550,10.804,6.395,FALSE,FALSE,FALSE,FALSE,FALSE,FALSE,FALSE,FALSE,FALSE
590,6.986,8.257,4.783,11.729,1.107,-1.107,20,19,0,8.550,5.284,4.693,8.550,-0.236,6.395,8.550,10.804,6.395,FALSE,FALSE,FALSE,FALSE,FALSE,FALSE,FALSE,FALSE,FALSE
591,6.919,8.570,4.835,11.729,0.854,-0.854,21,19,0,8.550,5.284,4.693,8.550,-0.236,6.395,8.550,10.804,6.395,FALSE,FALSE,FALSE,FALSE,FALSE,FALSE,FALSE,FALSE,FALSE
592,6.853,8.883,4.890,11.729,0.655,-0.655,22,19,0,8.550,5.284,4.693,8.550,-0.236,6.395,8.550,10.804,6.395,FALSE,FALSE,FALSE,FALSE,FALSE,FALSE,FALSE,FALSE,FALSE
593,6.786,9.196,4.968,11.729,0.635,-0.635,23,19,0,8.550,5.284,4.693,8.550,-0.236,6.395,8.550,10.804,6.395,FALSE,FALSE,FALSE,FALSE,FALSE,FALSE,FALSE,FALSE,FALSE
594,6.720,9.509,5.047,11.729,0.666,-0.666,24,19,0,8.550,5.284,4.693,8.550,-0.236,6.395,8.550,10.804,6.395,FALSE,FALSE,FALSE,FALSE,FALSE,FALSE,FALSE,FALSE,FALSE
595,6.653,9.822,5.146,11.729,0.831,-0.831,25,19,0,8.550,5.284,4.693,8.550,-0.236,6.395,8.550,10.804,6.395,FALSE,FALSE,FALSE,FALSE,FALSE,FALSE,FALSE,FALSE,FALSE
596,6.587,10.135,5.252,11.729,1.091,-1.091,26,19,0,8.550,5.284,4.693,8.550,-0.236,6.395,8.550,10.804,6.395,FALSE,FALSE,FALSE,FALSE,FALSE,FALSE,FALSE,FALSE,FALSE
597,6.520,10.448,5.371,11.729,1.403,-1.403,27,19,0,8.550,5.284,4.693,8.550,-0.236,6.395,8.550,10.804,6.395,FALSE,FALSE,FALSE,FALSE,FALSE,FALSE,FALSE,FALSE,FALSE
598,6.454,10.761,5.506,11.729,1.734,-1.734,28,19,0,8.550,5.284,4.693,8.550,-0.236,6.395,8.550,10.804,6.395,FALSE,FALSE,FALSE,FALSE,FALSE,FALSE,FALSE,FALSE,FALSE
599,6.387,11.074,5.647,11.729,2.039,-2.039,29,19,0,8.550,5.284,4.693,8.550,-0.236,6.395,8.550,10.804,6.395,FALSE,FALSE,FALSE,FALSE,FALSE,FALSE,FALSE,FALSE,FALSE
600,6.321,11.387,5.814,11.729,2.316,-2.316,30,19,0,8.550,5.284,4.693,8.550,-0.236,6.395,8.550,10.804,6.395,FALSE,FALSE,FALSE,FALSE,FALSE,FALSE,FALSE,FALSE,FALSE
601,6.254,11.700,5.981,11.729,2.609,-2.609,31,19,0,8.550,5.284,4.693,8.550,-0.236,6.395,8.550,10.804,6.395,FALSE,FALSE,FALSE,FALSE,FALSE,FALSE,FALSE,FALSE,FALSE
602,6.188,12.013,6.182,11.729,2.986,-2.986,32,19,0,8.550,5.284,4.693,8.550,-0.236,6.395,8.550,10.804,6.395,FALSE,FALSE,FALSE,FALSE,FALSE,FALSE,FALSE,FALSE,FALSE
603,8.778,1.989,6.206,11.721,2.774,-2.774,0,20,3,9.000,5.336,4.693,9.000,-0.180,6.395,9.000,10.851,6.395,FALSE,FALSE,FALSE,FALSE,FALSE,FALSE,FALSE,FALSE,FALSE
604,8.712,2.302,6.005,11.721,2.350,-2.350,1,20,3,9.000,5.336,4.693,9.000,-0.180,6.395,9.000,10.851,6.395,FALSE,FALSE,FALSE,FALSE,FALSE,FALSE,FALSE,FALSE,FALSE
605,8.645,2.615,5.834,11.721,1.974,-1.974,2,20,3,9.000,5.336,4.693,9.000,-0.180,6.395,9.000,10.851,6.395,FALSE,FALSE,FALSE,FALSE,FALSE,FALSE,FALSE,FALSE,FALSE
606,8.579,2.928,5.667,11.721,1.568,-1.568,3,20,3,9.000,5.336,4.693,9.000,-0.180,6.395,9.000,10.851,6.395,FALSE,FALSE,FALSE,FALSE,FALSE,FALSE,FALSE,FALSE,FALSE
607,8.512,3.241,5.522,11.721,1.193,-1.193,4,20,3,9.000,5.336,4.693,9.000,-0.180,6.395,9.000,10.851,6.395,FALSE,FALSE,FALSE,FALSE,FALSE,FALSE,FALSE,FALSE,FALSE
608,8.446,3.554,5.387,11.721,0.852,-0.852,5,20,3,9.000,5.336,4.693,9.000,-0.180,6.395,9.000,10.851,6.395,FALSE,FALSE,FALSE,FALSE,FALSE,FALSE,FALSE,FALSE,FALSE
609,8.379,3.867,5.264,11.721,0.562,-0.562,6,20,3,9.000,5.336,4.693,9.000,-0.180,6.395,9.000,10.851,6.395,FALSE,FALSE,FALSE,FALSE,FALSE,FALSE,FALSE,FALSE,FALSE
610,8.313,4.180,5.158,11.721,0.325,-0.325,7,20,3,9.000,5.336,4.693,9.000,-0.180,6.395,9.000,10.851,6.395,FALSE,FALSE,FALSE,FALSE,FALSE,FALSE,FALSE,FALSE,FALSE
611,8.246,4.493,5.056,11.721,0.142,-0.142,8,20,3,9.000,5.336,4.693,9.000,-0.180,6.395,9.000,10.851,6.395,FALSE,FALSE,FALSE,FALSE,FALSE,FALSE,FALSE,FALSE,FALSE
612,8.180,4.806,4.977,11.721,0.083,-0.083,9,20,3,9.000,5.336,4.693,9.000,-0.180,6.395,9.000,10.851,6.395,FALSE,FALSE,FALSE,FALSE,FALSE,FALSE,FALSE,FALSE,FALSE
613,8.113,5.119,4.899,11.721,0.119,-0.119,10,20,3,9.000,5.336,4.693,9.000,-0.180,6.395,9.000,10.851,6.395,FALSE,FALSE,FALSE,FALSE,FALSE,FALSE,FALSE,FALSE,FALSE
614,8.046,5.432,4.841,11.721,0.279,-0.279,11,20,3,9.000,5.336,4.693,9.000,-0.180,6.395,9.000,10.851,6.395,FALSE,FALSE,FALSE,FALSE,FALSE,FALSE,FALSE,FALSE,FALSE
615,7.980,5.745,4.789,11.721,0.622,-0.622,12,20,3,9.000,5.336,4.693,9.000,-0.180,6.395,9.000,10.851,6.395,FALSE,FALSE,FALSE,FALSE,FALSE,FALSE,FALSE,FALSE,FALSE
616,7.913,6.058,4.747,11.721,1.195,-1.195,13,20,3,9.000,5.336,4.693,9.000,-0.180,6.395,9.000,10.851,6.395,FALSE,FALSE,FALSE,FALSE,FALSE,FALSE,FALSE,FALSE,FALSE
617,7.847,6.371,4.721,11.721,1.701,-1.701,14,20,3,9.000,5.336,4.693,9.000,-0.180,6.395,9.000,10.851,6.395,FALSE,FALSE,FALSE,FALSE,FALSE,FALSE,FALSE,FALSE,FALSE
618,7.780,6.684,4.695,11.721,2.009,-2.009,15,20,0,9.000,5.336,4.693,9.000,-0.180,6.395,9.000,10.851,6.395,FALSE,FALSE,FALSE,FALSE,FALSE,FALSE,FALSE,FALSE,FALSE
619,7.714,6.997,4.693,11.721,2.137,-2.137,16,20,0,9.000,5.336,4.693,9.000,-0.180,6.395,9.000,10.851,6.395,FALSE,FALSE,FALSE,FALSE,FALSE,FALSE,FALSE,FALSE,FALSE
620,7.647,7.310,4.693,11.721,2.120,-2.120,17,20,0,9.000,5.336,4.693,9.000,-0.180,6.395,9.000,10.851,6.395,FALSE,FALSE,FALSE,FALSE,FALSE,FALSE,FALSE,FALSE,FALSE
621,7.581,7.623,4.706,11.721,1.996,-1.996,18,20,0,9.000,5.336,4.693,9.000,-0.180,6.395,9.000,10.851,6.395,FALSE,FALSE,FALSE,FALSE,FALSE,FALSE,FALSE,FALSE,FALSE
622,7.514,7.936,4.732,11.721,1.801,-1.801,19,20,0,9.000,5.336,4.693,9.000,-0.180,6.395,9.000,10.851,6.395,FALSE,FALSE,FALSE,FALSE,FALSE,FALSE,FALSE,FALSE,FALSE
623,7.448,8.249,4.758,11.721,1.515,-1.515,20,20,0,9.000,5.336,4.693,9.000,-0.180,6.395,9.000,10.851,6.395,FALSE,FALSE,FALSE,FALSE,FALSE,FALSE,FALSE,FALSE,FALSE
624,7.381,8.562,4.810,11.721,1.239,-1.239,21,20,0,9.000,5.336,4.693,9.000,-0.180,6.395,9.000,10.851,6.395,FALSE,FALSE,FALSE,FALSE,FALSE,FALSE,FALSE,FALSE,FALSE
625,7.315,8.875,4.862,11.721,1.051,-1.051,22,20,0,9.000,5.336,4.693,9.000,-0.180,6.395,9.000,10.851,6.395,FALSE,FALSE,FALSE,FALSE,FALSE,FALSE,FALSE,FALSE,FALSE
626,7.248,9.188,4.931,11.721,1.075,-1.075,23,20,0,9.000,5.336,4.693,9.000,-0.180,6.395,9.000,10.851,6.395,FALSE,FALSE,FALSE,FALSE,FALSE,FALSE,FALSE,FALSE,FALSE
627,7.182,9.501,5.009,11.721,1.107,-1.107,24,20,0,9.000,5.336,4.693,9.000,-0.180,6.395,9.000,10.851,6.395,FALSE,FALSE,FALSE,FALSE,FALSE,FALSE,FALSE,FALSE,FALSE
628,7.115,9.814,5.095,11.721,1.184,-1.184,25,20,0,9.000,5.336,4.693,9.000,-0.180,6.395,9.000,10.851,6.395,FALSE,FALSE,FALSE,FALSE,FALSE,FALSE,FALSE,FALSE,FALSE
629,7.049,10.127,5.201,11.721,1.321,-1.321,26,20,0,9.000,5.336,4.693,9.000,-0.180,6.395,9.000,10.851,6.395,FALSE,FALSE,FALSE,FALSE,FALSE,FALSE,FALSE,FALSE,FALSE
630,6.982,10.440,5.307,11.721,1.535,-1.535,27,20,0,9.000,5.336,4.693,9.000,-0.180,6.395,9.000,10.851,6.395,FALSE,FALSE,FALSE,FALSE,FALSE,FALSE,FALSE,FALSE,FALSE
631,6.915,10.753,5.441,11.721,1.765,-1.765,28,20,0,9.000,5.336,4.693,9.000,-0.180,6.395,9.000,10.851,6.395,FALSE,FALSE,FALSE,FALSE,FALSE,FALSE,FALSE,FALSE,FALSE
632,6.849,11.066,5.577,11.721,1.983,-1.983,29,20,0,9.000,5.336,4.693,9.000,-0.180,6.395,9.000,10.851,6.395,FALSE,FALSE,FALSE,FALSE,FALSE,FALSE,FALSE,FALSE,FALSE
633,6.782,11.379,5.734,11.721,2.195,-2.195,30,20,0,9.000,5.336,4.693,9.000,-0.180,6.395,9.000,10.851,6.395,FALSE,FALSE,FALSE,FALSE,FALSE,FALSE,FALSE,FALSE,FALSE
634,6.716,11.692,5.901,11.721,2.473,-2.473,31,20,0,9.000,5.336,4.693,9.000,-0.180,6.395,9.000,10.851,6.395,FALSE,FALSE,FALSE,FALSE,FALSE,FALSE,FALSE,FALSE,FALSE
635,6.649,12.005,6.086,11.721,2.845,-2.845,32,20,0,9.000,5.336,4.693,9.000,-0.180,6.395,9.000,10.851,6.395,FALSE,FALSE,FALSE,FALSE,FALSE,FALSE,FALSE,FALSE,FALSE
636,9.173,2.296,6.105,11.712,2.440,-2.440,0,21,3,9.450,5.389,4.693,9.450,-0.121,6.395,9.450,10.900,6.395,FALSE,FALSE,FALSE,FALSE,FALSE,FALSE,FALSE,FALSE,FALSE
637,9.107,2.609,5.917,11.712,2.050,-2.050,1,21,3,9.450,5.389,4.693,9.450,-0.121,6.395,9.450,10.900,6.395,FALSE,FALSE,FALSE,FALSE,FALSE,FALSE,FALSE,FALSE,FALSE
638,9.040,2.922,5.750,11.712,1.661,-1.661,2,21,3,9.450,5.389,4.693,9.450,-0.121,6.395,9.450,10.900,6.395,FALSE,FALSE,FALSE,FALSE,FALSE,FALSE,FALSE,FALSE,FALSE
639,8.973,3.235,5.589,11.712,1.315,-1.315,3,21,3,9.450,5.389,4.693,9.450,-0.121,6.395,9.450,10.900,6.395,FALSE,FALSE,FALSE,FALSE,FALSE,FALSE,FALSE,FALSE,FALSE
640,8.907,3.548,5.454,11.712,1.010,-1.010,4,21,3,9.450,5.389,4.693,9.450,-0.121,6.395,9.450,10.900,6.395,FALSE,FALSE,FALSE,FALSE,FALSE,FALSE,FALSE,FALSE,FALSE
641,8.840,3.861,5.318,11.712,0.729,-0.729,5,21,3,9.450,5.389,4.693,9.450,-0.121,6.395,9.450,10.900,6.395,FALSE,FALSE,FALSE,FALSE,FALSE,FALSE,FALSE,FALSE,FALSE
642,8.774,4.174,5.211,11.712,0.511,-0.511,6,21,3,9.450,5.389,4.693,9.450,-0.121,6.395,9.450,10.900,6.395,FALSE,FALSE,FALSE,FALSE,FALSE,FALSE,FALSE,FALSE,FALSE
643,8.707,4.487,5.104,11.712,0.331,-0.331,7,21,3,9.450,5.389,4.693,9.450,-0.121,6.395,9.450,10.900,6.395,FALSE,FALSE,FALSE,FALSE,FALSE,FALSE,FALSE,FALSE,FALSE
644,8.641,4.800,5.016,11.712,0.240,-0.240,8,21,3,9.450,5.389,4.693,9.450,-0.121,6.395,9.450,10.900,6.395,FALSE,FALSE,FALSE,FALSE,FALSE,FALSE,FALSE,FALSE,FALSE
645,8.574,5.113,4.937,11.712,0.288,-0.288,9,21,3,9.450,5.389,4.693,9.450,-0.121,6.395,9.450,10.900,6.395,FALSE,FALSE,FALSE,FALSE,FALSE,FALSE,FALSE,FALSE,FALSE
646,8.508,5.426,4.866,11.712,0.489,-0.489,10,21,3,9.450,5.389,4.693,9.450,-0.121,6.395,9.450,10.900,6.395,FALSE,FALSE,FALSE,FALSE,FALSE,FALSE,FALSE,FALSE,FALSE
647,8.441,5.739,4.815,11.712,0.908,-0.908,11,21,3,9.450,5.389,4.693,9.450,-0.121,6.395,9.450,10.900,6.395,FALSE,FALSE,FALSE,FALSE,FALSE,FALSE,FALSE,FALSE,FALSE
648,8.375,6.052,4.763,11.712,1.497,-1.497,12,21,3,9.450,5.389,4.693,9.450,-0.121,6.395,9.450,10.900,6.395,FALSE,FALSE,FALSE,FALSE,FALSE,FALSE,FALSE,FALSE,FALSE
649,8.308,6.365,4.734,11.712,1.967,-1.967,13,21,3,9.450,5.389,4.693,9.450,-0.121,6.395,9.450,10.900,6.395,FALSE,FALSE,FALSE,FALSE,FALSE,FALSE,FALSE,FALSE,FALSE
650,8.242,6.678,4.708,11.712,2.647,-2.647,14,21,3,9.450,5.389,4.693,9.450,-0.121,6.395,9.450,10.900,6.395,FALSE,FALSE,FALSE,FALSE,FALSE,FALSE,FALSE,FALSE,FALSE
651,8.175,6.991,4.693,11.712,2.828,-2.828,15,21,0,9.450,5.389,4.693,9.450,-0.121,6.395,9.450,10.900,6.395,FALSE,FALSE,FALSE,FALSE,FALSE,FALSE,FALSE,FALSE,FALSE
652,8.109,7.304,4.693,11.712,2.312,-2.312,16,21,0,9.450,5.389,4.693,9.450,-0.121,6.395,9.450,10.900,6.395,FALSE,FALSE,FALSE,FALSE,FALSE,FALSE,FALSE,FALSE,FALSE
653,8.042,7.617,4.693,11.712,2.164,-2.164,17,21,0,9.450,5.389,4.693,9.450,-0.121,6.395,9.450,10.900,6.395,FALSE,FALSE,FALSE,FALSE,FALSE,FALSE,FALSE,FALSE,FALSE
654,7.975,7.930,4.719,11.712,1.979,-1.979,18,21,0,9.450,5.389,4.693,9.450,-0.121,6.395,9.450,10.900,6.395,FALSE,FALSE,FALSE,FALSE,FALSE,FALSE,FALSE,FALSE,FALSE
655,7.909,8.243,4.745,11.712,1.754,-1.754,19,21,0,9.450,5.389,4.693,9.450,-0.121,6.395,9.450,10.900,6.395,FALSE,FALSE,FALSE,FALSE,FALSE,FALSE,FALSE,FALSE,FALSE
656,7.842,8.556,4.785,11.712,1.572,-1.572,20,21,0,9.450,5.389,4.693,9.450,-0.121,6.395,9.450,10.900,6.395,FALSE,FALSE,FALSE,FALSE,FALSE,FALSE,FALSE,FALSE,FALSE
657,7.776,8.869,4.837,11.712,1.447,-1.447,21,21,0,9.450,5.389,4.693,9.450,-0.121,6.395,9.450,10.900,6.395,FALSE,FALSE,FALSE,FALSE,FALSE,FALSE,FALSE,FALSE,FALSE
658,7.709,9.182,4.893,11.712,1.513,-1.513,22,21,0,9.450,5.389,4.693,9.450,-0.121,6.395,9.450,10.900,6.395,FALSE,FALSE,FALSE,FALSE,FALSE,FALSE,FALSE,FALSE,FALSE
659,7.643,9.495,4.971,11.712,1.588,-1.588,23,21,0,9.450,5.389,4.693,9.450,-0.121,6.395,9.450,10.900,6.395,FALSE,FALSE,FALSE,FALSE,FALSE,FALSE,FALSE,FALSE,FALSE
660,7.576,9.808,5.050,11.712,1.618,-1.618,24,21,0,9.450,5.389,4.693,9.450,-0.121,6.395,9.450,10.900,6.395,FALSE,FALSE,FALSE,FALSE,FALSE,FALSE,FALSE,FALSE,FALSE
661,7.510,10.121,5.150,11.712,1.654,-1.654,25,21,0,9.450,5.389,4.693,9.450,-0.121,6.395,9.450,10.900,6.395,FALSE,FALSE,FALSE,FALSE,FALSE,FALSE,FALSE,FALSE,FALSE
662,7.443,10.434,5.257,11.712,1.704,-1.704,26,21,0,9.450,5.389,4.693,9.450,-0.121,6.395,9.450,10.900,6.395,FALSE,FALSE,FALSE,FALSE,FALSE,FALSE,FALSE,FALSE,FALSE
663,7.377,10.747,5.377,11.712,1.805,-1.805,27,21,0,9.450,5.389,4.693,9.450,-0.121,6.395,9.450,10.900,6.395,FALSE,FALSE,FALSE,FALSE,FALSE,FALSE,FALSE,FALSE,FALSE
664,7.310,11.060,5.512,11.712,1.943,-1.943,28,21,0,9.450,5.389,4.693,9.450,-0.121,6.395,9.450,10.900,6.395,FALSE,FALSE,FALSE,FALSE,FALSE,FALSE,FALSE,FALSE,FALSE
665,7.244,11.373,5.655,11.712,2.072,-2.072,29,21,0,9.450,5.389,4.693,9.450,-0.121,6.395,9.450,10.900,6.395,FALSE,FALSE,FALSE,FALSE,FALSE,FALSE,FALSE,FALSE,FALSE
666,7.177,11.686,5.822,11.712,2.324,-2.324,30,21,0,9.450,5.389,4.693,9.450,-0.121,6.395,9.450,10.900,6.395,FALSE,FALSE,FALSE,FALSE,FALSE,FALSE,FALSE,FALSE,FALSE
667,7.111,11.999,5.991,11.712,2.697,-2.697,31,21,0,9.450,5.389,4.693,9.450,-0.121,6.395,9.450,10.900,6.395,FALSE,FALSE,FALSE,FALSE,FALSE,FALSE,FALSE,FALSE,FALSE
668,7.044,12.312,6.193,11.712,3.243,-3.243,32,21,0,9.450,5.389,4.693,9.450,-0.121,6.395,9.450,10.900,6.395,FALSE,FALSE,FALSE,FALSE,FALSE,FALSE,FALSE,FALSE,FALSE
669,9.634,2.293,6.166,10.191,2.348,-2.348,0,22,3,9.900,4.632,4.694,9.900,-0.061,6.395,9.900,9.325,6.395,FALSE,FALSE,FALSE,FALSE,FALSE,FALSE,FALSE,FALSE,FALSE
670,9.567,2.606,5.932,10.191,1.993,-1.993,1,22,3,9.900,4.632,4.694,9.900,-0.061,6.395,9.900,9.325,6.395,FALSE,FALSE,FALSE,FALSE,FALSE,FALSE,FALSE,FALSE,FALSE
671,9.501,2.919,5.732,10.191,1.631,-1.631,2,22,3,9.900,4.632,4.694,9.900,-0.061,6.395,9.900,9.325,6.395,FALSE,FALSE,FALSE,FALSE,FALSE,FALSE,FALSE,FALSE,FALSE
672,9.434,3.232,5.550,10.191,1.307,-1.307,3,22,3,9.900,4.632,4.694,9.900,-0.061,6.395,9.900,9.325,6.395,FALSE,FALSE,FALSE,FALSE,FALSE,FALSE,FALSE,FALSE,FALSE
673,9.368,3.545,5.389,10.191,1.010,-1.010,4,22,3,9.900,4.632,4.694,9.900,-0.061,6.395,9.900,9.325,6.395,FALSE,FALSE,FALSE,FALSE,FALSE,FALSE,FALSE,FALSE,FALSE
674,9.301,3.858,5.248,10.191,0.748,-0.748,5,22,3,9.900,4.632,4.694,9.900,-0.061,6.395,9.900,9.325,6.395,FALSE,FALSE,FALSE,FALSE,FALSE,FALSE,FALSE,FALSE,FALSE
675,9.235,4.171,5.123,10.191,0.542,-0.542,6,22,3,9.900,4.632,4.694,9.900,-0.061,6.395,9.900,9.325,6.395,FALSE,FALSE,FALSE,FALSE,FALSE,FALSE,FALSE,FALSE,FALSE
676,9.168,4.484,5.017,10.191,0.400,-0.400,7,22,3,9.900,4.632,4.694,9.900,-0.061,6.395,9.900,9.325,6.395,FALSE,FALSE,FALSE,FALSE,FALSE,FALSE,FALSE,FALSE,FALSE
677,9.102,4.797,4.925,10.191,0.309,-0.309,8,22,3,9.900,4.632,4.694,9.900,-0.061,6.395,9.900,9.325,6.395,FALSE,FALSE,FALSE,FALSE,FALSE,FALSE,FALSE,FALSE,FALSE
678,9.035,5.110,4.850,10.191,0.327,-0.327,9,22,3,9.900,4.632,4.694,9.900,-0.061,6.395,9.900,9.325,6.395,FALSE,FALSE,FALSE,FALSE,FALSE,FALSE,FALSE,FALSE,FALSE
679,8.969,5.423,4.790,10.191,0.502,-0.502,10,22,3,9.900,4.632,4.694,9.900,-0.061,6.395,9.900,9.325,6.395,FALSE,FALSE,FALSE,FALSE,FALSE,FALSE,FALSE,FALSE,FALSE
680,8.902,5.736,4.743,10.191,0.859,-0.859,11,22,3,9.900,4.632,4.694,9.900,-0.061,6.395,9.900,9.325,6.395,FALSE,FALSE,FALSE,FALSE,FALSE,FALSE,FALSE,FALSE,FALSE
681,8.835,6.049,4.713,10.191,1.388,-1.388,12,22,3,9.900,4.632,4.694,9.900,-0.061,6.395,9.900,9.325,6.395,FALSE,FALSE,FALSE,FALSE,FALSE,FALSE,FALSE,FALSE,FALSE
682,8.769,6.362,4.694,10.191,1.774,-1.774,13,22,3,9.900,4.632,4.694,9.900,-0.061,6.395,9.900,9.325,6.395,FALSE,FALSE,FALSE,FALSE,FALSE,FALSE,FALSE,FALSE,FALSE
683,8.702,6.675,4.694,10.191,2.016,-2.016,14,22,3,9.900,4.632,4.694,9.900,-0.061,6.395,9.900,9.325,6.395,FALSE,FALSE,FALSE,FALSE,FALSE,FALSE,FALSE,FALSE,FALSE
684,8.636,6.988,4.700,10.191,2.149,-2.149,15,22,0,9.900,4.632,4.694,9.900,-0.061,6.395,9.900,9.325,6.395,FALSE,FALSE,FALSE,FALSE,FALSE,FALSE,FALSE,FALSE,FALSE
685,8.569,7.301,4.730,10.191,2.191,-2.191,16,22,0,9.900,4.632,4.694,9.900,-0.061,6.395,9.900,9.325,6.395,FALSE,FALSE,FALSE,FALSE,FALSE,FALSE,FALSE,FALSE,FALSE
686,8.503,7.614,4.763,10.191,2.135,-2.135,17,22,0,9.900,4.632,4.694,9.900,-0.061,6.395,9.900,9.325,6.395,FALSE,FALSE,FALSE,FALSE,FALSE,FALSE,FALSE,FALSE,FALSE
687,8.436,7.927,4.823,10.191,2.032,-2.032,18,22,0,9.900,4.632,4.694,9.900,-0.061,6.395,9.900,9.325,6.395,FALSE,FALSE,FALSE,FALSE,FALSE,FALSE,FALSE,FALSE,FALSE
688,8.370,8.240,4.884,10.191,1.895,-1.895,19,22,0,9.900,4.632,4.694,9.900,-0.061,6.395,9.900,9.325,6.395,FALSE,FALSE,FALSE,FALSE,FALSE,FALSE,FALSE,FALSE,FALSE
689,8.303,8.553,4.975,10.191,1.863,-1.863,20,22,0,9.900,4.632,4.694,9.900,-0.061,6.395,9.900,9.325,6.395,FALSE,FALSE,FALSE,FALSE,FALSE,FALSE,FALSE,FALSE,FALSE
690,8.237,8.866,5.067,10.191,1.944,-1.944,21,22,0,9.900,4.632,4.694,9.900,-0.061,6.395,9.900,9.325,6.395,FALSE,FALSE,FALSE,FALSE,FALSE,FALSE,FALSE,FALSE,FALSE
691,8.170,9.179,5.191,10.191,2.154,-2.154,22,22,0,9.900,4.632,4.694,9.900,-0.061,6.395,9.900,9.325,6.395,FALSE,FALSE,FALSE,FALSE,FALSE,FALSE,FALSE,FALSE,FALSE
692,8.104,9.492,5.316,10.191,2.307,-2.307,23,22,0,9.900,4.632,4.694,9.900,-0.061,6.395,9.900,9.325,6.395,FALSE,FALSE,FALSE,FALSE,FALSE,FALSE,FALSE,FALSE,FALSE
693,8.037,9.805,5.477,10.191,2.442,-2.442,24,22,0,9.900,4.632,4.694,9.900,-0.061,6.395,9.900,9.325,6.395,FALSE,FALSE,FALSE,FALSE,FALSE,FALSE,FALSE,FALSE,FALSE
694,7.971,10.118,5.641,10.191,2.527,-2.527,25,22,0,9.900,4.632,4.694,9.900,-0.061,6.395,9.900,9.325,6.395,FALSE,FALSE,FALSE,FALSE,FALSE,FALSE,FALSE,FALSE,FALSE
695,7.904,10.431,5.842,10.191,2.593,-2.593,26,22,0,9.900,4.632,4.694,9.900,-0.061,6.395,9.900,9.325,6.395,FALSE,FALSE,FALSE,FALSE,FALSE,FALSE,FALSE,FALSE,FALSE
696,7.838,10.744,6.055,10.191,2.623,-2.623,27,22,0,9.900,4.632,4.694,9.900,-0.061,6.395,9.900,9.325,6.395,FALSE,FALSE,FALSE,FALSE,FALSE,FALSE,FALSE,FALSE,FALSE
697,10.028,2.603,6.106,11.736,2.073,-2.073,0,23,3,10.350,5.525,4.693,10.350,0.002,6.395,10.350,11.049,6.395,FALSE,FALSE,FALSE,FALSE,FALSE,FALSE,FALSE,FALSE,FALSE
698,9.961,2.916,5.918,11.736,1.767,-1.767,1,23,3,10.350,5.525,4.693,10.350,0.002,6.395,10.350,11.049,6.395,FALSE,FALSE,FALSE,FALSE,FALSE,FALSE,FALSE,FALSE,FALSE
699,9.895,3.229,5.751,11.736,1.484,-1.484,2,23,3,10.350,5.525,4.693,10.350,0.002,6.395,10.350,11.049,6.395,FALSE,FALSE,FALSE,FALSE,FALSE,FALSE,FALSE,FALSE,FALSE
700,9.828,3.542,5.591,11.736,1.220,-1.220,3,23,3,10.350,5.525,4.693,10.350,0.002,6.395,10.350,11.049,6.395,FALSE,FALSE,FALSE,FALSE,FALSE,FALSE,FALSE,FALSE,FALSE
701,9.762,3.855,5.456,11.736,0.997,-0.997,4,23,3,10.350,5.525,4.693,10.350,0.002,6.395,10.350,11.049,6.395,FALSE,FALSE,FALSE,FALSE,FALSE,FALSE,FALSE,FALSE,FALSE
702,9.695,4.168,5.320,11.736,0.805,-0.805,5,23,3,10.350,5.525,4.693,10.350,0.002,6.395,10.350,11.049,6.395,FALSE,FALSE,FALSE,FALSE,FALSE,FALSE,FALSE,FALSE,FALSE
703,9.629,4.482,5.213,11.736,0.688,-0.688,6,23,3,10.350,5.525,4.693,10.350,0.002,6.395,10.350,11.049,6.395,FALSE,FALSE,FALSE,FALSE,FALSE,FALSE,FALSE,FALSE,FALSE
704,9.562,4.795,5.106,11.736,0.611,-0.611,7,23,3,10.350,5.525,4.693,10.350,0.002,6.395,10.350,11.049,6.395,FALSE,FALSE,FALSE,FALSE,FALSE,FALSE,FALSE,FALSE,FALSE
705,9.496,5.108,5.018,11.736,0.588,-0.588,8,23,3,10.350,5.525,4.693,10.350,0.002,6.395,10.350,11.049,6.395,FALSE,FALSE,FALSE,FALSE,FALSE,FALSE,FALSE,FALSE,FALSE
706,9.429,5.421,4.939,11.736,0.622,-0.622,9,23,3,10.350,5.525,4.693,10.350,0.002,6.395,10.350,11.049,6.395,FALSE,FALSE,FALSE,FALSE,FALSE,FALSE,FALSE,FALSE,FALSE
707,9.363,5.734,4.868,11.736,0.786,-0.786,10,23,3,10.350,5.525,4.693,10.350,0.002,6.395,10.350,11.049,6.395,FALSE,FALSE,FALSE,FALSE,FALSE,FALSE,FALSE,FALSE,FALSE
708,9.296,6.047,4.816,11.736,1.132,-1.132,11,23,3,10.350,5.525,4.693,10.350,0.002,6.395,10.350,11.049,6.395,FALSE,FALSE,FALSE,FALSE,FALSE,FALSE,FALSE,FALSE,FALSE
709,9.229,6.360,4.764,11.736,1.451,-1.451,12,23,3,10.350,5.525,4.693,10.350,0.002,6.395,10.350,11.049,6.395,FALSE,FALSE,FALSE,FALSE,FALSE,FALSE,FALSE,FALSE,FALSE
710,9.163,6.673,4.735,11.736,1.655,-1.655,13,23,3,10.350,5.525,4.693,10.350,0.002,6.395,10.350,11.049,6.395,FALSE,FALSE,FALSE,FALSE,FALSE,FALSE,FALSE,FALSE,FALSE
711,9.096,6.986,4.709,11.736,1.767,-1.767,14,23,0,10.350,5.525,4.693,10.350,0.002,6.395,10.350,11.049,6.395,FALSE,FALSE,FALSE,FALSE,FALSE,FALSE,FALSE,FALSE,FALSE
712,9.030,7.299,4.693,11.736,1.820,-1.820,15,23,0,10.350,5.525,4.693,10.350,0.002,6.395,10.350,11.049,6.395,FALSE,FALSE,FALSE,FALSE,FALSE,FALSE,FALSE,FALSE,FALSE
713,8.963,7.612,4.693,11.736,1.786,-1.786,16,23,0,10.350,5.525,4.693,10.350,0.002,6.395,10.350,11.049,6.395,FALSE,FALSE,FALSE,FALSE,FALSE,FALSE,FALSE,FALSE,FALSE
714,8.897,7.925,4.693,11.736,1.678,-1.678,17,23,0,10.350,5.525,4.693,10.350,0.002,6.395,10.350,11.049,6.395,FALSE,FALSE,FALSE,FALSE,FALSE,FALSE,FALSE,FALSE,FALSE
715,8.830,8.238,4.718,11.736,1.572,-1.572,18,23,0,10.350,5.525,4.693,10.350,0.002,6.395,10.350,11.049,6.395,FALSE,FALSE,FALSE,FALSE,FALSE,FALSE,FALSE,FALSE,FALSE
716,8.764,8.551,4.744,11.736,1.560,-1.560,19,23,0,10.350,5.525,4.693,10.350,0.002,6.395,10.350,11.049,6.395,FALSE,FALSE,FALSE,FALSE,FALSE,FALSE,FALSE,FALSE,FALSE
717,8.697,8.864,4.783,11.736,1.694,-1.694,20,23,0,10.350,5.525,4.693,10.350,0.002,6.395,10.350,11.049,6.395,FALSE,FALSE,FALSE,FALSE,FALSE,FALSE,FALSE,FALSE,FALSE
718,8.631,9.177,4.834,11.736,1.925,-1.925,21,23,0,10.350,5.525,4.693,10.350,0.002,6.395,10.350,11.049,6.395,FALSE,FALSE,FALSE,FALSE,FALSE,FALSE,FALSE,FALSE,FALSE
719,8.564,9.490,4.889,11.736,2.046,-2.046,22,23,0,10.350,5.525,4.693,10.350,0.002,6.395,10.350,11.049,6.395,FALSE,FALSE,FALSE,FALSE,FALSE,FALSE,FALSE,FALSE,FALSE
720,8.498,9.803,4.967,11.736,2.129,-2.129,23,23,0,10.350,5.525,4.693,10.350,0.002,6.395,10.350,11.049,6.395,FALSE,FALSE,FALSE,FALSE,FALSE,FALSE,FALSE,FALSE,FALSE
721,8.431,10.116,5.045,11.736,2.156,-2.156,24,23,0,10.350,5.525,4.693,10.350,0.002,6.395,10.350,11.049,6.395,FALSE,FALSE,FALSE,FALSE,FALSE,FALSE,FALSE,FALSE,FALSE
722,8.365,10.429,5.144,11.736,2.129,-2.129,25,23,0,10.350,5.525,4.693,10.350,0.002,6.395,10.350,11.049,6.395,FALSE,FALSE,FALSE,FALSE,FALSE,FALSE,FALSE,FALSE,FALSE
723,8.298,10.742,5.250,11.736,2.001,-2.001,26,23,0,10.350,5.525,4.693,10.350,0.002,6.395,10.350,11.049,6.395,FALSE,FALSE,FALSE,FALSE,FALSE,FALSE,FALSE,FALSE,FALSE
724,8.231,11.055,5.368,11.736,1.931,-1.931,27,23,0,10.350,5.525,4.693,10.350,0.002,6.395,10.350,11.049,6.395,FALSE,FALSE,FALSE,FALSE,FALSE,FALSE,FALSE,FALSE,FALSE
725,8.165,11.368,5.503,11.736,1.977,-1.977,28,23,0,10.350,5.525,4.693,10.350,0.002,6.395,10.350,11.049,6.395,FALSE,FALSE,FALSE,FALSE,FALSE,FALSE,FALSE,FALSE,FALSE
726,8.098,11.681,5.644,11.736,2.051,-2.051,29,23,0,10.350,5.525,4.693,10.350,0.002,6.395,10.350,11.049,6.395,FALSE,FALSE,FALSE,FALSE,FALSE,FALSE,FALSE,FALSE,FALSE
727,8.032,11.994,5.810,11.736,2.221,-2.221,30,23,0,10.350,5.525,4.693,10.350,0.002,6.395,10.350,11.049,6.395,FALSE,FALSE,FALSE,FALSE,FALSE,FALSE,FALSE,FALSE,FALSE
728,7.965,12.307,5.977,11.736,2.490,-2.490,31,23,0,10.350,5.525,4.693,10.350,0.002,6.395,10.350,11.049,6.395,FALSE,FALSE,FALSE,FALSE,FALSE,FALSE,FALSE,FALSE,FALSE
729,7.899,12.620,6.177,11.736,3.128,-3.128,32,23,0,10.350,5.525,4.693,10.350,0.002,6.395,10.350,11.049,6.395,FALSE,FALSE,FALSE,FALSE,FALSE,FALSE,FALSE,FALSE,FALSE
730,10.488,2.603,6.207,11.782,2.104,-2.104,0,24,3,10.800,5.614,4.693,10.800,0.065,6.395,10.800,11.162,6.395,FALSE,FALSE,FALSE,FALSE,FALSE,FALSE,FALSE,FALSE,FALSE
731,10.421,2.916,6.008,11.782,1.821,-1.821,1,24,3,10.800,5.614,4.693,10.800,0.065,6.395,10.800,11.162,6.395,FALSE,FALSE,FALSE,FALSE,FALSE,FALSE,FALSE,FALSE,FALSE
732,10.355,3.229,5.837,11.782,1.544,-1.544,2,24,3,10.800,5.614,4.693,10.800,0.065,6.395,10.800,11.162,6.395,FALSE,FALSE,FALSE,FALSE,FALSE,FALSE,FALSE,FALSE,FALSE
733,10.288,3.542,5.671,11.782,1.287,-1.287,3,24,3,10.800,5.614,4.693,10.800,0.065,6.395,10.800,11.162,6.395,FALSE,FALSE,FALSE,FALSE,FALSE,FALSE,FALSE,FALSE,FALSE
734,10.222,3.855,5.527,11.782,1.074,-1.074,4,24,3,10.800,5.614,4.693,10.800,0.065,6.395,10.800,11.162,6.395,FALSE,FALSE,FALSE,FALSE,FALSE,FALSE,FALSE,FALSE,FALSE
735,10.155,4.168,5.392,11.782,0.913,-0.913,5,24,3,10.800,5.614,4.693,10.800,0.065,6.395,10.800,11.162,6.395,FALSE,FALSE,FALSE,FALSE,FALSE,FALSE,FALSE,FALSE,FALSE
736,10.089,4.481,5.269,11.782,0.795,-0.795,6,24,3,10.800,5.614,4.693,10.800,0.065,6.395,10.800,11.162,6.395,FALSE,FALSE,FALSE,FALSE,FALSE,FALSE,FALSE,FALSE,FALSE
737,10.022,4.794,5.164,11.782,0.728,-0.728,7,24,3,10.800,5.614,4.693,10.800,0.065,6.395,10.800,11.162,6.395,FALSE,FALSE,FALSE,FALSE,FALSE,FALSE,FALSE,FALSE,FALSE
738,9.956,5.107,5.060,11.782,0.682,-0.682,8,24,3,10.800,5.614,4.693,10.800,0.065,6.395,10.800,11.162,6.395,FALSE,FALSE,FALSE,FALSE,FALSE,FALSE,FALSE,FALSE,FALSE
739,9.889,5.420,4.982,11.782,0.671,-0.671,9,24,3,10.800,5.614,4.693,10.800,0.065,6.395,10.800,11.162,6.395,FALSE,FALSE,FALSE,FALSE,FALSE,FALSE,FALSE,FALSE,FALSE
740,9.823,5.733,4.904,11.782,0.673,-0.673,10,24,3,10.800,5.614,4.693,10.800,0.065,6.395,10.800,11.162,6.395,FALSE,FALSE,FALSE,FALSE,FALSE,FALSE,FALSE,FALSE,FALSE
741,9.756,6.046,4.845,11.782,0.823,-0.823,11,24,3,10.800,5.614,4.693,10.800,0.065,6.395,10.800,11.162,6.395,FALSE,FALSE,FALSE,FALSE,FALSE,FALSE,FALSE,FALSE,FALSE
742,9.690,6.359,4.793,11.782,1.055,-1.055,12,24,3,10.800,5.614,4.693,10.800,0.065,6.395,10.800,11.162,6.395,FALSE,FALSE,FALSE,FALSE,FALSE,FALSE,FALSE,FALSE,FALSE
743,9.623,6.672,4.749,11.782,1.223,-1.223,13,24,3,10.800,5.614,4.693,10.800,0.065,6.395,10.800,11.162,6.395,FALSE,FALSE,FALSE,FALSE,FALSE,FALSE,FALSE,FALSE,FALSE
744,9.557,6.985,4.723,11.782,1.327,-1.327,14,24,3,10.800,5.614,4.693,10.800,0.065,6.395,10.800,11.162,6.395,FALSE,FALSE,FALSE,FALSE,FALSE,FALSE,FALSE,FALSE,FALSE
745,9.490,7.298,4.698,11.782,1.394,-1.394,15,24,0,10.800,5.614,4.693,10.800,0.065,6.395,10.800,11.162,6.395,FALSE,FALSE,FALSE,FALSE,FALSE,FALSE,FALSE,FALSE,FALSE
746,9.424,7.611,4.693,11.782,1.380,-1.380,16,24,0,10.800,5.614,4.693,10.800,0.065,6.395,10.800,11.162,6.395,FALSE,FALSE,FALSE,FALSE,FALSE,FALSE,FALSE,FALSE,FALSE
747,9.357,7.924,4.693,11.782,1.294,-1.294,17,24,0,10.800,5.614,4.693,10.800,0.065,6.395,10.800,11.162,6.395,FALSE,FALSE,FALSE,FALSE,FALSE,FALSE,FALSE,FALSE,FALSE
748,9.290,8.237,4.703,11.782,1.214,-1.214,18,24,0,10.800,5.614,4.693,10.800,0.065,6.395,10.800,11.162,6.395,FALSE,FALSE,FALSE,FALSE,FALSE,FALSE,FALSE,FALSE,FALSE
749,9.224,8.550,4.729,11.782,1.264,-1.264,19,24,0,10.800,5.614,4.693,10.800,0.065,6.395,10.800,11.162,6.395,FALSE,FALSE,FALSE,FALSE,FALSE,FALSE,FALSE,FALSE,FALSE
750,9.157,8.863,4.754,11.782,1.522,-1.522,20,24,0,10.800,5.614,4.693,10.800,0.065,6.395,10.800,11.162,6.395,FALSE,FALSE,FALSE,FALSE,FALSE,FALSE,FALSE,FALSE,FALSE
751,9.091,9.176,4.804,11.782,1.863,-1.863,21,24,0,10.800,5.614,4.693,10.800,0.065,6.395,10.800,11.162,6.395,FALSE,FALSE,FALSE,FALSE,FALSE,FALSE,FALSE,FALSE,FALSE
752,9.024,9.489,4.855,11.782,2.022,-2.022,22,24,0,10.800,5.614,4.693,10.800,0.065,6.395,10.800,11.162,6.395,FALSE,FALSE,FALSE,FALSE,FALSE,FALSE,FALSE,FALSE,FALSE
753,8.958,9.802,4.920,11.782,2.113,-2.113,23,24,0,10.800,5.614,4.693,10.800,0.065,6.395,10.800,11.162,6.395,FALSE,FALSE,FALSE,FALSE,FALSE,FALSE,FALSE,FALSE,FALSE
754,8.891,10.115,4.998,11.782,2.154,-2.154,24,24,0,10.800,5.614,4.693,10.800,0.065,6.395,10.800,11.162,6.395,FALSE,FALSE,FALSE,FALSE,FALSE,FALSE,FALSE,FALSE,FALSE
755,8.825,10.428,5.079,11.782,2.125,-2.125,25,24,0,10.800,5.614,4.693,10.800,0.065,6.395,10.800,11.162,6.395,FALSE,FALSE,FALSE,FALSE,FALSE,FALSE,FALSE,FALSE,FALSE
756,8.758,10.741,5.185,11.782,2.017,-2.017,26,24,0,10.800,5.614,4.693,10.800,0.065,6.395,10.800,11.162,6.395,FALSE,FALSE,FALSE,FALSE,FALSE,FALSE,FALSE,FALSE,FALSE
757,8.692,11.054,5.290,11.782,1.878,-1.878,27,24,0,10.800,5.614,4.693,10.800,0.065,6.395,10.800,11.162,6.395,FALSE,FALSE,FALSE,FALSE,FALSE,FALSE,FALSE,FALSE,FALSE
758,8.625,11.367,5.419,11.782,1.881,-1.881,28,24,0,10.800,5.614,4.693,10.800,0.065,6.395,10.800,11.162,6.395,FALSE,FALSE,FALSE,FALSE,FALSE,FALSE,FALSE,FALSE,FALSE
759,8.559,11.680,5.553,11.782,1.965,-1.965,29,24,0,10.800,5.614,4.693,10.800,0.065,6.395,10.800,11.162,6.395,FALSE,FALSE,FALSE,FALSE,FALSE,FALSE,FALSE,FALSE,FALSE
760,8.492,11.993,5.704,11.782,2.098,-2.098,30,24,0,10.800,5.614,4.693,10.800,0.065,6.395,10.800,11.162,6.395,FALSE,FALSE,FALSE,FALSE,FALSE,FALSE,FALSE,FALSE,FALSE
761,8.426,12.306,5.870,11.782,2.227,-2.227,31,24,0,10.800,5.614,4.693,10.800,0.065,6.395,10.800,11.162,6.395,FALSE,FALSE,FALSE,FALSE,FALSE,FALSE,FALSE,FALSE,FALSE
762,8.359,12.619,6.047,11.782,2.701,-2.701,32,24,0,10.800,5.614,4.693,10.800,0.065,6.395,10.800,11.162,6.395,FALSE,FALSE,FALSE,FALSE,FALSE,FALSE,FALSE,FALSE,FALSE
763,10.881,2.917,6.109,11.828,1.933,-1.933,0,25,3,11.250,5.703,4.693,11.250,0.131,6.395,11.250,11.276,6.395,FALSE,FALSE,FALSE,FALSE,FALSE,FALSE,FALSE,FALSE,FALSE
764,10.815,3.230,5.922,11.828,1.648,-1.648,1,25,3,11.250,5.703,4.693,11.250,0.131,6.395,11.250,11.276,6.395,FALSE,FALSE,FALSE,FALSE,FALSE,FALSE,FALSE,FALSE,FALSE
765,10.748,3.543,5.757,11.828,1.391,-1.391,2,25,3,11.250,5.703,4.693,11.250,0.131,6.395,11.250,11.276,6.395,FALSE,FALSE,FALSE,FALSE,FALSE,FALSE,FALSE,FALSE,FALSE
766,10.682,3.856,5.597,11.828,1.154,-1.154,3,25,3,11.250,5.703,4.693,11.250,0.131,6.395,11.250,11.276,6.395,FALSE,FALSE,FALSE,FALSE,FALSE,FALSE,FALSE,FALSE,FALSE
767,10.615,4.169,5.463,11.828,0.988,-0.988,4,25,3,11.250,5.703,4.693,11.250,0.131,6.395,11.250,11.276,6.395,FALSE,FALSE,FALSE,FALSE,FALSE,FALSE,FALSE,FALSE,FALSE
768,10.549,4.482,5.329,11.828,0.863,-0.863,5,25,3,11.250,5.703,4.693,11.250,0.131,6.395,11.250,11.276,6.395,FALSE,FALSE,FALSE,FALSE,FALSE,FALSE,FALSE,FALSE,FALSE
769,10.482,4.795,5.220,11.828,0.788,-0.788,6,25,3,11.250,5.703,4.693,11.250,0.131,6.395,11.250,11.276,6.395,FALSE,FALSE,FALSE,FALSE,FALSE,FALSE,FALSE,FALSE,FALSE
770,10.416,5.108,5.115,11.828,0.737,-0.737,7,25,3,11.250,5.703,4.693,11.250,0.131,6.395,11.250,11.276,6.395,FALSE,FALSE,FALSE,FALSE,FALSE,FALSE,FALSE,FALSE,FALSE
771,10.349,5.421,5.025,11.828,0.706,-0.706,8,25,3,11.250,5.703,4.693,11.250,0.131,6.395,11.250,11.276,6.395,FALSE,FALSE,FALSE,FALSE,FALSE,FALSE,FALSE,FALSE,FALSE
772,10.283,5.734,4.947,11.828,0.697,-0.697,9,25,3,11.250,5.703,4.693,11.250,0.131,6.395,11.250,11.276,6.395,FALSE,FALSE,FALSE,FALSE,FALSE,FALSE,FALSE,FALSE,FALSE
773,10.216,6.047,4.873,11.828,0.732,-0.732,10,25,3,11.250,5.703,4.693,11.250,0.131,6.395,11.250,11.276,6.395,FALSE,FALSE,FALSE,FALSE,FALSE,FALSE,FALSE,FALSE,FALSE
774,10.149,6.360,4.822,11.828,0.836,-0.836,11,25,3,11.250,5.703,4.693,11.250,0.131,6.395,11.250,11.276,6.395,FALSE,FALSE,FALSE,FALSE,FALSE,FALSE,FALSE,FALSE,FALSE
775,10.083,6.673,4.771,11.828,0.919,-0.919,12,25,3,11.250,5.703,4.693,11.250,0.131,6.395,11.250,11.276,6.395,FALSE,FALSE,FALSE,FALSE,FALSE,FALSE,FALSE,FALSE,FALSE
776,10.016,6.986,4.738,11.828,0.962,-0.962,13,25,3,11.250,5.703,4.693,11.250,0.131,6.395,11.250,11.276,6.395,FALSE,FALSE,FALSE,FALSE,FALSE,FALSE,FALSE,FALSE,FALSE
777,9.950,7.299,4.712,11.828,0.951,-0.951,14,25,0,11.250,5.703,4.693,11.250,0.131,6.395,11.250,11.276,6.395,FALSE,FALSE,FALSE,FALSE,FALSE,FALSE,FALSE,FALSE,FALSE
778,9.883,7.612,4.693,11.828,0.881,-0.881,15,25,0,11.250,5.703,4.693,11.250,0.131,6.395,11.250,11.276,6.395,FALSE,FALSE,FALSE,FALSE,FALSE,FALSE,FALSE,FALSE,FALSE
779,9.817,7.925,4.693,11.828,0.790,-0.790,16,25,0,11.250,5.703,4.693,11.250,0.131,6.395,11.250,11.276,6.395,FALSE,FALSE,FALSE,FALSE,FALSE,FALSE,FALSE,FALSE,FALSE
780,9.750,8.238,4.693,11.828,0.692,-0.692,17,25,0,11.250,5.703,4.693,11.250,0.131,6.395,11.250,11.276,6.395,FALSE,FALSE,FALSE,FALSE,FALSE,FALSE,FALSE,FALSE,FALSE
781,9.684,8.551,4.714,11.828,0.756,-0.756,18,25,0,11.250,5.703,4.693,11.250,0.131,6.395,11.250,11.276,6.395,FALSE,FALSE,FALSE,FALSE,FALSE,FALSE,FALSE,FALSE,FALSE
782,9.617,8.864,4.739,11.828,0.969,-0.969,19,25,0,11.250,5.703,4.693,11.250,0.131,6.395,11.250,11.276,6.395,FALSE,FALSE,FALSE,FALSE,FALSE,FALSE,FALSE,FALSE,FALSE
783,9.551,9.177,4.773,11.828,1.509,-1.509,20,25,0,11.250,5.703,4.693,11.250,0.131,6.395,11.250,11.276,6.395,FALSE,FALSE,FALSE,FALSE,FALSE,FALSE,FALSE,FALSE,FALSE
784,9.484,9.490,4.824,11.828,1.772,-1.772,21,25,0,11.250,5.703,4.693,11.250,0.131,6.395,11.250,11.276,6.395,FALSE,FALSE,FALSE,FALSE,FALSE,FALSE,FALSE,FALSE,FALSE
785,9.418,9.803,4.876,11.828,1.960,-1.960,22,25,0,11.250,5.703,4.693,11.250,0.131,6.395,11.250,11.276,6.395,FALSE,FALSE,FALSE,FALSE,FALSE,FALSE,FALSE,FALSE,FALSE
786,9.351,10.116,4.951,11.828,2.024,-2.024,23,25,0,11.250,5.703,4.693,11.250,0.131,6.395,11.250,11.276,6.395,FALSE,FALSE,FALSE,FALSE,FALSE,FALSE,FALSE,FALSE,FALSE
787,9.285,10.429,5.028,11.828,2.011,-2.011,24,25,0,11.250,5.703,4.693,11.250,0.131,6.395,11.250,11.276,6.395,FALSE,FALSE,FALSE,FALSE,FALSE,FALSE,FALSE,FALSE,FALSE
788,9.218,10.742,5.120,11.828,1.912,-1.912,25,25,0,11.250,5.703,4.693,11.250,0.131,6.395,11.250,11.276,6.395,FALSE,FALSE,FALSE,FALSE,FALSE,FALSE,FALSE,FALSE,FALSE
789,9.151,11.055,5.225,11.828,1.747,-1.747,26,25,0,11.250,5.703,4.693,11.250,0.131,6.395,11.250,11.276,6.395,FALSE,FALSE,FALSE,FALSE,FALSE,FALSE,FALSE,FALSE,FALSE
790,9.085,11.368,5.335,11.828,1.710,-1.710,27,25,0,11.250,5.703,4.693,11.250,0.131,6.395,11.250,11.276,6.395,FALSE,FALSE,FALSE,FALSE,FALSE,FALSE,FALSE,FALSE,FALSE
791,9.018,11.681,5.469,11.828,1.798,-1.798,28,25,0,11.250,5.703,4.693,11.250,0.131,6.395,11.250,11.276,6.395,FALSE,FALSE,FALSE,FALSE,FALSE,FALSE,FALSE,FALSE,FALSE
792,8.952,11.994,5.603,11.828,1.933,-1.933,29,25,0,11.250,5.703,4.693,11.250,0.131,6.395,11.250,11.276,6.395,FALSE,FALSE,FALSE,FALSE,FALSE,FALSE,FALSE,FALSE,FALSE
793,8.885,12.307,5.765,11.828,2.099,-2.099,30,25,0,11.250,5.703,4.693,11.250,0.131,6.395,11.250,11.276,6.395,FALSE,FALSE,FALSE,FALSE,FALSE,FALSE,FALSE,FALSE,FALSE
794,8.819,12.620,5.930,11.828,2.356,-2.356,31,25,0,11.250,5.703,4.693,11.250,0.131,6.395,11.250,11.276,6.395,FALSE,FALSE,FALSE,FALSE,FALSE,FALSE,FALSE,FALSE,FALSE
795,8.752,12.933,6.118,11.828,2.996,-2.996,32,25,0,11.250,5.703,4.693,11.250,0.131,6.395,11.250,11.276,6.395,FALSE,FALSE,FALSE,FALSE,FALSE,FALSE,FALSE,FALSE,FALSE
796,11.341,2.920,6.209,11.872,1.990,-1.990,0,26,3,11.700,5.794,4.693,11.700,0.198,6.395,11.700,11.390,6.395,FALSE,FALSE,FALSE,FALSE,FALSE,FALSE,FALSE,FALSE,FALSE
797,11.274,3.233,6.012,11.872,1.684,-1.684,1,26,3,11.700,5.794,4.693,11.700,0.198,6.395,11.700,11.390,6.395,FALSE,FALSE,FALSE,FALSE,FALSE,FALSE,FALSE,FALSE,FALSE
798,11.208,3.546,5.842,11.872,1.397,-1.397,2,26,3,11.700,5.794,4.693,11.700,0.198,6.395,11.700,11.390,6.395,FALSE,FALSE,FALSE,FALSE,FALSE,FALSE,FALSE,FALSE,FALSE
799,11.141,3.859,5.678,11.872,1.129,-1.129,3,26,3,11.700,5.794,4.693,11.700,0.198,6.395,11.700,11.390,6.395,FALSE,FALSE,FALSE,FALSE,FALSE,FALSE,FALSE,FALSE,FALSE
800,11.075,4.172,5.533,11.872,0.931,-0.931,4,26,3,11.700,5.794,4.693,11.700,0.198,6.395,11.700,11.390,6.395,FALSE,FALSE,FALSE,FALSE,FALSE,FALSE,FALSE,FALSE,FALSE
801,11.008,4.485,5.399,11.872,0.809,-0.809,5,26,3,11.700,5.794,4.693,11.700,0.198,6.395,11.700,11.390,6.395,FALSE,FALSE,FALSE,FALSE,FALSE,FALSE,FALSE,FALSE,FALSE
802,10.942,4.798,5.276,11.872,0.727,-0.727,6,26,3,11.700,5.794,4.693,11.700,0.198,6.395,11.700,11.390,6.395,FALSE,FALSE,FALSE,FALSE,FALSE,FALSE,FALSE,FALSE,FALSE
803,10.875,5.111,5.171,11.872,0.674,-0.674,7,26,3,11.700,5.794,4.693,11.700,0.198,6.395,11.700,11.390,6.395,FALSE,FALSE,FALSE,FALSE,FALSE,FALSE,FALSE,FALSE,FALSE
804,10.808,5.424,5.067,11.872,0.638,-0.638,8,26,3,11.700,5.794,4.693,11.700,0.198,6.395,11.700,11.390,6.395,FALSE,FALSE,FALSE,FALSE,FALSE,FALSE,FALSE,FALSE,FALSE
805,10.742,5.737,4.989,11.872,0.636,-0.636,9,26,3,11.700,5.794,4.693,11.700,0.198,6.395,11.700,11.390,6.395,FALSE,FALSE,FALSE,FALSE,FALSE,FALSE,FALSE,FALSE,FALSE
806,10.675,6.050,4.912,11.872,0.660,-0.660,10,26,3,11.700,5.794,4.693,11.700,0.198,6.395,11.700,11.390,6.395,FALSE,FALSE,FALSE,FALSE,FALSE,FALSE,FALSE,FALSE,FALSE
807,10.609,6.363,4.850,11.872,0.753,-0.753,11,26,3,11.700,5.794,4.693,11.700,0.198,6.395,11.700,11.390,6.395,FALSE,FALSE,FALSE,FALSE,FALSE,FALSE,FALSE,FALSE,FALSE
808,10.542,6.676,4.799,11.872,0.831,-0.831,12,26,3,11.700,5.794,4.693,11.700,0.198,6.395,11.700,11.390,6.395,FALSE,FALSE,FALSE,FALSE,FALSE,FALSE,FALSE,FALSE,FALSE
809,10.476,6.989,4.752,11.872,0.837,-0.837,13,26,3,11.700,5.794,4.693,11.700,0.198,6.395,11.700,11.390,6.395,FALSE,FALSE,FALSE,FALSE,FALSE,FALSE,FALSE,FALSE,FALSE
810,10.409,7.302,4.727,11.872,0.787,-0.787,14,26,0,11.700,5.794,4.693,11.700,0.198,6.395,11.700,11.390,6.395,FALSE,FALSE,FALSE,FALSE,FALSE,FALSE,FALSE,FALSE,FALSE
811,10.343,7.615,4.701,11.872,0.656,-0.656,15,26,0,11.700,5.794,4.693,11.700,0.198,6.395,11.700,11.390,6.395,FALSE,FALSE,FALSE,FALSE,FALSE,FALSE,FALSE,FALSE,FALSE
812,10.276,7.928,4.693,11.872,0.512,-0.512,16,26,0,11.700,5.794,4.693,11.700,0.198,6.395,11.700,11.390,6.395,FALSE,FALSE,FALSE,FALSE,FALSE,FALSE,FALSE,FALSE,FALSE
813,10.210,8.241,4.693,11.872,0.425,-0.425,17,26,0,11.700,5.794,4.693,11.700,0.198,6.395,11.700,11.390,6.395,FALSE,FALSE,FALSE,FALSE,FALSE,FALSE,FALSE,FALSE,FALSE
814,10.143,8.554,4.699,11.872,0.396,-0.396,18,26,0,11.700,5.794,4.693,11.700,0.198,6.395,11.700,11.390,6.395,FALSE,FALSE,FALSE,FALSE,FALSE,FALSE,FALSE,FALSE,FALSE
815,10.077,8.867,4.724,11.872,0.539,-0.539,19,26,0,11.700,5.794,4.693,11.700,0.198,6.395,11.700,11.390,6.395,FALSE,FALSE,FALSE,FALSE,FALSE,FALSE,FALSE,FALSE,FALSE
816,10.010,9.180,4.750,11.872,0.851,-0.851,20,26,0,11.700,5.794,4.693,11.700,0.198,6.395,11.700,11.390,6.395,FALSE,FALSE,FALSE,FALSE,FALSE,FALSE,FALSE,FALSE,FALSE
817,9.944,9.493,4.794,11.872,1.307,-1.307,21,26,0,11.700,5.794,4.693,11.700,0.198,6.395,11.700,11.390,6.395,FALSE,FALSE,FALSE,FALSE,FALSE,FALSE,FALSE,FALSE,FALSE
818,9.877,9.806,4.845,11.872,1.553,-1.553,22,26,0,11.700,5.794,4.693,11.700,0.198,6.395,11.700,11.390,6.395,FALSE,FALSE,FALSE,FALSE,FALSE,FALSE,FALSE,FALSE,FALSE
819,9.810,10.119,4.904,11.872,1.689,-1.689,23,26,0,11.700,5.794,4.693,11.700,0.198,6.395,11.700,11.390,6.395,FALSE,FALSE,FALSE,FALSE,FALSE,FALSE,FALSE,FALSE,FALSE
820,9.744,10.432,4.981,11.872,1.715,-1.715,24,26,0,11.700,5.794,4.693,11.700,0.198,6.395,11.700,11.390,6.395,FALSE,FALSE,FALSE,FALSE,FALSE,FALSE,FALSE,FALSE,FALSE
821,9.677,10.745,5.059,11.872,1.644,-1.644,25,26,0,11.700,5.794,4.693,11.700,0.198,6.395,11.700,11.390,6.395,FALSE,FALSE,FALSE,FALSE,FALSE,FALSE,FALSE,FALSE,FALSE
822,9.611,11.058,5.161,11.872,1.497,-1.497,26,26,0,11.700,5.794,4.693,11.700,0.198,6.395,11.700,11.390,6.395,FALSE,FALSE,FALSE,FALSE,FALSE,FALSE,FALSE,FALSE,FALSE
823,9.544,11.371,5.265,11.872,1.445,-1.445,27,26,0,11.700,5.794,4.693,11.700,0.198,6.395,11.700,11.390,6.395,FALSE,FALSE,FALSE,FALSE,FALSE,FALSE,FALSE,FALSE,FALSE
824,9.478,11.684,5.386,11.872,1.522,-1.522,28,26,0,11.700,5.794,4.693,11.700,0.198,6.395,11.700,11.390,6.395,FALSE,FALSE,FALSE,FALSE,FALSE,FALSE,FALSE,FALSE,FALSE
825,9.411,11.997,5.519,11.872,1.714,-1.714,29,26,0,11.700,5.794,4.693,11.700,0.198,6.395,11.700,11.390,6.395,FALSE,FALSE,FALSE,FALSE,FALSE,FALSE,FALSE,FALSE,FALSE
826,9.345,12.310,5.661,11.872,1.922,-1.922,30,26,0,11.700,5.794,4.693,11.700,0.198,6.395,11.700,11.390,6.395,FALSE,FALSE,FALSE,FALSE,FALSE,FALSE,FALSE,FALSE,FALSE
827,9.278,12.623,5.825,11.872,2.132,-2.132,31,26,0,11.700,5.794,4.693,11.700,0.198,6.395,11.700,11.390,6.395,FALSE,FALSE,FALSE,FALSE,FALSE,FALSE,FALSE,FALSE,FALSE
828,9.212,12.936,5.992,11.872,2.587,-2.587,32,26,0,11.700,5.794,4.693,11.700,0.198,6.395,11.700,11.390,6.395,FALSE,FALSE,FALSE,FALSE,FALSE,FALSE,FALSE,FALSE,FALSE
829,9.145,13.249,6.190,11.872,3.179,-3.179,33,26,0,11.700,5.794,4.693,11.700,0.198,6.395,11.700,11.390,6.395,FALSE,FALSE,FALSE,FALSE,FALSE,FALSE,FALSE,FALSE,FALSE
830,11.733,3.239,6.112,11.914,1.740,-1.740,0,27,3,12.150,5.887,4.693,12.150,0.269,6.395,12.150,11.505,6.395,FALSE,FALSE,FALSE,FALSE,FALSE,FALSE,FALSE,FALSE,FALSE
831,11.666,3.552,5.926,11.914,1.383,-1.383,1,27,3,12.150,5.887,4.693,12.150,0.269,6.395,12.150,11.505,6.395,FALSE,FALSE,FALSE,FALSE,FALSE,FALSE,FALSE,FALSE,FALSE
832,11.600,3.865,5.762,11.914,1.081,-1.081,2,27,3,12.150,5.887,4.693,12.150,0.269,6.395,12.150,11.505,6.395,FALSE,FALSE,FALSE,FALSE,FALSE,FALSE,FALSE,FALSE,FALSE
833,11.533,4.178,5.602,11.914,0.806,-0.806,3,27,3,12.150,5.887,4.693,12.150,0.269,6.395,12.150,11.505,6.395,FALSE,FALSE,FALSE,FALSE,FALSE,FALSE,FALSE,FALSE,FALSE
834,11.467,4.491,5.469,11.914,0.642,-0.642,4,27,3,12.150,5.887,4.693,12.150,0.269,6.395,12.150,11.505,6.395,FALSE,FALSE,FALSE,FALSE,FALSE,FALSE,FALSE,FALSE,FALSE
835,11.400,4.804,5.336,11.914,0.527,-0.527,5,27,3,12.150,5.887,4.693,12.150,0.269,6.395,12.150,11.505,6.395,FALSE,FALSE,FALSE,FALSE,FALSE,FALSE,FALSE,FALSE,FALSE
836,11.334,5.117,5.227,11.914,0.473,-0.473,6,27,3,12.150,5.887,4.693,12.150,0.269,6.395,12.150,11.505,6.395,FALSE,FALSE,FALSE,FALSE,FALSE,FALSE,FALSE,FALSE,FALSE
837,11.267,5.430,5.123,11.914,0.440,-0.440,7,27,3,12.150,5.887,4.693,12.150,0.269,6.395,12.150,11.505,6.395,FALSE,FALSE,FALSE,FALSE,FALSE,FALSE,FALSE,FALSE,FALSE
838,11.201,5.743,5.031,11.914,0.431,-0.431,8,27,3,12.150,5.887,4.693,12.150,0.269,6.395,12.150,11.505,6.395,FALSE,FALSE,FALSE,FALSE,FALSE,FALSE,FALSE,FALSE,FALSE
839,11.134,6.056,4.954,11.914,0.447,-0.447,9,27,3,12.150,5.887,4.693,12.150,0.269,6.395,12.150,11.505,6.395,FALSE,FALSE,FALSE,FALSE,FALSE,FALSE,FALSE,FALSE,FALSE
840,11.068,6.369,4.878,11.914,0.503,-0.503,10,27,3,12.150,5.887,4.693,12.150,0.269,6.395,12.150,11.505,6.395,FALSE,FALSE,FALSE,FALSE,FALSE,FALSE,FALSE,FALSE,FALSE
841,11.001,6.682,4.827,11.914,0.610,-0.610,11,27,3,12.150,5.887,4.693,12.150,0.269,6.395,12.150,11.505,6.395,FALSE,FALSE,FALSE,FALSE,FALSE,FALSE,FALSE,FALSE,FALSE
842,10.935,6.995,4.776,11.914,0.683,-0.683,12,27,3,12.150,5.887,4.693,12.150,0.269,6.395,12.150,11.505,6.395,FALSE,FALSE,FALSE,FALSE,FALSE,FALSE,FALSE,FALSE,FALSE
843,10.868,7.308,4.741,11.914,0.661,-0.661,13,27,0,12.150,5.887,4.693,12.150,0.269,6.395,12.150,11.505,6.395,FALSE,FALSE,FALSE,FALSE,FALSE,FALSE,FALSE,FALSE,FALSE
844,10.802,7.621,4.716,11.914,0.513,-0.513,14,27,0,12.150,5.887,4.693,12.150,0.269,6.395,12.150,11.505,6.395,FALSE,FALSE,FALSE,FALSE,FALSE,FALSE,FALSE,FALSE,FALSE
845,10.735,7.934,4.693,11.914,0.293,-0.293,15,27,0,12.150,5.887,4.693,12.150,0.269,6.395,12.150,11.505,6.395,FALSE,FALSE,FALSE,FALSE,FALSE,FALSE,FALSE,FALSE,FALSE
846,10.669,8.247,4.693,11.914,0.171,-0.171,16,27,0,12.150,5.887,4.693,12.150,0.269,6.395,12.150,11.505,6.395,FALSE,FALSE,FALSE,FALSE,FALSE,FALSE,FALSE,FALSE,FALSE
847,10.602,8.560,4.693,11.914,0.126,-0.126,17,27,0,12.150,5.887,4.693,12.150,0.269,6.395,12.150,11.505,6.395,FALSE,FALSE,FALSE,FALSE,FALSE,FALSE,FALSE,FALSE,FALSE
848,10.535,8.873,4.710,11.914,0.222,-0.222,18,27,0,12.150,5.887,4.693,12.150,0.269,6.395,12.150,11.505,6.395,FALSE,FALSE,FALSE,FALSE,FALSE,FALSE,FALSE,FALSE,FALSE
849,10.469,9.186,4.735,11.914,0.389,-0.389,19,27,0,12.150,5.887,4.693,12.150,0.269,6.395,12.150,11.505,6.395,FALSE,FALSE,FALSE,FALSE,FALSE,FALSE,FALSE,FALSE,FALSE
850,10.402,9.499,4.764,11.914,0.716,-0.716,20,27,0,12.150,5.887,4.693,12.150,0.269,6.395,12.150,11.505,6.395,FALSE,FALSE,FALSE,FALSE,FALSE,FALSE,FALSE,FALSE,FALSE
851,10.336,9.812,4.815,11.914,1.005,-1.005,21,27,0,12.150,5.887,4.693,12.150,0.269,6.395,12.150,11.505,6.395,FALSE,FALSE,FALSE,FALSE,FALSE,FALSE,FALSE,FALSE,FALSE
852,10.269,10.125,4.866,11.914,1.187,-1.187,22,27,0,12.150,5.887,4.693,12.150,0.269,6.395,12.150,11.505,6.395,FALSE,FALSE,FALSE,FALSE,FALSE,FALSE,FALSE,FALSE,FALSE
853,10.203,10.438,4.936,11.914,1.250,-1.250,23,27,0,12.150,5.887,4.693,12.150,0.269,6.395,12.150,11.505,6.395,FALSE,FALSE,FALSE,FALSE,FALSE,FALSE,FALSE,FALSE,FALSE
854,10.136,10.751,5.013,11.914,1.208,-1.208,24,27,0,12.150,5.887,4.693,12.150,0.269,6.395,12.150,11.505,6.395,FALSE,FALSE,FALSE,FALSE,FALSE,FALSE,FALSE,FALSE,FALSE
855,10.070,11.064,5.098,11.914,1.089,-1.089,25,27,0,12.150,5.887,4.693,12.150,0.269,6.395,12.150,11.505,6.395,FALSE,FALSE,FALSE,FALSE,FALSE,FALSE,FALSE,FALSE,FALSE
856,10.003,11.377,5.202,11.914,1.048,-1.048,26,27,0,12.150,5.887,4.693,12.150,0.269,6.395,12.150,11.505,6.395,FALSE,FALSE,FALSE,FALSE,FALSE,FALSE,FALSE,FALSE,FALSE
857,9.937,11.690,5.306,11.914,1.119,-1.119,27,27,0,12.150,5.887,4.693,12.150,0.269,6.395,12.150,11.505,6.395,FALSE,FALSE,FALSE,FALSE,FALSE,FALSE,FALSE,FALSE,FALSE
858,9.870,12.003,5.438,11.914,1.336,-1.336,28,27,0,12.150,5.887,4.693,12.150,0.269,6.395,12.150,11.505,6.395,FALSE,FALSE,FALSE,FALSE,FALSE,FALSE,FALSE,FALSE,FALSE
859,9.804,12.316,5.570,11.914,1.637,-1.637,29,27,0,12.150,5.887,4.693,12.150,0.269,6.395,12.150,11.505,6.395,FALSE,FALSE,FALSE,FALSE,FALSE,FALSE,FALSE,FALSE,FALSE
860,9.737,12.629,5.723,11.914,1.923,-1.923,30,27,0,12.150,5.887,4.693,12.150,0.269,6.395,12.150,11.505,6.395,FALSE,FALSE,FALSE,FALSE,FALSE,FALSE,FALSE,FALSE,FALSE
861,9.671,12.942,5.887,11.914,2.252,-2.252,31,27,0,12.150,5.887,4.693,12.150,0.269,6.395,12.150,11.505,6.395,FALSE,FALSE,FALSE,FALSE,FALSE,FALSE,FALSE,FALSE,FALSE
862,9.604,13.255,6.065,11.914,2.814,-2.814,32,27,0,12.150,5.887,4.693,12.150,0.269,6.395,12.150,11.505,6.395,FALSE,FALSE,FALSE,FALSE,FALSE,FALSE,FALSE,FALSE,FALSE
863,-184.902,-20.529,-3.010,0.000,0.000,0.000,0,0,0,0.000,0.000,0.000,0.000,0.000,0.000,0.000,0.000,0.000,FALSE,FALSE,FALSE,FALSE,TRUE,FALSE,FALSE,FALSE,FALSE
864,-183.902,-20.529,-3.010,0.000,0.000,0.000,0,0,0,0.000,0.000,0.000,0.000,0.000,0.000,0.000,0.000,0.000,FALSE,FALSE,FALSE,FALSE,FALSE,TRUE,FALSE,FALSE,FALSE
865,-184.902,-20.529,-2.010,0.000,0.000,0.000,0,0,0,0.000,0.000,0.000,0.000,0.000,0.000,0.000,0.000,0.000,FALSE,FALSE,FALSE,FALSE,FALSE,FALSE,FALSE,TRUE,TRUE
866,-184.902,-19.529,-3.010,0.000,0.000,0.000,0,0,0,0.000,0.000,0.000,0.000,0.000,0.000,0.000,0.000,0.000,FALSE,FALSE,FALSE,FALSE,FALSE,FALSE,TRUE,FALSE,FALSE
867,0.000,0.000,0.000,0.000,0.000,0.000,0,0,0,0.000,0.000,0.000,0.000,0.000,0.000,0.000,0.000,0.000,TRUE,FALSE,FALSE,FALSE,FALSE,FALSE,FALSE,FALSE,FALSE
868,1.000,0.000,0.000,0.000,0.000,0.000,0,0,0,0.000,0.000,0.000,0.000,0.000,0.000,0.000,0.000,0.000,FALSE,FALSE,FALSE,TRUE,FALSE,FALSE,FALSE,FALSE,FALSE
869,0.000,0.000,1.000,0.000,0.000,0.000,0,0,0,0.000,0.000,0.000,0.000,0.000,0.000,0.000,0.000,0.000,FALSE,TRUE,FALSE,FALSE,FALSE,FALSE,FALSE,FALSE,FALSE
870,0.000,1.000,0.000,0.000,0.000,0.000,0,0,0,0.000,0.000,0.000,0.000,0.000,0.000,0.000,0.000,0.000,FALSE,FALSE,TRUE,FALSE,FALSE,FALSE,FALSE,FALSE,FALSE