index,position_x,position_y,position_z,pitchy,pitchx,Caten-length_walltowall,Bulbcablelength(M),CatenToFloor,LineID,countx,Universe,bulbonline,cat_sagcenter_pt_x,cat_sagcenter_pt_y,cat_sagcenter_pt_z,cat_endpoint1_x,cat_endpoint1_y,cat_endpoint1_z,cat_endpoint2_x,cat_endpoint2_y,cat_endpoint2_z,globalposition_x,globalposition_y,globalposition_z,AmI_0axis_IndicatorGlobal,AmI_Xaxis_indicatorGlobal,AmI_Yaxis_indicatorGlobal,AmI_Zaxis_indicatorGlobal,AmI_Xaxis_indicatorLocal,AmI_Zaxis_indicatorLocal,AmI_0axis_IndicatorLocal,AmI_Yaxis_indicatorLocal
0,-0.014,0.066,6.221,0.320,0.450,11.471,2.731,-2.731,0,28,2,0,-1.077,5.068,4.693,0.042,-0.197,6.395,-2.197,10.336,6.395,184.902,20.529,3.010,False,False,False,False,False,False,False,False
1,-0.070,0.329,6.047,0.320,0.450,11.471,2.196,-2.196,0,28,2,1,-1.077,5.068,4.693,0.042,-0.197,6.395,-2.197,10.336,6.395,184.902,20.529,3.010,False,False,False,False,False,False,False,False
2,-0.127,0.600,5.887,0.320,0.450,11.471,1.665,-1.665,0,28,2,2,-1.077,5.068,4.693,0.042,-0.197,6.395,-2.197,10.336,6.395,184.902,20.529,3.010,False,False,False,False,False,False,False,False
3,-0.186,0.875,5.736,0.320,0.450,11.471,1.177,-1.177,0,28,2,3,-1.077,5.068,4.693,0.042,-0.197,6.395,-2.197,10.336,6.395,184.902,20.529,3.010,False,False,False,False,False,False,False,False
4,-0.245,1.154,5.590,0.320,0.450,11.471,0.878,-0.878,0,28,2,4,-1.077,5.068,4.693,0.042,-0.197,6.395,-2.197,10.336,6.395,184.902,20.529,3.010,False,False,False,False,False,False,False,False
5,-0.306,1.441,5.463,0.320,0.450,11.471,0.758,-0.758,0,28,2,5,-1.077,5.068,4.693,0.042,-0.197,6.395,-2.197,10.336,6.395,184.902,20.529,3.010,False,False,False,False,False,False,False,False
6,-0.367,1.728,5.335,0.320,0.450,11.471,0.789,-0.789,0,28,2,6,-1.077,5.068,4.693,0.042,-0.197,6.395,-2.197,10.336,6.395,184.902,20.529,3.010,False,False,False,False,False,False,False,False
7,-0.430,2.023,5.228,0.320,0.450,11.471,0.940,-0.940,0,28,2,7,-1.077,5.068,4.693,0.042,-0.197,6.395,-2.197,10.336,6.395,184.902,20.529,3.010,False,False,False,False,False,False,False,False
8,-0.493,2.319,5.125,0.320,0.450,11.471,1.217,-1.217,0,28,2,8,-1.077,5.068,4.693,0.042,-0.197,6.395,-2.197,10.336,6.395,184.902,20.529,3.010,False,False,False,False,False,False,False,False
9,-0.557,2.619,5.033,0.320,0.450,11.471,1.611,-1.611,0,28,2,9,-1.077,5.068,4.693,0.042,-0.197,6.395,-2.197,10.336,6.395,184.902,20.529,3.010,False,False,False,False,False,False,False,False
10,-0.621,2.922,4.955,0.320,0.450,11.471,1.877,-1.877,0,28,2,10,-1.077,5.068,4.693,0.042,-0.197,6.395,-2.197,10.336,6.395,184.902,20.529,3.010,False,False,False,False,False,False,False,False
11,-0.686,3.226,4.878,0.320,0.450,11.471,1.841,-1.841,0,28,2,11,-1.077,5.068,4.693,0.042,-0.197,6.395,-2.197,10.336,6.395,184.902,20.529,3.010,False,False,False,False,False,False,False,False
12,-0.751,3.535,4.826,0.320,0.450,11.471,1.686,-1.686,0,28,2,12,-1.077,5.068,4.693,0.042,-0.197,6.395,-2.197,10.336,6.395,184.902,20.529,3.010,False,False,False,False,False,False,False,False
13,-0.817,3.844,4.774,0.320,0.450,11.471,1.428,-1.428,0,28,2,13,-1.077,5.068,4.693,0.042,-0.197,6.395,-2.197,10.336,6.395,184.902,20.529,3.010,False,False,False,False,False,False,False,False
14,-0.883,4.155,4.739,0.320,0.450,11.471,1.147,-1.147,0,28,2,14,-1.077,5.068,4.693,0.042,-0.197,6.395,-2.197,10.336,6.395,184.902,20.529,3.010,False,False,False,False,False,False,False,False
15,-0.949,4.466,4.713,0.320,0.450,11.471,0.990,-0.990,0,28,2,15,-1.077,5.068,4.693,0.042,-0.197,6.395,-2.197,10.336,6.395,184.902,20.529,3.010,False,False,False,False,False,False,False,False
16,-1.016,4.778,4.693,0.320,0.450,11.471,0.895,-0.895,0,28,1,16,-1.077,5.068,4.693,0.042,-0.197,6.395,-2.197,10.336,6.395,184.902,20.529,3.010,False,False,False,False,False,False,False,False
17,-1.082,5.091,4.693,0.320,0.450,11.471,0.734,-0.734,0,28,1,17,-1.077,5.068,4.693,0.042,-0.197,6.395,-2.197,10.336,6.395,184.902,20.529,3.010,False,False,False,False,False,False,False,False
18,-1.149,5.404,4.693,0.320,0.450,11.471,0.502,-0.502,0,28,1,18,-1.077,5.068,4.693,0.042,-0.197,6.395,-2.197,10.336,6.395,184.902,20.529,3.010,False,False,False,False,False,False,False,False
19,-1.215,5.716,4.716,0.320,0.450,11.471,0.304,-0.304,0,28,1,19,-1.077,5.068,4.693,0.042,-0.197,6.395,-2.197,10.336,6.395,184.902,20.529,3.010,False,False,False,False,False,False,False,False
20,-1.281,6.028,4.743,0.320,0.450,11.471,0.158,-0.158,0,28,1,20,-1.077,5.068,4.693,0.042,-0.197,6.395,-2.197,10.336,6.395,184.902,20.529,3.010,False,False,False,False,False,False,False,False
21,-1.347,6.338,4.781,0.320,0.450,11.471,0.103,-0.103,0,28,1,21,-1.077,5.068,4.693,0.042,-0.197,6.395,-2.197,10.336,6.395,184.902,20.529,3.010,False,False,False,False,False,False,False,False
22,-1.413,6.647,4.834,0.320,0.450,11.471,0.123,-0.123,0,28,1,22,-1.077,5.068,4.693,0.042,-0.197,6.395,-2.197,10.336,6.395,184.902,20.529,3.010,False,False,False,False,False,False,False,False
23,-1.479,6.956,4.888,0.320,0.450,11.471,0.193,-0.193,0,28,1,23,-1.077,5.068,4.693,0.042,-0.197,6.395,-2.197,10.336,6.395,184.902,20.529,3.010,False,False,False,False,False,False,False,False
24,-1.543,7.260,4.966,0.320,0.450,11.471,0.340,-0.340,0,28,1,24,-1.077,5.068,4.693,0.042,-0.197,6.395,-2.197,10.336,6.395,184.902,20.529,3.010,False,False,False,False,False,False,False,False
25,-1.608,7.564,5.044,0.320,0.450,11.471,0.526,-0.526,0,28,1,25,-1.077,5.068,4.693,0.042,-0.197,6.395,-2.197,10.336,6.395,184.902,20.529,3.010,False,False,False,False,False,False,False,False
26,-1.671,7.862,5.140,0.320,0.450,11.471,0.772,-0.772,0,28,1,26,-1.077,5.068,4.693,0.042,-0.197,6.395,-2.197,10.336,6.395,184.902,20.529,3.010,False,False,False,False,False,False,False,False
27,-1.734,8.159,5.243,0.320,0.450,11.471,1.062,-1.062,0,28,1,27,-1.077,5.068,4.693,0.042,-0.197,6.395,-2.197,10.336,6.395,184.902,20.529,3.010,False,False,False,False,False,False,False,False
28,-1.797,8.453,5.354,0.320,0.450,11.471,1.387,-1.387,0,28,1,28,-1.077,5.068,4.693,0.042,-0.197,6.395,-2.197,10.336,6.395,184.902,20.529,3.010,False,False,False,False,False,False,False,False
29,-1.858,8.740,5.482,0.320,0.450,11.471,1.744,-1.744,0,28,1,29,-1.077,5.068,4.693,0.042,-0.197,6.395,-2.197,10.336,6.395,184.902,20.529,3.010,False,False,False,False,False,False,False,False
30,-1.919,9.027,5.609,0.320,0.450,11.471,2.096,-2.096,0,28,1,30,-1.077,5.068,4.693,0.042,-0.197,6.395,-2.197,10.336,6.395,184.902,20.529,3.010,False,False,False,False,False,False,False,False
31,-1.978,9.304,5.759,0.320,0.450,11.471,2.450,-2.450,0,28,1,31,-1.077,5.068,4.693,0.042,-0.197,6.395,-2.197,10.336,6.395,184.902,20.529,3.010,False,False,False,False,False,False,False,False
32,-2.036,9.581,5.910,0.320,0.450,11.471,2.789,-2.789,0,28,1,32,-1.077,5.068,4.693,0.042,-0.197,6.395,-2.197,10.336,6.395,184.902,20.529,3.010,False,False,False,False,False,False,False,False
33,-2.094,9.850,6.074,0.320,0.450,11.471,3.115,-3.115,0,28,1,33,-1.077,5.068,4.693,0.042,-0.197,6.395,-2.197,10.336,6.395,184.902,20.529,3.010,False,False,False,False,False,False,False,False
34,0.412,0.224,6.135,0.320,0.450,11.512,2.520,-2.520,1,28,2,0,-0.627,5.115,4.693,0.496,-0.171,6.395,-1.751,10.404,6.395,184.902,20.529,3.010,False,False,False,False,False,False,False,False
35,0.356,0.489,5.964,0.320,0.450,11.512,2.054,-2.054,1,28,2,1,-0.627,5.115,4.693,0.496,-0.171,6.395,-1.751,10.404,6.395,184.902,20.529,3.010,False,False,False,False,False,False,False,False
36,0.297,0.765,5.814,0.320,0.450,11.512,1.633,-1.633,1,28,2,2,-0.627,5.115,4.693,0.496,-0.171,6.395,-1.751,10.404,6.395,184.902,20.529,3.010,False,False,False,False,False,False,False,False
37,0.239,1.041,5.663,0.320,0.450,11.512,1.230,-1.230,1,28,2,3,-0.627,5.115,4.693,0.496,-0.171,6.395,-1.751,10.404,6.395,184.902,20.529,3.010,False,False,False,False,False,False,False,False
38,0.178,1.325,5.529,0.320,0.450,11.512,1.089,-1.089,1,28,2,4,-0.627,5.115,4.693,0.496,-0.171,6.395,-1.751,10.404,6.395,184.902,20.529,3.010,False,False,False,False,False,False,False,False
39,0.117,1.612,5.402,0.320,0.450,11.512,1.117,-1.117,1,28,2,5,-0.627,5.115,4.693,0.496,-0.171,6.395,-1.751,10.404,6.395,184.902,20.529,3.010,False,False,False,False,False,False,False,False
40,0.056,1.902,5.282,0.320,0.450,11.512,1.242,-1.242,1,28,2,6,-0.627,5.115,4.693,0.496,-0.171,6.395,-1.751,10.404,6.395,184.902,20.529,3.010,False,False,False,False,False,False,False,False
41,-0.007,2.199,5.180,0.320,0.450,11.512,1.414,-1.414,1,28,2,7,-0.627,5.115,4.693,0.496,-0.171,6.395,-1.751,10.404,6.395,184.902,20.529,3.010,False,False,False,False,False,False,False,False
42,-0.070,2.495,5.077,0.320,0.450,11.512,1.735,-1.735,1,28,2,8,-0.627,5.115,4.693,0.496,-0.171,6.395,-1.751,10.404,6.395,184.902,20.529,3.010,False,False,False,False,False,False,False,False
43,-0.135,2.798,4.997,0.320,0.450,11.512,1.953,-1.953,1,28,2,9,-0.627,5.115,4.693,0.496,-0.171,6.395,-1.751,10.404,6.395,184.902,20.529,3.010,False,False,False,False,False,False,False,False
44,-0.199,3.102,4.919,0.320,0.450,11.512,2.035,-2.035,1,28,2,10,-0.627,5.115,4.693,0.496,-0.171,6.395,-1.751,10.404,6.395,184.902,20.529,3.010,False,False,False,False,False,False,False,False
45,-0.264,3.408,4.855,0.320,0.450,11.512,1.945,-1.945,1,28,2,11,-0.627,5.115,4.693,0.496,-0.171,6.395,-1.751,10.404,6.395,184.902,20.529,3.010,False,False,False,False,False,False,False,False
46,-0.330,3.717,4.803,0.320,0.450,11.512,1.735,-1.735,1,28,2,12,-0.627,5.115,4.693,0.496,-0.171,6.395,-1.751,10.404,6.395,184.902,20.529,3.010,False,False,False,False,False,False,False,False
47,-0.396,4.026,4.753,0.320,0.450,11.512,1.399,-1.399,1,28,2,13,-0.627,5.115,4.693,0.496,-0.171,6.395,-1.751,10.404,6.395,184.902,20.529,3.010,False,False,False,False,False,False,False,False
48,-0.462,4.338,4.727,0.320,0.450,11.512,1.151,-1.151,1,28,2,14,-0.627,5.115,4.693,0.496,-0.171,6.395,-1.751,10.404,6.395,184.902,20.529,3.010,False,False,False,False,False,False,False,False
49,-0.528,4.650,4.701,0.320,0.450,11.512,0.993,-0.993,1,28,2,15,-0.627,5.115,4.693,0.496,-0.171,6.395,-1.751,10.404,6.395,184.902,20.529,3.010,False,False,False,False,False,False,False,False
50,-0.595,4.962,4.693,0.320,0.450,11.512,0.903,-0.903,1,28,1,16,-0.627,5.115,4.693,0.496,-0.171,6.395,-1.751,10.404,6.395,184.902,20.529,3.010,False,False,False,False,False,False,False,False
51,-0.661,5.275,4.693,0.320,0.450,11.512,0.713,-0.713,1,28,1,17,-0.627,5.115,4.693,0.496,-0.171,6.395,-1.751,10.404,6.395,184.902,20.529,3.010,False,False,False,False,False,False,False,False
52,-0.728,5.588,4.701,0.320,0.450,11.512,0.454,-0.454,1,28,1,18,-0.627,5.115,4.693,0.496,-0.171,6.395,-1.751,10.404,6.395,184.902,20.529,3.010,False,False,False,False,False,False,False,False
53,-0.794,5.899,4.728,0.320,0.450,11.512,0.261,-0.261,1,28,1,19,-0.627,5.115,4.693,0.496,-0.171,6.395,-1.751,10.404,6.395,184.902,20.529,3.010,False,False,False,False,False,False,False,False
54,-0.860,6.211,4.754,0.320,0.450,11.512,0.123,-0.123,1,28,1,20,-0.627,5.115,4.693,0.496,-0.171,6.395,-1.751,10.404,6.395,184.902,20.529,3.010,False,False,False,False,False,False,False,False
55,-0.926,6.521,4.803,0.320,0.450,11.512,0.080,-0.080,1,28,1,21,-0.627,5.115,4.693,0.496,-0.171,6.395,-1.751,10.404,6.395,184.902,20.529,3.010,False,False,False,False,False,False,False,False
56,-0.992,6.830,4.855,0.320,0.450,11.512,0.111,-0.111,1,28,1,22,-0.627,5.115,4.693,0.496,-0.171,6.395,-1.751,10.404,6.395,184.902,20.529,3.010,False,False,False,False,False,False,False,False
57,-1.057,7.136,4.920,0.320,0.450,11.512,0.216,-0.216,1,28,1,23,-0.627,5.115,4.693,0.496,-0.171,6.395,-1.751,10.404,6.395,184.902,20.529,3.010,False,False,False,False,False,False,False,False
58,-1.121,7.440,4.998,0.320,0.450,11.512,0.354,-0.354,1,28,1,24,-0.627,5.115,4.693,0.496,-0.171,6.395,-1.751,10.404,6.395,184.902,20.529,3.010,False,False,False,False,False,False,False,False
59,-1.186,7.743,5.079,0.320,0.450,11.512,0.525,-0.525,1,28,1,25,-0.627,5.115,4.693,0.496,-0.171,6.395,-1.751,10.404,6.395,184.902,20.529,3.010,False,False,False,False,False,False,False,False
60,-1.249,8.040,5.181,0.320,0.450,11.512,0.778,-0.778,1,28,1,26,-0.627,5.115,4.693,0.496,-0.171,6.395,-1.751,10.404,6.395,184.902,20.529,3.010,False,False,False,False,False,False,False,False
61,-1.312,8.337,5.284,0.320,0.450,11.512,1.078,-1.078,1,28,1,27,-0.627,5.115,4.693,0.496,-0.171,6.395,-1.751,10.404,6.395,184.902,20.529,3.010,False,False,False,False,False,False,False,False
62,-1.374,8.627,5.405,0.320,0.450,11.512,1.415,-1.415,1,28,1,28,-0.627,5.115,4.693,0.496,-0.171,6.395,-1.751,10.404,6.395,184.902,20.529,3.010,False,False,False,False,False,False,False,False
63,-1.435,8.914,5.532,0.320,0.450,11.512,1.777,-1.777,1,28,1,29,-0.627,5.115,4.693,0.496,-0.171,6.395,-1.751,10.404,6.395,184.902,20.529,3.010,False,False,False,False,False,False,False,False
64,-1.495,9.198,5.666,0.320,0.450,11.512,2.155,-2.155,1,28,1,30,-0.627,5.115,4.693,0.496,-0.171,6.395,-1.751,10.404,6.395,184.902,20.529,3.010,False,False,False,False,False,False,False,False
65,-1.554,9.475,5.817,0.320,0.450,11.512,2.493,-2.493,1,28,1,31,-0.627,5.115,4.693,0.496,-0.171,6.395,-1.751,10.404,6.395,184.902,20.529,3.010,False,False,False,False,False,False,False,False
66,-1.613,9.752,5.968,0.320,0.450,11.512,2.850,-2.850,1,28,1,32,-0.627,5.115,4.693,0.496,-0.171,6.395,-1.751,10.404,6.395,184.902,20.529,3.010,False,False,False,False,False,False,False,False
67,-1.669,10.016,6.139,0.320,0.450,11.512,3.227,-3.227,1,28,1,33,-0.627,5.115,4.693,0.496,-0.171,6.395,-1.751,10.404,6.395,184.902,20.529,3.010,False,False,False,False,False,False,False,False
68,0.895,0.120,6.222,0.320,0.450,11.556,2.679,-2.679,2,28,2,0,-0.178,5.164,4.693,0.951,-0.144,6.395,-1.306,10.475,6.395,184.902,20.529,3.010,False,False,False,False,False,False,False,False
69,0.839,0.383,6.050,0.320,0.450,11.556,2.319,-2.319,2,28,2,1,-0.178,5.164,4.693,0.951,-0.144,6.395,-1.306,10.475,6.395,184.902,20.529,3.010,False,False,False,False,False,False,False,False
70,0.781,0.655,5.890,0.320,0.450,11.556,1.948,-1.948,2,28,2,2,-0.178,5.164,4.693,0.951,-0.144,6.395,-1.306,10.475,6.395,184.902,20.529,3.010,False,False,False,False,False,False,False,False
71,0.722,0.931,5.740,0.320,0.450,11.556,1.604,-1.604,2,28,2,3,-0.178,5.164,4.693,0.951,-0.144,6.395,-1.306,10.475,6.395,184.902,20.529,3.010,False,False,False,False,False,False,False,False
72,0.663,1.210,5.595,0.320,0.450,11.556,1.398,-1.398,2,28,2,4,-0.178,5.164,4.693,0.951,-0.144,6.395,-1.306,10.475,6.395,184.902,20.529,3.010,False,False,False,False,False,False,False,False
73,0.602,1.497,5.468,0.320,0.450,11.556,1.324,-1.324,2,28,2,5,-0.178,5.164,4.693,0.951,-0.144,6.395,-1.306,10.475,6.395,184.902,20.529,3.010,False,False,False,False,False,False,False,False
74,0.541,1.785,5.341,0.320,0.450,11.556,1.399,-1.399,2,28,2,6,-0.178,5.164,4.693,0.951,-0.144,6.395,-1.306,10.475,6.395,184.902,20.529,3.010,False,False,False,False,False,False,False,False
75,0.478,2.079,5.234,0.320,0.450,11.556,1.622,-1.622,2,28,2,7,-0.178,5.164,4.693,0.951,-0.144,6.395,-1.306,10.475,6.395,184.902,20.529,3.010,False,False,False,False,False,False,False,False
76,0.415,2.376,5.132,0.320,0.450,11.556,1.861,-1.861,2,28,2,8,-0.178,5.164,4.693,0.951,-0.144,6.395,-1.306,10.475,6.395,184.902,20.529,3.010,False,False,False,False,False,False,False,False
77,0.352,2.675,5.038,0.320,0.450,11.556,2.068,-2.068,2,28,2,9,-0.178,5.164,4.693,0.951,-0.144,6.395,-1.306,10.475,6.395,184.902,20.529,3.010,False,False,False,False,False,False,False,False
78,0.287,2.979,4.961,0.320,0.450,11.556,2.180,-2.180,2,28,2,10,-0.178,5.164,4.693,0.951,-0.144,6.395,-1.306,10.475,6.395,184.902,20.529,3.010,False,False,False,False,False,False,False,False
79,0.222,3.282,4.884,0.320,0.450,11.556,2.104,-2.104,2,28,2,11,-0.178,5.164,4.693,0.951,-0.144,6.395,-1.306,10.475,6.395,184.902,20.529,3.010,False,False,False,False,False,False,False,False
80,0.157,3.591,4.831,0.320,0.450,11.556,1.939,-1.939,2,28,2,12,-0.178,5.164,4.693,0.951,-0.144,6.395,-1.306,10.475,6.395,184.902,20.529,3.010,False,False,False,False,False,False,False,False
81,0.091,3.900,4.779,0.320,0.450,11.556,1.679,-1.679,2,28,2,13,-0.178,5.164,4.693,0.951,-0.144,6.395,-1.306,10.475,6.395,184.902,20.529,3.010,False,False,False,False,False,False,False,False
82,0.025,4.210,4.742,0.320,0.450,11.556,1.379,-1.379,2,28,2,14,-0.178,5.164,4.693,0.951,-0.144,6.395,-1.306,10.475,6.395,184.902,20.529,3.010,False,False,False,False,False,False,False,False
83,-0.041,4.522,4.716,0.320,0.450,11.556,1.154,-1.154,2,28,2,15,-0.178,5.164,4.693,0.951,-0.144,6.395,-1.306,10.475,6.395,184.902,20.529,3.010,False,False,False,False,False,False,False,False
84,-0.107,4.834,4.693,0.320,0.450,11.556,1.025,-1.025,2,28,2,16,-0.178,5.164,4.693,0.951,-0.144,6.395,-1.306,10.475,6.395,184.902,20.529,3.010,False,False,False,False,False,False,False,False
85,-0.174,5.147,4.693,0.320,0.450,11.556,0.922,-0.922,2,28,1,17,-0.178,5.164,4.693,0.951,-0.144,6.395,-1.306,10.475,6.395,184.902,20.529,3.010,False,False,False,False,False,False,False,False
86,-0.240,5.460,4.693,0.320,0.450,11.556,0.739,-0.739,2,28,1,18,-0.178,5.164,4.693,0.951,-0.144,6.395,-1.306,10.475,6.395,184.902,20.529,3.010,False,False,False,False,False,False,False,False
87,-0.307,5.772,4.713,0.320,0.450,11.556,0.490,-0.490,2,28,1,19,-0.178,5.164,4.693,0.951,-0.144,6.395,-1.306,10.475,6.395,184.902,20.529,3.010,False,False,False,False,False,False,False,False
88,-0.373,6.084,4.739,0.320,0.450,11.556,0.286,-0.286,2,28,1,20,-0.178,5.164,4.693,0.951,-0.144,6.395,-1.306,10.475,6.395,184.902,20.529,3.010,False,False,False,False,False,False,False,False
89,-0.439,6.394,4.773,0.320,0.450,11.556,0.126,-0.126,2,28,1,21,-0.178,5.164,4.693,0.951,-0.144,6.395,-1.306,10.475,6.395,184.902,20.529,3.010,False,False,False,False,False,False,False,False
90,-0.505,6.704,4.825,0.320,0.450,11.556,0.047,-0.047,2,28,1,22,-0.178,5.164,4.693,0.951,-0.144,6.395,-1.306,10.475,6.395,184.902,20.529,3.010,False,False,False,False,False,False,False,False
91,-0.570,7.013,4.877,0.320,0.450,11.556,0.063,-0.063,2,28,1,23,-0.178,5.164,4.693,0.951,-0.144,6.395,-1.306,10.475,6.395,184.902,20.529,3.010,False,False,False,False,False,False,False,False
92,-0.635,7.317,4.952,0.320,0.450,11.556,0.151,-0.151,2,28,1,24,-0.178,5.164,4.693,0.951,-0.144,6.395,-1.306,10.475,6.395,184.902,20.529,3.010,False,False,False,False,False,False,False,False
93,-0.700,7.621,5.029,0.320,0.450,11.556,0.233,-0.233,2,28,1,25,-0.178,5.164,4.693,0.951,-0.144,6.395,-1.306,10.475,6.395,184.902,20.529,3.010,False,False,False,False,False,False,False,False
94,-0.764,7.921,5.120,0.320,0.450,11.556,0.406,-0.406,2,28,1,26,-0.178,5.164,4.693,0.951,-0.144,6.395,-1.306,10.475,6.395,184.902,20.529,3.010,False,False,False,False,False,False,False,False
95,-0.827,8.218,5.222,0.320,0.450,11.556,0.661,-0.661,2,28,1,27,-0.178,5.164,4.693,0.951,-0.144,6.395,-1.306,10.475,6.395,184.902,20.529,3.010,False,False,False,False,False,False,False,False
96,-0.890,8.515,5.327,0.320,0.450,11.556,0.949,-0.949,2,28,1,28,-0.178,5.164,4.693,0.951,-0.144,6.395,-1.306,10.475,6.395,184.902,20.529,3.010,False,False,False,False,False,False,False,False
97,-0.951,8.802,5.454,0.320,0.450,11.556,1.272,-1.272,2,28,1,29,-0.178,5.164,4.693,0.951,-0.144,6.395,-1.306,10.475,6.395,184.902,20.529,3.010,False,False,False,False,False,False,False,False
98,-1.012,9.089,5.580,0.320,0.450,11.556,1.606,-1.606,2,28,1,30,-0.178,5.164,4.693,0.951,-0.144,6.395,-1.306,10.475,6.395,184.902,20.529,3.010,False,False,False,False,False,False,False,False
99,-1.071,9.369,5.723,0.320,0.450,11.556,1.965,-1.965,2,28,1,31,-0.178,5.164,4.693,0.951,-0.144,6.395,-1.306,10.475,6.395,184.902,20.529,3.010,False,False,False,False,False,False,False,False
100,-1.130,9.646,5.874,0.320,0.450,11.556,2.359,-2.359,2,28,1,32,-0.178,5.164,4.693,0.951,-0.144,6.395,-1.306,10.475,6.395,184.902,20.529,3.010,False,False,False,False,False,False,False,False
101,-1.188,9.919,6.030,0.320,0.450,11.556,2.769,-2.769,2,28,1,33,-0.178,5.164,4.693,0.951,-0.144,6.395,-1.306,10.475,6.395,184.902,20.529,3.010,False,False,False,False,False,False,False,False
102,-1.244,10.182,6.203,0.320,0.450,11.556,3.081,-3.081,2,28,1,34,-0.178,5.164,4.693,0.951,-0.144,6.395,-1.306,10.475,6.395,184.902,20.529,3.010,False,False,False,False,False,False,False,False
103,1.254,0.595,6.130,0.320,0.450,11.292,2.234,-2.234,3,28,2,0,0.238,5.375,4.693,1.337,0.203,6.395,-0.862,10.547,6.395,184.902,20.529,3.010,False,False,False,False,False,False,False,False
104,1.198,0.858,5.957,0.320,0.450,11.292,1.920,-1.920,3,28,2,1,0.238,5.375,4.693,1.337,0.203,6.395,-0.862,10.547,6.395,184.902,20.529,3.010,False,False,False,False,False,False,False,False
105,1.139,1.133,5.804,0.320,0.450,11.292,1.707,-1.707,3,28,2,2,0.238,5.375,4.693,1.337,0.203,6.395,-0.862,10.547,6.395,184.902,20.529,3.010,False,False,False,False,False,False,False,False
106,1.081,1.407,5.650,0.320,0.450,11.292,1.605,-1.605,3,28,2,3,0.238,5.375,4.693,1.337,0.203,6.395,-0.862,10.547,6.395,184.902,20.529,3.010,False,False,False,False,False,False,False,False
107,1.021,1.691,5.516,0.320,0.450,11.292,1.699,-1.699,3,28,2,4,0.238,5.375,4.693,1.337,0.203,6.395,-0.862,10.547,6.395,184.902,20.529,3.010,False,False,False,False,False,False,False,False
108,0.960,1.977,5.386,0.320,0.450,11.292,1.838,-1.838,3,28,2,5,0.238,5.375,4.693,1.337,0.203,6.395,-0.862,10.547,6.395,184.902,20.529,3.010,False,False,False,False,False,False,False,False
109,0.898,2.268,5.268,0.320,0.450,11.292,2.011,-2.011,3,28,2,6,0.238,5.375,4.693,1.337,0.203,6.395,-0.862,10.547,6.395,184.902,20.529,3.010,False,False,False,False,False,False,False,False
110,0.835,2.564,5.163,0.320,0.450,11.292,2.211,-2.211,3,28,2,7,0.238,5.375,4.693,1.337,0.203,6.395,-0.862,10.547,6.395,184.902,20.529,3.010,False,False,False,False,False,False,False,False
111,0.772,2.860,5.060,0.320,0.450,11.292,2.251,-2.251,3,28,2,8,0.238,5.375,4.693,1.337,0.203,6.395,-0.862,10.547,6.395,184.902,20.529,3.010,False,False,False,False,False,False,False,False
112,0.708,3.164,4.981,0.320,0.450,11.292,2.222,-2.222,3,28,2,9,0.238,5.375,4.693,1.337,0.203,6.395,-0.862,10.547,6.395,184.902,20.529,3.010,False,False,False,False,False,False,False,False
113,0.643,3.467,4.902,0.320,0.450,11.292,2.092,-2.092,3,28,2,10,0.238,5.375,4.693,1.337,0.203,6.395,-0.862,10.547,6.395,184.902,20.529,3.010,False,False,False,False,False,False,False,False
114,0.578,3.774,4.842,0.320,0.450,11.292,1.885,-1.885,3,28,2,11,0.238,5.375,4.693,1.337,0.203,6.395,-0.862,10.547,6.395,184.902,20.529,3.010,False,False,False,False,False,False,False,False
115,0.512,4.083,4.789,0.320,0.450,11.292,1.623,-1.623,3,28,2,12,0.238,5.375,4.693,1.337,0.203,6.395,-0.862,10.547,6.395,184.902,20.529,3.010,False,False,False,False,False,False,False,False
116,0.446,4.393,4.746,0.320,0.450,11.292,1.384,-1.384,3,28,2,13,0.238,5.375,4.693,1.337,0.203,6.395,-0.862,10.547,6.395,184.902,20.529,3.010,False,False,False,False,False,False,False,False
117,0.380,4.705,4.719,0.320,0.450,11.292,1.158,-1.158,3,28,2,14,0.238,5.375,4.693,1.337,0.203,6.395,-0.862,10.547,6.395,184.902,20.529,3.010,False,False,False,False,False,False,False,False
118,0.314,5.016,4.693,0.320,0.450,11.292,0.981,-0.981,3,28,2,15,0.238,5.375,4.693,1.337,0.203,6.395,-0.862,10.547,6.395,184.902,20.529,3.010,False,False,False,False,False,False,False,False
119,0.247,5.329,4.693,0.320,0.450,11.292,0.870,-0.870,3,28,1,16,0.238,5.375,4.693,1.337,0.203,6.395,-0.862,10.547,6.395,184.902,20.529,3.010,False,False,False,False,False,False,False,False
120,0.181,5.642,4.693,0.320,0.450,11.292,0.711,-0.711,3,28,1,17,0.238,5.375,4.693,1.337,0.203,6.395,-0.862,10.547,6.395,184.902,20.529,3.010,False,False,False,False,False,False,False,False
121,0.114,5.955,4.712,0.320,0.450,11.292,0.577,-0.577,3,28,1,18,0.238,5.375,4.693,1.337,0.203,6.395,-0.862,10.547,6.395,184.902,20.529,3.010,False,False,False,False,False,False,False,False
122,0.048,6.266,4.738,0.320,0.450,11.292,0.406,-0.406,3,28,1,19,0.238,5.375,4.693,1.337,0.203,6.395,-0.862,10.547,6.395,184.902,20.529,3.010,False,False,False,False,False,False,False,False
123,-0.018,6.577,4.773,0.320,0.450,11.292,0.226,-0.226,3,28,1,20,0.238,5.375,4.693,1.337,0.203,6.395,-0.862,10.547,6.395,184.902,20.529,3.010,False,False,False,False,False,False,False,False
124,-0.084,6.886,4.826,0.320,0.450,11.292,0.114,-0.114,3,28,1,21,0.238,5.375,4.693,1.337,0.203,6.395,-0.862,10.547,6.395,184.902,20.529,3.010,False,False,False,False,False,False,False,False
125,-0.149,7.195,4.880,0.320,0.450,11.292,0.123,-0.123,3,28,1,22,0.238,5.375,4.693,1.337,0.203,6.395,-0.862,10.547,6.395,184.902,20.529,3.010,False,False,False,False,False,False,False,False
126,-0.214,7.499,4.958,0.320,0.450,11.292,0.240,-0.240,3,28,1,23,0.238,5.375,4.693,1.337,0.203,6.395,-0.862,10.547,6.395,184.902,20.529,3.010,False,False,False,False,False,False,False,False
127,-0.278,7.803,5.037,0.320,0.450,11.292,0.319,-0.319,3,28,1,24,0.238,5.375,4.693,1.337,0.203,6.395,-0.862,10.547,6.395,184.902,20.529,3.010,False,False,False,False,False,False,False,False
128,-0.342,8.101,5.133,0.320,0.450,11.292,0.479,-0.479,3,28,1,25,0.238,5.375,4.693,1.337,0.203,6.395,-0.862,10.547,6.395,184.902,20.529,3.010,False,False,False,False,False,False,False,False
129,-0.405,8.397,5.237,0.320,0.450,11.292,0.701,-0.701,3,28,1,26,0.238,5.375,4.693,1.337,0.203,6.395,-0.862,10.547,6.395,184.902,20.529,3.010,False,False,False,False,False,False,False,False
130,-0.467,8.690,5.349,0.320,0.450,11.292,0.912,-0.912,3,28,1,27,0.238,5.375,4.693,1.337,0.203,6.395,-0.862,10.547,6.395,184.902,20.529,3.010,False,False,False,False,False,False,False,False
131,-0.528,8.977,5.478,0.320,0.450,11.292,1.172,-1.172,3,28,1,28,0.238,5.375,4.693,1.337,0.203,6.395,-0.862,10.547,6.395,184.902,20.529,3.010,False,False,False,False,False,False,False,False
132,-0.589,9.263,5.608,0.320,0.450,11.292,1.415,-1.415,3,28,1,29,0.238,5.375,4.693,1.337,0.203,6.395,-0.862,10.547,6.395,184.902,20.529,3.010,False,False,False,False,False,False,False,False
133,-0.647,9.539,5.760,0.320,0.450,11.292,1.710,-1.710,3,28,1,30,0.238,5.375,4.693,1.337,0.203,6.395,-0.862,10.547,6.395,184.902,20.529,3.010,False,False,False,False,False,False,False,False
134,-0.706,9.814,5.913,0.320,0.450,11.292,2.070,-2.070,3,28,1,31,0.238,5.375,4.693,1.337,0.203,6.395,-0.862,10.547,6.395,184.902,20.529,3.010,False,False,False,False,False,False,False,False
135,-0.763,10.081,6.080,0.320,0.450,11.292,2.453,-2.453,3,28,1,32,0.238,5.375,4.693,1.337,0.203,6.395,-0.862,10.547,6.395,184.902,20.529,3.010,False,False,False,False,False,False,False,False
136,1.527,1.472,6.051,0.320,0.450,10.397,2.044,-2.044,4,28,2,0,0.577,5.945,4.624,1.582,1.217,6.237,-0.417,10.621,6.395,184.902,20.529,3.010,False,False,False,False,False,False,False,False
137,1.473,1.727,5.866,0.320,0.450,10.397,2.125,-2.125,4,28,2,1,0.577,5.945,4.624,1.582,1.217,6.237,-0.417,10.621,6.395,184.902,20.529,3.010,False,False,False,False,False,False,False,False
138,1.416,1.995,5.701,0.320,0.450,10.397,2.276,-2.276,4,28,2,2,0.577,5.945,4.624,1.582,1.217,6.237,-0.417,10.621,6.395,184.902,20.529,3.010,False,False,False,False,False,False,False,False
139,1.359,2.265,5.540,0.320,0.450,10.397,2.410,-2.410,4,28,2,3,0.577,5.945,4.624,1.582,1.217,6.237,-0.417,10.621,6.395,184.902,20.529,3.010,False,False,False,False,False,False,False,False
140,1.299,2.544,5.396,0.320,0.450,10.397,2.524,-2.524,4,28,2,4,0.577,5.945,4.624,1.582,1.217,6.237,-0.417,10.621,6.395,184.902,20.529,3.010,False,False,False,False,False,False,False,False
141,1.239,2.828,5.261,0.320,0.450,10.397,2.503,-2.503,4,28,2,5,0.577,5.945,4.624,1.582,1.217,6.237,-0.417,10.621,6.395,184.902,20.529,3.010,False,False,False,False,False,False,False,False
142,1.178,3.117,5.139,0.320,0.450,10.397,2.413,-2.413,4,28,2,6,0.577,5.945,4.624,1.582,1.217,6.237,-0.417,10.621,6.395,184.902,20.529,3.010,False,False,False,False,False,False,False,False
143,1.115,3.411,5.030,0.320,0.450,10.397,2.263,-2.263,4,28,2,7,0.577,5.945,4.624,1.582,1.217,6.237,-0.417,10.621,6.395,184.902,20.529,3.010,False,False,False,False,False,False,False,False
144,1.052,3.709,4.931,0.320,0.450,10.397,2.036,-2.036,4,28,2,8,0.577,5.945,4.624,1.582,1.217,6.237,-0.417,10.621,6.395,184.902,20.529,3.010,False,False,False,False,False,False,False,False
145,0.988,4.011,4.850,0.320,0.450,10.397,1.710,-1.710,4,28,2,9,0.577,5.945,4.624,1.582,1.217,6.237,-0.417,10.621,6.395,184.902,20.529,3.010,False,False,False,False,False,False,False,False
146,0.923,4.315,4.774,0.320,0.450,10.397,1.369,-1.369,4,28,2,10,0.577,5.945,4.624,1.582,1.217,6.237,-0.417,10.621,6.395,184.902,20.529,3.010,False,False,False,False,False,False,False,False
147,0.857,4.624,4.722,0.320,0.450,10.397,1.068,-1.068,4,28,2,11,0.577,5.945,4.624,1.582,1.217,6.237,-0.417,10.621,6.395,184.902,20.529,3.010,False,False,False,False,False,False,False,False
148,0.792,4.933,4.669,0.320,0.450,10.397,0.837,-0.837,4,28,2,12,0.577,5.945,4.624,1.582,1.217,6.237,-0.417,10.621,6.395,184.902,20.529,3.010,False,False,False,False,False,False,False,False
149,0.725,5.245,4.646,0.320,0.450,10.397,0.709,-0.709,4,28,1,13,0.577,5.945,4.624,1.582,1.217,6.237,-0.417,10.621,6.395,184.902,20.529,3.010,False,False,False,False,False,False,False,False
150,0.659,5.556,4.622,0.320,0.450,10.397,0.643,-0.643,4,28,1,14,0.577,5.945,4.624,1.582,1.217,6.237,-0.417,10.621,6.395,184.902,20.529,3.010,False,False,False,False,False,False,False,False
151,0.593,5.869,4.622,0.320,0.450,10.397,0.588,-0.588,4,28,1,15,0.577,5.945,4.624,1.582,1.217,6.237,-0.417,10.621,6.395,184.902,20.529,3.010,False,False,False,False,False,False,False,False
152,0.526,6.182,4.628,0.320,0.450,10.397,0.501,-0.501,4,28,1,16,0.577,5.945,4.624,1.582,1.217,6.237,-0.417,10.621,6.395,184.902,20.529,3.010,False,False,False,False,False,False,False,False
153,0.460,6.494,4.652,0.320,0.450,10.397,0.372,-0.372,4,28,1,17,0.577,5.945,4.624,1.582,1.217,6.237,-0.417,10.621,6.395,184.902,20.529,3.010,False,False,False,False,False,False,False,False
154,0.394,6.806,4.687,0.320,0.450,10.397,0.188,-0.188,4,28,1,18,0.577,5.945,4.624,1.582,1.217,6.237,-0.417,10.621,6.395,184.902,20.529,3.010,False,False,False,False,False,False,False,False
155,0.328,7.115,4.735,0.320,0.450,10.397,0.264,-0.264,4,28,1,19,0.577,5.945,4.624,1.582,1.217,6.237,-0.417,10.621,6.395,184.902,20.529,3.010,False,False,False,False,False,False,False,False
156,0.263,7.422,4.798,0.320,0.450,10.397,0.392,-0.392,4,28,1,20,0.577,5.945,4.624,1.582,1.217,6.237,-0.417,10.621,6.395,184.902,20.529,3.010,False,False,False,False,False,False,False,False
157,0.198,7.727,4.871,0.320,0.450,10.397,0.548,-0.548,4,28,1,21,0.577,5.945,4.624,1.582,1.217,6.237,-0.417,10.621,6.395,184.902,20.529,3.010,False,False,False,False,False,False,False,False
158,0.134,8.027,4.962,0.320,0.450,10.397,0.673,-0.673,4,28,1,22,0.577,5.945,4.624,1.582,1.217,6.237,-0.417,10.621,6.395,184.902,20.529,3.010,False,False,False,False,False,False,False,False
159,0.071,8.326,5.058,0.320,0.450,10.397,0.761,-0.761,4,28,1,23,0.577,5.945,4.624,1.582,1.217,6.237,-0.417,10.621,6.395,184.902,20.529,3.010,False,False,False,False,False,False,False,False
160,0.009,8.616,5.176,0.320,0.450,10.397,0.871,-0.871,4,28,1,24,0.577,5.945,4.624,1.582,1.217,6.237,-0.417,10.621,6.395,184.902,20.529,3.010,False,False,False,False,False,False,False,False
161,-0.053,8.907,5.295,0.320,0.450,10.397,1.015,-1.015,4,28,1,25,0.577,5.945,4.624,1.582,1.217,6.237,-0.417,10.621,6.395,184.902,20.529,3.010,False,False,False,False,False,False,False,False
162,-0.112,9.186,5.440,0.320,0.450,10.397,1.203,-1.203,4,28,1,26,0.577,5.945,4.624,1.582,1.217,6.237,-0.417,10.621,6.395,184.902,20.529,3.010,False,False,False,False,False,False,False,False
163,-0.172,9.464,5.584,0.320,0.450,10.397,1.405,-1.405,4,28,1,27,0.577,5.945,4.624,1.582,1.217,6.237,-0.417,10.621,6.395,184.902,20.529,3.010,False,False,False,False,False,False,False,False
164,-0.228,9.732,5.750,0.320,0.450,10.397,1.703,-1.703,4,28,1,28,0.577,5.945,4.624,1.582,1.217,6.237,-0.417,10.621,6.395,184.902,20.529,3.010,False,False,False,False,False,False,False,False
165,-0.285,9.996,5.920,0.320,0.450,10.397,2.033,-2.033,4,28,1,29,0.577,5.945,4.624,1.582,1.217,6.237,-0.417,10.621,6.395,184.902,20.529,3.010,False,False,False,False,False,False,False,False
166,-0.339,10.251,6.106,0.320,0.450,10.397,2.334,-2.334,4,28,1,30,0.577,5.945,4.624,1.582,1.217,6.237,-0.417,10.621,6.395,184.902,20.529,3.010,False,False,False,False,False,False,False,False
167,1.853,2.103,5.417,0.320,0.450,9.992,2.041,-2.041,5,28,2,0,0.955,6.327,4.386,1.937,1.708,5.675,0.027,10.695,6.395,184.902,20.529,3.010,False,False,False,False,False,False,False,False
168,1.796,2.373,5.256,0.320,0.450,9.992,2.165,-2.165,5,28,2,1,0.955,6.327,4.386,1.937,1.708,5.675,0.027,10.695,6.395,184.902,20.529,3.010,False,False,False,False,False,False,False,False
169,1.737,2.652,5.109,0.320,0.450,9.992,2.237,-2.237,5,28,2,2,0.955,6.327,4.386,1.937,1.708,5.675,0.027,10.695,6.395,184.902,20.529,3.010,False,False,False,False,False,False,False,False
170,1.677,2.934,4.972,0.320,0.450,9.992,2.202,-2.202,5,28,2,3,0.955,6.327,4.386,1.937,1.708,5.675,0.027,10.695,6.395,184.902,20.529,3.010,False,False,False,False,False,False,False,False
171,1.615,3.224,4.852,0.320,0.450,9.992,2.098,-2.098,5,28,2,4,0.955,6.327,4.386,1.937,1.708,5.675,0.027,10.695,6.395,184.902,20.529,3.010,False,False,False,False,False,False,False,False
172,1.553,3.517,4.740,0.320,0.450,9.992,1.935,-1.935,5,28,2,5,0.955,6.327,4.386,1.937,1.708,5.675,0.027,10.695,6.395,184.902,20.529,3.010,False,False,False,False,False,False,False,False
173,1.489,3.817,4.648,0.320,0.450,9.992,1.711,-1.711,5,28,2,6,0.955,6.327,4.386,1.937,1.708,5.675,0.027,10.695,6.395,184.902,20.529,3.010,False,False,False,False,False,False,False,False
174,1.425,4.118,4.561,0.320,0.450,9.992,1.383,-1.383,5,28,2,7,0.955,6.327,4.386,1.937,1.708,5.675,0.027,10.695,6.395,184.902,20.529,3.010,False,False,False,False,False,False,False,False
175,1.360,4.425,4.498,0.320,0.450,9.992,1.018,-1.018,5,28,2,8,0.955,6.327,4.386,1.937,1.708,5.675,0.027,10.695,6.395,184.902,20.529,3.010,False,False,False,False,False,False,False,False
176,1.294,4.732,4.437,0.320,0.450,9.992,0.660,-0.660,5,28,2,9,0.955,6.327,4.386,1.937,1.708,5.675,0.027,10.695,6.395,184.902,20.529,3.010,False,False,False,False,False,False,False,False
177,1.228,5.043,4.403,0.320,0.450,9.992,0.414,-0.414,5,28,2,10,0.955,6.327,4.386,1.937,1.708,5.675,0.027,10.695,6.395,184.902,20.529,3.010,False,False,False,False,False,False,False,False
178,1.162,5.355,4.370,0.320,0.450,9.992,0.291,-0.291,5,28,1,11,0.955,6.327,4.386,1.937,1.708,5.675,0.027,10.695,6.395,184.902,20.529,3.010,False,False,False,False,False,False,False,False
179,1.096,5.668,4.365,0.320,0.450,9.992,0.278,-0.278,5,28,1,12,0.955,6.327,4.386,1.937,1.708,5.675,0.027,10.695,6.395,184.902,20.529,3.010,False,False,False,False,False,False,False,False
180,1.029,5.981,4.361,0.320,0.450,9.992,0.265,-0.265,5,28,1,13,0.955,6.327,4.386,1.937,1.708,5.675,0.027,10.695,6.395,184.902,20.529,3.010,False,False,False,False,False,False,False,False
181,0.963,6.292,4.383,0.320,0.450,9.992,0.229,-0.229,5,28,1,14,0.955,6.327,4.386,1.937,1.708,5.675,0.027,10.695,6.395,184.902,20.529,3.010,False,False,False,False,False,False,False,False
182,0.897,6.604,4.408,0.320,0.450,9.992,0.139,-0.139,5,28,1,15,0.955,6.327,4.386,1.937,1.708,5.675,0.027,10.695,6.395,184.902,20.529,3.010,False,False,False,False,False,False,False,False
183,0.831,6.913,4.458,0.320,0.450,9.992,0.077,-0.077,5,28,1,16,0.955,6.327,4.386,1.937,1.708,5.675,0.027,10.695,6.395,184.902,20.529,3.010,False,False,False,False,False,False,False,False
184,0.765,7.221,4.512,0.320,0.450,9.992,0.222,-0.222,5,28,1,17,0.955,6.327,4.386,1.937,1.708,5.675,0.027,10.695,6.395,184.902,20.529,3.010,False,False,False,False,False,False,False,False
185,0.701,7.525,4.589,0.320,0.450,9.992,0.418,-0.418,5,28,1,18,0.955,6.327,4.386,1.937,1.708,5.675,0.027,10.695,6.395,184.902,20.529,3.010,False,False,False,False,False,False,False,False
186,0.636,7.828,4.672,0.320,0.450,9.992,0.600,-0.600,5,28,1,19,0.955,6.327,4.386,1.937,1.708,5.675,0.027,10.695,6.395,184.902,20.529,3.010,False,False,False,False,False,False,False,False
187,0.573,8.124,4.774,0.320,0.450,9.992,0.772,-0.772,5,28,1,20,0.955,6.327,4.386,1.937,1.708,5.675,0.027,10.695,6.395,184.902,20.529,3.010,False,False,False,False,False,False,False,False
188,0.511,8.418,4.885,0.320,0.450,9.992,0.865,-0.865,5,28,1,21,0.955,6.327,4.386,1.937,1.708,5.675,0.027,10.695,6.395,184.902,20.529,3.010,False,False,False,False,False,False,False,False
189,0.450,8.705,5.013,0.320,0.450,9.992,0.979,-0.979,5,28,1,22,0.955,6.327,4.386,1.937,1.708,5.675,0.027,10.695,6.395,184.902,20.529,3.010,False,False,False,False,False,False,False,False
190,0.390,8.987,5.151,0.320,0.450,9.992,1.127,-1.127,5,28,1,23,0.955,6.327,4.386,1.937,1.708,5.675,0.027,10.695,6.395,184.902,20.529,3.010,False,False,False,False,False,False,False,False
191,0.332,9.262,5.303,0.320,0.450,9.992,1.306,-1.306,5,28,1,24,0.955,6.327,4.386,1.937,1.708,5.675,0.027,10.695,6.395,184.902,20.529,3.010,False,False,False,False,False,False,False,False
192,0.274,9.530,5.468,0.320,0.450,9.992,1.539,-1.539,5,28,1,25,0.955,6.327,4.386,1.937,1.708,5.675,0.027,10.695,6.395,184.902,20.529,3.010,False,False,False,False,False,False,False,False
193,0.219,9.792,5.643,0.320,0.450,9.992,1.868,-1.868,5,28,1,26,0.955,6.327,4.386,1.937,1.708,5.675,0.027,10.695,6.395,184.902,20.529,3.010,False,False,False,False,False,False,False,False
194,0.165,10.045,5.832,0.320,0.450,9.992,2.190,-2.190,5,28,1,27,0.955,6.327,4.386,1.937,1.708,5.675,0.027,10.695,6.395,184.902,20.529,3.010,False,False,False,False,False,False,False,False
195,0.113,10.291,6.029,0.320,0.450,9.992,2.478,-2.478,5,28,1,28,0.955,6.327,4.386,1.937,1.708,5.675,0.027,10.695,6.395,184.902,20.529,3.010,False,False,False,False,False,False,False,False
196,2.336,1.997,5.499,0.320,0.450,10.039,1.742,-1.742,6,28,2,0,1.405,6.378,4.384,2.392,1.733,5.670,0.471,10.771,6.395,184.902,20.529,3.010,False,False,False,False,False,False,False,False
197,2.278,2.271,5.322,0.320,0.450,10.039,1.937,-1.937,6,28,2,1,1.405,6.378,4.384,2.392,1.733,5.670,0.471,10.771,6.395,184.902,20.529,3.010,False,False,False,False,False,False,False,False
198,2.216,2.559,5.170,0.320,0.450,10.039,2.097,-2.097,6,28,2,2,1.405,6.378,4.384,2.392,1.733,5.670,0.471,10.771,6.395,184.902,20.529,3.010,False,False,False,False,False,False,False,False
199,2.155,2.847,5.019,0.320,0.450,10.039,2.104,-2.104,6,28,2,3,1.405,6.378,4.384,2.392,1.733,5.670,0.471,10.771,6.395,184.902,20.529,3.010,False,False,False,False,False,False,False,False
200,2.092,3.147,4.894,0.320,0.450,10.039,2.059,-2.059,6,28,2,4,1.405,6.378,4.384,2.392,1.733,5.670,0.471,10.771,6.395,184.902,20.529,3.010,False,False,False,False,False,False,False,False
201,2.028,3.447,4.771,0.320,0.450,10.039,1.935,-1.935,6,28,2,5,1.405,6.378,4.384,2.392,1.733,5.670,0.471,10.771,6.395,184.902,20.529,3.010,False,False,False,False,False,False,False,False
202,1.962,3.757,4.674,0.320,0.450,10.039,1.760,-1.760,6,28,2,6,1.405,6.378,4.384,2.392,1.733,5.670,0.471,10.771,6.395,184.902,20.529,3.010,False,False,False,False,False,False,False,False
203,1.896,4.067,4.579,0.320,0.450,10.039,1.459,-1.459,6,28,2,7,1.405,6.378,4.384,2.392,1.733,5.670,0.471,10.771,6.395,184.902,20.529,3.010,False,False,False,False,False,False,False,False
204,1.828,4.384,4.511,0.320,0.450,10.039,1.105,-1.105,6,28,2,8,1.405,6.378,4.384,2.392,1.733,5.670,0.471,10.771,6.395,184.902,20.529,3.010,False,False,False,False,False,False,False,False
205,1.761,4.702,4.446,0.320,0.450,10.039,0.724,-0.724,6,28,2,9,1.405,6.378,4.384,2.392,1.733,5.670,0.471,10.771,6.395,184.902,20.529,3.010,False,False,False,False,False,False,False,False
206,1.693,5.023,4.407,0.320,0.450,10.039,0.409,-0.409,6,28,2,10,1.405,6.378,4.384,2.392,1.733,5.670,0.471,10.771,6.395,184.902,20.529,3.010,False,False,False,False,False,False,False,False
207,1.624,5.345,4.372,0.320,0.450,10.039,0.218,-0.218,6,28,1,11,1.405,6.378,4.384,2.392,1.733,5.670,0.471,10.771,6.395,184.902,20.529,3.010,False,False,False,False,False,False,False,False
208,1.555,5.669,4.363,0.320,0.450,10.039,0.177,-0.177,6,28,1,12,1.405,6.378,4.384,2.392,1.733,5.670,0.471,10.771,6.395,184.902,20.529,3.010,False,False,False,False,False,False,False,False
209,1.487,5.992,4.358,0.320,0.450,10.039,0.188,-0.188,6,28,1,13,1.405,6.378,4.384,2.392,1.733,5.670,0.471,10.771,6.395,184.902,20.529,3.010,False,False,False,False,False,False,False,False
210,1.418,6.315,4.379,0.320,0.450,10.039,0.181,-0.181,6,28,1,14,1.405,6.378,4.384,2.392,1.733,5.670,0.471,10.771,6.395,184.902,20.529,3.010,False,False,False,False,False,False,False,False
211,1.350,6.637,4.404,0.320,0.450,10.039,0.136,-0.136,6,28,1,15,1.405,6.378,4.384,2.392,1.733,5.670,0.471,10.771,6.395,184.902,20.529,3.010,False,False,False,False,False,False,False,False
212,1.282,6.957,4.454,0.320,0.450,10.039,0.120,-0.120,6,28,1,16,1.405,6.378,4.384,2.392,1.733,5.670,0.471,10.771,6.395,184.902,20.529,3.010,False,False,False,False,False,False,False,False
213,1.214,7.276,4.510,0.320,0.450,10.039,0.237,-0.237,6,28,1,17,1.405,6.378,4.384,2.392,1.733,5.670,0.471,10.771,6.395,184.902,20.529,3.010,False,False,False,False,False,False,False,False
214,1.147,7.591,4.589,0.320,0.450,10.039,0.443,-0.443,6,28,1,18,1.405,6.378,4.384,2.392,1.733,5.670,0.471,10.771,6.395,184.902,20.529,3.010,False,False,False,False,False,False,False,False
215,1.080,7.904,4.675,0.320,0.450,10.039,0.677,-0.677,6,28,1,19,1.405,6.378,4.384,2.392,1.733,5.670,0.471,10.771,6.395,184.902,20.529,3.010,False,False,False,False,False,False,False,False
216,1.015,8.210,4.782,0.320,0.450,10.039,1.002,-1.002,6,28,1,20,1.405,6.378,4.384,2.392,1.733,5.670,0.471,10.771,6.395,184.902,20.529,3.010,False,False,False,False,False,False,False,False
217,0.951,8.514,4.897,0.320,0.450,10.039,1.265,-1.265,6,28,1,21,1.405,6.378,4.384,2.392,1.733,5.670,0.471,10.771,6.395,184.902,20.529,3.010,False,False,False,False,False,False,False,False
218,0.888,8.809,5.032,0.320,0.450,10.039,1.484,-1.484,6,28,1,22,1.405,6.378,4.384,2.392,1.733,5.670,0.471,10.771,6.395,184.902,20.529,3.010,False,False,False,False,False,False,False,False
219,0.826,9.101,5.175,0.320,0.450,10.039,1.574,-1.574,6,28,1,23,1.405,6.378,4.384,2.392,1.733,5.670,0.471,10.771,6.395,184.902,20.529,3.010,False,False,False,False,False,False,False,False
220,0.766,9.383,5.336,0.320,0.450,10.039,1.646,-1.646,6,28,1,24,1.405,6.378,4.384,2.392,1.733,5.670,0.471,10.771,6.395,184.902,20.529,3.010,False,False,False,False,False,False,False,False
221,0.707,9.661,5.505,0.320,0.450,10.039,1.817,-1.817,6,28,1,25,1.405,6.378,4.384,2.392,1.733,5.670,0.471,10.771,6.395,184.902,20.529,3.010,False,False,False,False,False,False,False,False
222,0.650,9.928,5.692,0.320,0.450,10.039,2.116,-2.116,6,28,1,26,1.405,6.378,4.384,2.392,1.733,5.670,0.471,10.771,6.395,184.902,20.529,3.010,False,False,False,False,False,False,False,False
223,0.594,10.190,5.887,0.320,0.450,10.039,2.461,-2.461,6,28,1,27,1.405,6.378,4.384,2.392,1.733,5.670,0.471,10.771,6.395,184.902,20.529,3.010,False,False,False,False,False,False,False,False
224,0.541,10.440,6.098,0.320,0.450,10.039,2.761,-2.761,6,28,1,28,1.405,6.378,4.384,2.392,1.733,5.670,0.471,10.771,6.395,184.902,20.529,3.010,False,False,False,False,False,False,False,False
225,2.760,2.164,5.410,0.320,0.450,10.080,1.445,-1.445,7,28,2,0,1.853,6.434,4.381,2.845,1.767,5.665,0.915,10.847,6.395,184.902,20.529,3.010,False,False,False,False,False,False,False,False
226,2.701,2.445,5.244,0.320,0.450,10.080,1.646,-1.646,7,28,2,1,1.853,6.434,4.381,2.845,1.767,5.665,0.915,10.847,6.395,184.902,20.529,3.010,False,False,False,False,False,False,False,False
227,2.639,2.734,5.094,0.320,0.450,10.080,1.780,-1.780,7,28,2,2,1.853,6.434,4.381,2.845,1.767,5.665,0.915,10.847,6.395,184.902,20.529,3.010,False,False,False,False,False,False,False,False
228,2.577,3.027,4.955,0.320,0.450,10.080,1.830,-1.830,7,28,2,3,1.853,6.434,4.381,2.845,1.767,5.665,0.915,10.847,6.395,184.902,20.529,3.010,False,False,False,False,False,False,False,False
229,2.513,3.329,4.832,0.320,0.450,10.080,1.815,-1.815,7,28,2,4,1.853,6.434,4.381,2.845,1.767,5.665,0.915,10.847,6.395,184.902,20.529,3.010,False,False,False,False,False,False,False,False
230,2.448,3.633,4.720,0.320,0.450,10.080,1.710,-1.710,7,28,2,5,1.853,6.434,4.381,2.845,1.767,5.665,0.915,10.847,6.395,184.902,20.529,3.010,False,False,False,False,False,False,False,False
231,2.382,3.944,4.626,0.320,0.450,10.080,1.503,-1.503,7,28,2,6,1.853,6.434,4.381,2.845,1.767,5.665,0.915,10.847,6.395,184.902,20.529,3.010,False,False,False,False,False,False,False,False
232,2.315,4.258,4.542,0.320,0.450,10.080,1.196,-1.196,7,28,2,7,1.853,6.434,4.381,2.845,1.767,5.665,0.915,10.847,6.395,184.902,20.529,3.010,False,False,False,False,False,False,False,False
233,2.248,4.576,4.478,0.320,0.450,10.080,0.845,-0.845,7,28,2,8,1.853,6.434,4.381,2.845,1.767,5.665,0.915,10.847,6.395,184.902,20.529,3.010,False,False,False,False,False,False,False,False
234,2.180,4.895,4.423,0.320,0.450,10.080,0.470,-0.470,7,28,2,9,1.853,6.434,4.381,2.845,1.767,5.665,0.915,10.847,6.395,184.902,20.529,3.010,False,False,False,False,False,False,False,False
235,2.111,5.218,4.388,0.320,0.450,10.080,0.206,-0.206,7,28,2,10,1.853,6.434,4.381,2.845,1.767,5.665,0.915,10.847,6.395,184.902,20.529,3.010,False,False,False,False,False,False,False,False
236,2.043,5.541,4.362,0.320,0.450,10.080,0.102,-0.102,7,28,1,11,1.853,6.434,4.381,2.845,1.767,5.665,0.915,10.847,6.395,184.902,20.529,3.010,False,False,False,False,False,False,False,False
237,1.974,5.865,4.358,0.320,0.450,10.080,0.096,-0.096,7,28,1,12,1.853,6.434,4.381,2.845,1.767,5.665,0.915,10.847,6.395,184.902,20.529,3.010,False,False,False,False,False,False,False,False
238,1.905,6.189,4.361,0.320,0.450,10.080,0.110,-0.110,7,28,1,13,1.853,6.434,4.381,2.845,1.767,5.665,0.915,10.847,6.395,184.902,20.529,3.010,False,False,False,False,False,False,False,False
239,1.836,6.511,4.387,0.320,0.450,10.080,0.133,-0.133,7,28,1,14,1.853,6.434,4.381,2.845,1.767,5.665,0.915,10.847,6.395,184.902,20.529,3.010,False,False,False,False,False,False,False,False
240,1.768,6.833,4.420,0.320,0.450,10.080,0.078,-0.078,7,28,1,15,1.853,6.434,4.381,2.845,1.767,5.665,0.915,10.847,6.395,184.902,20.529,3.010,False,False,False,False,False,False,False,False
241,1.700,7.153,4.476,0.320,0.450,10.080,0.114,-0.114,7,28,1,16,1.853,6.434,4.381,2.845,1.767,5.665,0.915,10.847,6.395,184.902,20.529,3.010,False,False,False,False,False,False,False,False
242,1.632,7.471,4.538,0.320,0.450,10.080,0.242,-0.242,7,28,1,17,1.853,6.434,4.381,2.845,1.767,5.665,0.915,10.847,6.395,184.902,20.529,3.010,False,False,False,False,False,False,False,False
243,1.566,7.785,4.624,0.320,0.450,10.080,0.489,-0.489,7,28,1,18,1.853,6.434,4.381,2.845,1.767,5.665,0.915,10.847,6.395,184.902,20.529,3.010,False,False,False,False,False,False,False,False
244,1.499,8.096,4.714,0.320,0.450,10.080,0.825,-0.825,7,28,1,19,1.853,6.434,4.381,2.845,1.767,5.665,0.915,10.847,6.395,184.902,20.529,3.010,False,False,False,False,False,False,False,False
245,1.435,8.401,4.829,0.320,0.450,10.080,1.292,-1.292,7,28,1,20,1.853,6.434,4.381,2.845,1.767,5.665,0.915,10.847,6.395,184.902,20.529,3.010,False,False,False,False,False,False,False,False
246,1.370,8.703,4.947,0.320,0.450,10.080,1.604,-1.604,7,28,1,21,1.853,6.434,4.381,2.845,1.767,5.665,0.915,10.847,6.395,184.902,20.529,3.010,False,False,False,False,False,False,False,False
247,1.308,8.996,5.090,0.320,0.450,10.080,1.790,-1.790,7,28,1,22,1.853,6.434,4.381,2.845,1.767,5.665,0.915,10.847,6.395,184.902,20.529,3.010,False,False,False,False,False,False,False,False
248,1.246,9.287,5.235,0.320,0.450,10.080,1.857,-1.857,7,28,1,23,1.853,6.434,4.381,2.845,1.767,5.665,0.915,10.847,6.395,184.902,20.529,3.010,False,False,False,False,False,False,False,False
249,1.187,9.566,5.404,0.320,0.450,10.080,1.844,-1.844,7,28,1,24,1.853,6.434,4.381,2.845,1.767,5.665,0.915,10.847,6.395,184.902,20.529,3.010,False,False,False,False,False,False,False,False
250,1.128,9.843,5.576,0.320,0.450,10.080,1.988,-1.988,7,28,1,25,1.853,6.434,4.381,2.845,1.767,5.665,0.915,10.847,6.395,184.902,20.529,3.010,False,False,False,False,False,False,False,False
251,1.072,10.106,5.770,0.320,0.450,10.080,2.256,-2.256,7,28,1,26,1.853,6.434,4.381,2.845,1.767,5.665,0.915,10.847,6.395,184.902,20.529,3.010,False,False,False,False,False,False,False,False
252,1.017,10.367,5.966,0.320,0.450,10.080,2.610,-2.610,7,28,1,27,1.853,6.434,4.381,2.845,1.767,5.665,0.915,10.847,6.395,184.902,20.529,3.010,False,False,False,False,False,False,False,False
253,3.578,0.481,6.182,0.320,0.450,9.978,0.500,-0.500,8,28,2,0,2.701,4.606,4.385,3.628,0.247,6.395,1.721,9.219,5.672,184.902,20.529,3.010,False,False,False,False,False,False,False,False
254,3.527,0.724,5.963,0.320,0.450,9.978,0.465,-0.465,8,28,2,1,2.701,4.606,4.385,3.628,0.247,6.395,1.721,9.219,5.672,184.902,20.529,3.010,False,False,False,False,False,False,False,False
255,3.471,0.984,5.766,0.320,0.450,9.978,0.427,-0.427,8,28,2,2,2.701,4.606,4.385,3.628,0.247,6.395,1.721,9.219,5.672,184.902,20.529,3.010,False,False,False,False,False,False,False,False
256,3.416,1.245,5.570,0.320,0.450,9.978,0.376,-0.376,8,28,2,3,2.701,4.606,4.385,3.628,0.247,6.395,1.721,9.219,5.672,184.902,20.529,3.010,False,False,False,False,False,False,False,False
257,3.357,1.522,5.398,0.320,0.450,9.978,0.364,-0.364,8,28,2,4,2.701,4.606,4.385,3.628,0.247,6.395,1.721,9.219,5.672,184.902,20.529,3.010,False,False,False,False,False,False,False,False
258,3.298,1.799,5.228,0.320,0.450,9.978,0.389,-0.389,8,28,2,5,2.701,4.606,4.385,3.628,0.247,6.395,1.721,9.219,5.672,184.902,20.529,3.010,False,False,False,False,False,False,False,False
259,3.236,2.090,5.083,0.320,0.450,9.978,0.512,-0.512,8,28,2,6,2.701,4.606,4.385,3.628,0.247,6.395,1.721,9.219,5.672,184.902,20.529,3.010,False,False,False,False,False,False,False,False
260,3.174,2.382,4.939,0.320,0.450,9.978,0.689,-0.689,8,28,2,7,2.701,4.606,4.385,3.628,0.247,6.395,1.721,9.219,5.672,184.902,20.529,3.010,False,False,False,False,False,False,False,False
261,3.110,2.685,4.822,0.320,0.450,9.978,0.903,-0.903,8,28,2,8,2.701,4.606,4.385,3.628,0.247,6.395,1.721,9.219,5.672,184.902,20.529,3.010,False,False,False,False,False,False,False,False
262,3.045,2.988,4.707,0.320,0.450,9.978,1.045,-1.045,8,28,2,9,2.701,4.606,4.385,3.628,0.247,6.395,1.721,9.219,5.672,184.902,20.529,3.010,False,False,False,False,False,False,False,False
263,2.979,3.300,4.618,0.320,0.450,9.978,1.138,-1.138,8,28,2,10,2.701,4.606,4.385,3.628,0.247,6.395,1.721,9.219,5.672,184.902,20.529,3.010,False,False,False,False,False,False,False,False
264,2.912,3.613,4.532,0.320,0.450,9.978,1.145,-1.145,8,28,2,11,2.701,4.606,4.385,3.628,0.247,6.395,1.721,9.219,5.672,184.902,20.529,3.010,False,False,False,False,False,False,False,False
265,2.845,3.931,4.473,0.320,0.450,9.978,1.056,-1.056,8,28,2,12,2.701,4.606,4.385,3.628,0.247,6.395,1.721,9.219,5.672,184.902,20.529,3.010,False,False,False,False,False,False,False,False
266,2.777,4.250,4.417,0.320,0.450,9.978,0.846,-0.846,8,28,2,13,2.701,4.606,4.385,3.628,0.247,6.395,1.721,9.219,5.672,184.902,20.529,3.010,False,False,False,False,False,False,False,False
267,2.708,4.573,4.388,0.320,0.450,9.978,0.576,-0.576,8,28,2,14,2.701,4.606,4.385,3.628,0.247,6.395,1.721,9.219,5.672,184.902,20.529,3.010,False,False,False,False,False,False,False,False
268,2.640,4.895,4.362,0.320,0.450,9.978,0.282,-0.282,8,28,2,15,2.701,4.606,4.385,3.628,0.247,6.395,1.721,9.219,5.672,184.902,20.529,3.010,False,False,False,False,False,False,False,False
269,2.571,5.219,4.363,0.320,0.450,9.978,0.133,-0.133,8,28,2,16,2.701,4.606,4.385,3.628,0.247,6.395,1.721,9.219,5.672,184.902,20.529,3.010,False,False,False,False,False,False,False,False
270,2.502,5.543,4.367,0.320,0.450,9.978,0.072,-0.072,8,28,1,17,2.701,4.606,4.385,3.628,0.247,6.395,1.721,9.219,5.672,184.902,20.529,3.010,False,False,False,False,False,False,False,False
271,2.434,5.865,4.399,0.320,0.450,9.978,0.090,-0.090,8,28,1,18,2.701,4.606,4.385,3.628,0.247,6.395,1.721,9.219,5.672,184.902,20.529,3.010,False,False,False,False,False,False,False,False
272,2.365,6.187,4.434,0.320,0.450,9.978,0.113,-0.113,8,28,1,19,2.701,4.606,4.385,3.628,0.247,6.395,1.721,9.219,5.672,184.902,20.529,3.010,False,False,False,False,False,False,False,False
273,2.298,6.505,4.496,0.320,0.450,9.978,0.146,-0.146,8,28,1,20,2.701,4.606,4.385,3.628,0.247,6.395,1.721,9.219,5.672,184.902,20.529,3.010,False,False,False,False,False,False,False,False
274,2.230,6.823,4.561,0.320,0.450,9.978,0.122,-0.122,8,28,1,21,2.701,4.606,4.385,3.628,0.247,6.395,1.721,9.219,5.672,184.902,20.529,3.010,False,False,False,False,False,False,False,False
275,2.164,7.134,4.652,0.320,0.450,9.978,0.165,-0.165,8,28,1,22,2.701,4.606,4.385,3.628,0.247,6.395,1.721,9.219,5.672,184.902,20.529,3.010,False,False,False,False,False,False,False,False
276,2.098,7.444,4.747,0.320,0.450,9.978,0.290,-0.290,8,28,1,23,2.701,4.606,4.385,3.628,0.247,6.395,1.721,9.219,5.672,184.902,20.529,3.010,False,False,False,False,False,False,False,False
277,2.034,7.746,4.866,0.320,0.450,9.978,0.529,-0.529,8,28,1,24,2.701,4.606,4.385,3.628,0.247,6.395,1.721,9.219,5.672,184.902,20.529,3.010,False,False,False,False,False,False,False,False
278,1.970,8.046,4.990,0.320,0.450,9.978,0.875,-0.875,8,28,1,25,2.701,4.606,4.385,3.628,0.247,6.395,1.721,9.219,5.672,184.902,20.529,3.010,False,False,False,False,False,False,False,False
279,1.909,8.336,5.137,0.320,0.450,9.978,1.386,-1.386,8,28,1,26,2.701,4.606,4.385,3.628,0.247,6.395,1.721,9.219,5.672,184.902,20.529,3.010,False,False,False,False,False,False,False,False
280,1.848,8.623,5.289,0.320,0.450,9.978,1.780,-1.780,8,28,1,27,2.701,4.606,4.385,3.628,0.247,6.395,1.721,9.219,5.672,184.902,20.529,3.010,False,False,False,False,False,False,False,False
281,1.789,8.898,5.463,0.320,0.450,9.978,2.071,-2.071,8,28,1,28,2.701,4.606,4.385,3.628,0.247,6.395,1.721,9.219,5.672,184.902,20.529,3.010,False,False,False,False,False,False,False,False
282,3.991,0.703,6.075,0.320,0.450,9.917,0.273,-0.273,9,28,2,0,3.146,4.680,4.387,4.065,0.353,6.395,2.172,9.261,5.675,184.902,20.529,3.010,False,False,False,False,False,False,False,False
283,3.940,0.944,5.871,0.320,0.450,9.917,0.225,-0.225,9,28,2,1,3.146,4.680,4.387,4.065,0.353,6.395,2.172,9.261,5.675,184.902,20.529,3.010,False,False,False,False,False,False,False,False
284,3.886,1.196,5.681,0.320,0.450,9.917,0.195,-0.195,9,28,2,2,3.146,4.680,4.387,4.065,0.353,6.395,2.172,9.261,5.675,184.902,20.529,3.010,False,False,False,False,False,False,False,False
285,3.831,1.454,5.500,0.320,0.450,9.917,0.165,-0.165,9,28,2,3,3.146,4.680,4.387,4.065,0.353,6.395,2.172,9.261,5.675,184.902,20.529,3.010,False,False,False,False,False,False,False,False
286,3.775,1.722,5.334,0.320,0.450,9.917,0.159,-0.159,9,28,2,4,3.146,4.680,4.387,4.065,0.353,6.395,2.172,9.261,5.675,184.902,20.529,3.010,False,False,False,False,False,False,False,False
287,3.717,1.994,5.177,0.320,0.450,9.917,0.163,-0.163,9,28,2,5,3.146,4.680,4.387,4.065,0.353,6.395,2.172,9.261,5.675,184.902,20.529,3.010,False,False,False,False,False,False,False,False
288,3.657,2.275,5.037,0.320,0.450,9.917,0.210,-0.210,9,28,2,6,3.146,4.680,4.387,4.065,0.353,6.395,2.172,9.261,5.675,184.902,20.529,3.010,False,False,False,False,False,False,False,False
289,3.596,2.560,4.904,0.320,0.450,9.917,0.315,-0.315,9,28,2,7,3.146,4.680,4.387,4.065,0.353,6.395,2.172,9.261,5.675,184.902,20.529,3.010,False,False,False,False,False,False,False,False
290,3.534,2.853,4.792,0.320,0.450,9.917,0.443,-0.443,9,28,2,8,3.146,4.680,4.387,4.065,0.353,6.395,2.172,9.261,5.675,184.902,20.529,3.010,False,False,False,False,False,False,False,False
291,3.471,3.148,4.685,0.320,0.450,9.917,0.559,-0.559,9,28,2,9,3.146,4.680,4.387,4.065,0.353,6.395,2.172,9.261,5.675,184.902,20.529,3.010,False,False,False,False,False,False,False,False
292,3.407,3.450,4.601,0.320,0.450,9.917,0.648,-0.648,9,28,2,10,3.146,4.680,4.387,4.065,0.353,6.395,2.172,9.261,5.675,184.902,20.529,3.010,False,False,False,False,False,False,False,False
293,3.343,3.753,4.520,0.320,0.450,9.917,0.667,-0.667,9,28,2,11,3.146,4.680,4.387,4.065,0.353,6.395,2.172,9.261,5.675,184.902,20.529,3.010,False,False,False,False,False,False,False,False
294,3.277,4.061,4.466,0.320,0.450,9.917,0.576,-0.576,9,28,2,12,3.146,4.680,4.387,4.065,0.353,6.395,2.172,9.261,5.675,184.902,20.529,3.010,False,False,False,False,False,False,False,False
295,3.212,4.370,4.412,0.320,0.450,9.917,0.405,-0.405,9,28,2,13,3.146,4.680,4.387,4.065,0.353,6.395,2.172,9.261,5.675,184.902,20.529,3.010,False,False,False,False,False,False,False,False
296,3.145,4.682,4.387,0.320,0.450,9.917,0.237,-0.237,9,28,2,14,3.146,4.680,4.387,4.065,0.353,6.395,2.172,9.261,5.675,184.902,20.529,3.010,False,False,False,False,False,False,False,False
297,3.079,4.993,4.362,0.320,0.450,9.917,0.115,-0.115,9,28,2,15,3.146,4.680,4.387,4.065,0.353,6.395,2.172,9.261,5.675,184.902,20.529,3.010,False,False,False,False,False,False,False,False
298,3.013,5.306,4.365,0.320,0.450,9.917,0.077,-0.077,9,28,2,16,3.146,4.680,4.387,4.065,0.353,6.395,2.172,9.261,5.675,184.902,20.529,3.010,False,False,False,False,False,False,False,False
299,2.946,5.619,4.370,0.320,0.450,9.917,0.100,-0.100,9,28,1,17,3.146,4.680,4.387,4.065,0.353,6.395,2.172,9.261,5.675,184.902,20.529,3.010,False,False,False,False,False,False,False,False
300,2.880,5.931,4.401,0.320,0.450,9.917,0.117,-0.117,9,28,1,18,3.146,4.680,4.387,4.065,0.353,6.395,2.172,9.261,5.675,184.902,20.529,3.010,False,False,False,False,False,False,False,False
301,2.814,6.242,4.436,0.320,0.450,9.917,0.097,-0.097,9,28,1,19,3.146,4.680,4.387,4.065,0.353,6.395,2.172,9.261,5.675,184.902,20.529,3.010,False,False,False,False,False,False,False,False
302,2.748,6.550,4.495,0.320,0.450,9.917,0.082,-0.082,9,28,1,20,3.146,4.680,4.387,4.065,0.353,6.395,2.172,9.261,5.675,184.902,20.529,3.010,False,False,False,False,False,False,False,False
303,2.683,6.857,4.558,0.320,0.450,9.917,0.055,-0.055,9,28,1,21,3.146,4.680,4.387,4.065,0.353,6.395,2.172,9.261,5.675,184.902,20.529,3.010,False,False,False,False,False,False,False,False
304,2.619,7.158,4.645,0.320,0.450,9.917,0.048,-0.048,9,28,1,22,3.146,4.680,4.387,4.065,0.353,6.395,2.172,9.261,5.675,184.902,20.529,3.010,False,False,False,False,False,False,False,False
305,2.555,7.458,4.737,0.320,0.450,9.917,0.117,-0.117,9,28,1,23,3.146,4.680,4.387,4.065,0.353,6.395,2.172,9.261,5.675,184.902,20.529,3.010,False,False,False,False,False,False,False,False
306,2.493,7.750,4.849,0.320,0.450,9.917,0.272,-0.272,9,28,1,24,3.146,4.680,4.387,4.065,0.353,6.395,2.172,9.261,5.675,184.902,20.529,3.010,False,False,False,False,False,False,False,False
307,2.431,8.040,4.970,0.320,0.450,9.917,0.501,-0.501,9,28,1,25,3.146,4.680,4.387,4.065,0.353,6.395,2.172,9.261,5.675,184.902,20.529,3.010,False,False,False,False,False,False,False,False
308,2.372,8.322,5.108,0.320,0.450,9.917,0.814,-0.814,9,28,1,26,3.146,4.680,4.387,4.065,0.353,6.395,2.172,9.261,5.675,184.902,20.529,3.010,False,False,False,False,False,False,False,False
309,2.313,8.600,5.255,0.320,0.450,9.917,1.169,-1.169,9,28,1,27,3.146,4.680,4.387,4.065,0.353,6.395,2.172,9.261,5.675,184.902,20.529,3.010,False,False,False,False,False,False,False,False
310,2.255,8.869,5.418,0.320,0.450,9.917,1.516,-1.516,9,28,1,28,3.146,4.680,4.387,4.065,0.353,6.395,2.172,9.261,5.675,184.902,20.529,3.010,False,False,False,False,False,False,False,False
311,4.453,0.693,6.181,0.320,0.450,9.872,0.173,-0.173,10,28,2,0,3.588,4.764,4.389,4.503,0.460,6.395,2.619,9.321,5.679,184.902,20.529,3.010,False,False,False,False,False,False,False,False
312,4.404,0.926,5.966,0.320,0.450,9.872,0.103,-0.103,10,28,2,1,3.588,4.764,4.389,4.503,0.460,6.395,2.619,9.321,5.679,184.902,20.529,3.010,False,False,False,False,False,False,False,False
313,4.351,1.176,5.774,0.320,0.450,9.872,0.066,-0.066,10,28,2,2,3.588,4.764,4.389,4.503,0.460,6.395,2.619,9.321,5.679,184.902,20.529,3.010,False,False,False,False,False,False,False,False
314,4.297,1.427,5.583,0.320,0.450,9.872,0.041,-0.041,10,28,2,3,3.588,4.764,4.389,4.503,0.460,6.395,2.619,9.321,5.679,184.902,20.529,3.010,False,False,False,False,False,False,False,False
315,4.241,1.693,5.414,0.320,0.450,9.872,0.072,-0.072,10,28,2,4,3.588,4.764,4.389,4.503,0.460,6.395,2.619,9.321,5.679,184.902,20.529,3.010,False,False,False,False,False,False,False,False
316,4.184,1.960,5.248,0.320,0.450,9.872,0.039,-0.039,10,28,2,5,3.588,4.764,4.389,4.503,0.460,6.395,2.619,9.321,5.679,184.902,20.529,3.010,False,False,False,False,False,False,False,False
317,4.125,2.239,5.104,0.320,0.450,9.872,0.037,-0.037,10,28,2,6,3.588,4.764,4.389,4.503,0.460,6.395,2.619,9.321,5.679,184.902,20.529,3.010,False,False,False,False,False,False,False,False
318,4.065,2.521,4.964,0.320,0.450,9.872,0.039,-0.039,10,28,2,7,3.588,4.764,4.389,4.503,0.460,6.395,2.619,9.321,5.679,184.902,20.529,3.010,False,False,False,False,False,False,False,False
319,4.003,2.811,4.845,0.320,0.450,9.872,0.048,-0.048,10,28,2,8,3.588,4.764,4.389,4.503,0.460,6.395,2.619,9.321,5.679,184.902,20.529,3.010,False,False,False,False,False,False,False,False
320,3.941,3.104,4.733,0.320,0.450,9.872,0.094,-0.094,10,28,2,9,3.588,4.764,4.389,4.503,0.460,6.395,2.619,9.321,5.679,184.902,20.529,3.010,False,False,False,False,False,False,False,False
321,3.877,3.404,4.640,0.320,0.450,9.872,0.175,-0.175,10,28,2,10,3.588,4.764,4.389,4.503,0.460,6.395,2.619,9.321,5.679,184.902,20.529,3.010,False,False,False,False,False,False,False,False
322,3.813,3.706,4.556,0.320,0.450,9.872,0.221,-0.221,10,28,2,11,3.588,4.764,4.389,4.503,0.460,6.395,2.619,9.321,5.679,184.902,20.529,3.010,False,False,False,False,False,False,False,False
323,3.748,4.012,4.492,0.320,0.450,9.872,0.178,-0.178,10,28,2,12,3.588,4.764,4.389,4.503,0.460,6.395,2.619,9.321,5.679,184.902,20.529,3.010,False,False,False,False,False,False,False,False
324,3.682,4.320,4.437,0.320,0.450,9.872,0.147,-0.147,10,28,2,13,3.588,4.764,4.389,4.503,0.460,6.395,2.619,9.321,5.679,184.902,20.529,3.010,False,False,False,False,False,False,False,False
325,3.616,4.631,4.400,0.320,0.450,9.872,0.067,-0.067,10,28,2,14,3.588,4.764,4.389,4.503,0.460,6.395,2.619,9.321,5.679,184.902,20.529,3.010,False,False,False,False,False,False,False,False
326,3.550,4.943,4.375,0.320,0.450,9.872,0.035,-0.035,10,28,2,15,3.588,4.764,4.389,4.503,0.460,6.395,2.619,9.321,5.679,184.902,20.529,3.010,False,False,False,False,False,False,False,False
327,3.484,5.255,4.366,0.320,0.450,9.872,0.095,-0.095,10,28,2,16,3.588,4.764,4.389,4.503,0.460,6.395,2.619,9.321,5.679,184.902,20.529,3.010,False,False,False,False,False,False,False,False
328,3.417,5.568,4.370,0.320,0.450,9.872,0.164,-0.164,10,28,2,17,3.588,4.764,4.389,4.503,0.460,6.395,2.619,9.321,5.679,184.902,20.529,3.010,False,False,False,False,False,False,False,False
329,3.351,5.880,4.390,0.320,0.450,9.872,0.203,-0.203,10,28,1,18,3.588,4.764,4.389,4.503,0.460,6.395,2.619,9.321,5.679,184.902,20.529,3.010,False,False,False,False,False,False,False,False
330,3.284,6.192,4.424,0.320,0.450,9.872,0.197,-0.197,10,28,1,19,3.588,4.764,4.389,4.503,0.460,6.395,2.619,9.321,5.679,184.902,20.529,3.010,False,False,False,False,False,False,False,False
331,3.219,6.501,4.471,0.320,0.450,9.872,0.141,-0.141,10,28,1,20,3.588,4.764,4.389,4.503,0.460,6.395,2.619,9.321,5.679,184.902,20.529,3.010,False,False,False,False,False,False,False,False
332,3.153,6.808,4.536,0.320,0.450,9.872,0.069,-0.069,10,28,1,21,3.588,4.764,4.389,4.503,0.460,6.395,2.619,9.321,5.679,184.902,20.529,3.010,False,False,False,False,False,False,False,False
333,3.089,7.112,4.611,0.320,0.450,9.872,0.028,-0.028,10,28,1,22,3.588,4.764,4.389,4.503,0.460,6.395,2.619,9.321,5.679,184.902,20.529,3.010,False,False,False,False,False,False,False,False
334,3.025,7.412,4.704,0.320,0.450,9.872,0.013,-0.013,10,28,1,23,3.588,4.764,4.389,4.503,0.460,6.395,2.619,9.321,5.679,184.902,20.529,3.010,False,False,False,False,False,False,False,False
335,2.962,7.708,4.806,0.320,0.450,9.872,0.068,-0.068,10,28,1,24,3.588,4.764,4.389,4.503,0.460,6.395,2.619,9.321,5.679,184.902,20.529,3.010,False,False,False,False,False,False,False,False
336,2.901,7.998,4.927,0.320,0.450,9.872,0.206,-0.206,10,28,1,25,3.588,4.764,4.389,4.503,0.460,6.395,2.619,9.321,5.679,184.902,20.529,3.010,False,False,False,False,False,False,False,False
337,2.840,8.284,5.055,0.320,0.450,9.872,0.370,-0.370,10,28,1,26,3.588,4.764,4.389,4.503,0.460,6.395,2.619,9.321,5.679,184.902,20.529,3.010,False,False,False,False,False,False,False,False
338,2.781,8.562,5.203,0.320,0.450,9.872,0.592,-0.592,10,28,1,27,3.588,4.764,4.389,4.503,0.460,6.395,2.619,9.321,5.679,184.902,20.529,3.010,False,False,False,False,False,False,False,False
339,2.722,8.836,5.357,0.320,0.450,9.872,0.871,-0.871,10,28,1,28,3.588,4.764,4.389,4.503,0.460,6.395,2.619,9.321,5.679,184.902,20.529,3.010,False,False,False,False,False,False,False,False
340,4.860,0.945,6.108,0.320,0.450,10.683,0.173,-0.173,11,28,2,0,3.917,5.379,4.573,4.940,0.569,6.395,2.875,10.282,6.122,184.902,20.529,3.010,False,False,False,False,False,False,False,False
341,4.805,1.200,5.923,0.320,0.450,10.683,0.107,-0.107,11,28,2,1,3.917,5.379,4.573,4.940,0.569,6.395,2.875,10.282,6.122,184.902,20.529,3.010,False,False,False,False,False,False,False,False
342,4.749,1.466,5.754,0.320,0.450,10.683,0.080,-0.080,11,28,2,2,3.917,5.379,4.573,4.940,0.569,6.395,2.875,10.282,6.122,184.902,20.529,3.010,False,False,False,False,False,False,False,False
343,4.692,1.733,5.587,0.320,0.450,10.683,0.060,-0.060,11,28,2,3,3.917,5.379,4.573,4.940,0.569,6.395,2.875,10.282,6.122,184.902,20.529,3.010,False,False,False,False,False,False,False,False
344,4.633,2.013,5.444,0.320,0.450,10.683,0.071,-0.071,11,28,2,4,3.917,5.379,4.573,4.940,0.569,6.395,2.875,10.282,6.122,184.902,20.529,3.010,False,False,False,False,False,False,False,False
345,4.573,2.293,5.300,0.320,0.450,10.683,0.068,-0.068,11,28,2,5,3.917,5.379,4.573,4.940,0.569,6.395,2.875,10.282,6.122,184.902,20.529,3.010,False,False,False,False,False,False,False,False
346,4.512,2.582,5.177,0.320,0.450,10.683,0.085,-0.085,11,28,2,6,3.917,5.379,4.573,4.940,0.569,6.395,2.875,10.282,6.122,184.902,20.529,3.010,False,False,False,False,False,False,False,False
347,4.450,2.873,5.059,0.320,0.450,10.683,0.047,-0.047,11,28,2,7,3.917,5.379,4.573,4.940,0.569,6.395,2.875,10.282,6.122,184.902,20.529,3.010,False,False,False,False,False,False,False,False
348,4.387,3.169,4.957,0.320,0.450,10.683,0.044,-0.044,11,28,2,8,3.917,5.379,4.573,4.940,0.569,6.395,2.875,10.282,6.122,184.902,20.529,3.010,False,False,False,False,False,False,False,False
349,4.323,3.469,4.865,0.320,0.450,10.683,0.066,-0.066,11,28,2,9,3.917,5.379,4.573,4.940,0.569,6.395,2.875,10.282,6.122,184.902,20.529,3.010,False,False,False,False,False,False,False,False
350,4.259,3.771,4.784,0.320,0.450,10.683,0.102,-0.102,11,28,2,10,3.917,5.379,4.573,4.940,0.569,6.395,2.875,10.282,6.122,184.902,20.529,3.010,False,False,False,False,False,False,False,False
351,4.194,4.077,4.719,0.320,0.450,10.683,0.120,-0.120,11,28,2,11,3.917,5.379,4.573,4.940,0.569,6.395,2.875,10.282,6.122,184.902,20.529,3.010,False,False,False,False,False,False,False,False
352,4.129,4.385,4.659,0.320,0.450,10.683,0.140,-0.140,11,28,2,12,3.917,5.379,4.573,4.940,0.569,6.395,2.875,10.282,6.122,184.902,20.529,3.010,False,False,False,False,False,False,False,False
353,4.063,4.695,4.622,0.320,0.450,10.683,0.155,-0.155,11,28,2,13,3.917,5.379,4.573,4.940,0.569,6.395,2.875,10.282,6.122,184.902,20.529,3.010,False,False,False,False,False,False,False,False
354,3.996,5.006,4.585,0.320,0.450,10.683,0.212,-0.212,11,28,2,14,3.917,5.379,4.573,4.940,0.569,6.395,2.875,10.282,6.122,184.902,20.529,3.010,False,False,False,False,False,False,False,False
355,3.930,5.319,4.574,0.320,0.450,10.683,0.312,-0.312,11,28,2,15,3.917,5.379,4.573,4.940,0.569,6.395,2.875,10.282,6.122,184.902,20.529,3.010,False,False,False,False,False,False,False,False
356,3.863,5.632,4.565,0.320,0.450,10.683,0.397,-0.397,11,28,2,16,3.917,5.379,4.573,4.940,0.569,6.395,2.875,10.282,6.122,184.902,20.529,3.010,False,False,False,False,False,False,False,False
357,3.797,5.945,4.576,0.320,0.450,10.683,0.437,-0.437,11,28,1,17,3.917,5.379,4.573,4.940,0.569,6.395,2.875,10.282,6.122,184.902,20.529,3.010,False,False,False,False,False,False,False,False
358,3.730,6.258,4.595,0.320,0.450,10.683,0.416,-0.416,11,28,1,18,3.917,5.379,4.573,4.940,0.569,6.395,2.875,10.282,6.122,184.902,20.529,3.010,False,False,False,False,False,False,False,False
359,3.664,6.570,4.628,0.320,0.450,10.683,0.361,-0.361,11,28,1,19,3.917,5.379,4.573,4.940,0.569,6.395,2.875,10.282,6.122,184.902,20.529,3.010,False,False,False,False,False,False,False,False
360,3.598,6.879,4.675,0.320,0.450,10.683,0.289,-0.289,11,28,1,20,3.917,5.379,4.573,4.940,0.569,6.395,2.875,10.282,6.122,184.902,20.529,3.010,False,False,False,False,False,False,False,False
361,3.533,7.188,4.729,0.320,0.450,10.683,0.229,-0.229,11,28,1,21,3.917,5.379,4.573,4.940,0.569,6.395,2.875,10.282,6.122,184.902,20.529,3.010,False,False,False,False,False,False,False,False
362,3.468,7.493,4.804,0.320,0.450,10.683,0.164,-0.164,11,28,1,22,3.917,5.379,4.573,4.940,0.569,6.395,2.875,10.282,6.122,184.902,20.529,3.010,False,False,False,False,False,False,False,False
363,3.403,7.797,4.879,0.320,0.450,10.683,0.087,-0.087,11,28,1,23,3.917,5.379,4.573,4.940,0.569,6.395,2.875,10.282,6.122,184.902,20.529,3.010,False,False,False,False,False,False,False,False
364,3.340,8.094,4.981,0.320,0.450,10.683,0.104,-0.104,11,28,1,24,3.917,5.379,4.573,4.940,0.569,6.395,2.875,10.282,6.122,184.902,20.529,3.010,False,False,False,False,False,False,False,False
365,3.277,8.390,5.082,0.320,0.450,10.683,0.173,-0.173,11,28,1,25,3.917,5.379,4.573,4.940,0.569,6.395,2.875,10.282,6.122,184.902,20.529,3.010,False,False,False,False,False,False,False,False
366,3.216,8.679,5.205,0.320,0.450,10.683,0.336,-0.336,11,28,1,26,3.917,5.379,4.573,4.940,0.569,6.395,2.875,10.282,6.122,184.902,20.529,3.010,False,False,False,False,False,False,False,False
367,3.155,8.967,5.333,0.320,0.450,10.683,0.566,-0.566,11,28,1,27,3.917,5.379,4.573,4.940,0.569,6.395,2.875,10.282,6.122,184.902,20.529,3.010,False,False,False,False,False,False,False,False
368,3.095,9.247,5.475,0.320,0.450,10.683,0.866,-0.866,11,28,1,28,3.917,5.379,4.573,4.940,0.569,6.395,2.875,10.282,6.122,184.902,20.529,3.010,False,False,False,False,False,False,False,False
369,3.037,9.521,5.627,0.320,0.450,10.683,1.226,-1.226,11,28,1,29,3.917,5.379,4.573,4.940,0.569,6.395,2.875,10.282,6.122,184.902,20.529,3.010,False,False,False,False,False,False,False,False
370,2.979,9.791,5.789,0.320,0.450,10.683,1.588,-1.588,11,28,1,30,3.917,5.379,4.573,4.940,0.569,6.395,2.875,10.282,6.122,184.902,20.529,3.010,False,False,False,False,False,False,False,False
371,5.321,0.941,6.221,0.320,0.450,11.466,0.389,-0.389,12,28,2,0,4.258,5.940,4.693,5.377,0.678,6.395,3.139,11.205,6.395,184.902,20.529,3.010,False,False,False,False,False,False,False,False
372,5.265,1.204,6.047,0.320,0.450,11.466,0.266,-0.266,12,28,2,1,4.258,5.940,4.693,5.377,0.678,6.395,3.139,11.205,6.395,184.902,20.529,3.010,False,False,False,False,False,False,False,False
373,5.207,1.475,5.887,0.320,0.450,11.466,0.192,-0.192,12,28,2,2,4.258,5.940,4.693,5.377,0.678,6.395,3.139,11.205,6.395,184.902,20.529,3.010,False,False,False,False,False,False,False,False
374,5.149,1.750,5.736,0.320,0.450,11.466,0.132,-0.132,12,28,2,3,4.258,5.940,4.693,5.377,0.678,6.395,3.139,11.205,6.395,184.902,20.529,3.010,False,False,False,False,False,False,False,False
375,5.089,2.029,5.590,0.320,0.450,11.466,0.076,-0.076,12,28,2,4,4.258,5.940,4.693,5.377,0.678,6.395,3.139,11.205,6.395,184.902,20.529,3.010,False,False,False,False,False,False,False,False
376,5.028,2.316,5.462,0.320,0.450,11.466,0.056,-0.056,12,28,2,5,4.258,5.940,4.693,5.377,0.678,6.395,3.139,11.205,6.395,184.902,20.529,3.010,False,False,False,False,False,False,False,False
377,4.967,2.603,5.335,0.320,0.450,11.466,0.044,-0.044,12,28,2,6,4.258,5.940,4.693,5.377,0.678,6.395,3.139,11.205,6.395,184.902,20.529,3.010,False,False,False,False,False,False,False,False
378,4.905,2.898,5.228,0.320,0.450,11.466,0.035,-0.035,12,28,2,7,4.258,5.940,4.693,5.377,0.678,6.395,3.139,11.205,6.395,184.902,20.529,3.010,False,False,False,False,False,False,False,False
379,4.842,3.194,5.125,0.320,0.450,11.466,0.045,-0.045,12,28,2,8,4.258,5.940,4.693,5.377,0.678,6.395,3.139,11.205,6.395,184.902,20.529,3.010,False,False,False,False,False,False,False,False
380,4.778,3.494,5.033,0.320,0.450,11.466,0.071,-0.071,12,28,2,9,4.258,5.940,4.693,5.377,0.678,6.395,3.139,11.205,6.395,184.902,20.529,3.010,False,False,False,False,False,False,False,False
381,4.714,3.797,4.955,0.320,0.450,11.466,0.103,-0.103,12,28,2,10,4.258,5.940,4.693,5.377,0.678,6.395,3.139,11.205,6.395,184.902,20.529,3.010,False,False,False,False,False,False,False,False
382,4.649,4.101,4.878,0.320,0.450,11.466,0.123,-0.123,12,28,2,11,4.258,5.940,4.693,5.377,0.678,6.395,3.139,11.205,6.395,184.902,20.529,3.010,False,False,False,False,False,False,False,False
383,4.583,4.410,4.826,0.320,0.450,11.466,0.158,-0.158,12,28,2,12,4.258,5.940,4.693,5.377,0.678,6.395,3.139,11.205,6.395,184.902,20.529,3.010,False,False,False,False,False,False,False,False
384,4.518,4.719,4.774,0.320,0.450,11.466,0.204,-0.204,12,28,2,13,4.258,5.940,4.693,5.377,0.678,6.395,3.139,11.205,6.395,184.902,20.529,3.010,False,False,False,False,False,False,False,False
385,4.452,5.030,4.739,0.320,0.450,11.466,0.280,-0.280,12,28,2,14,4.258,5.940,4.693,5.377,0.678,6.395,3.139,11.205,6.395,184.902,20.529,3.010,False,False,False,False,False,False,False,False
386,4.385,5.341,4.713,0.320,0.450,11.466,0.380,-0.380,12,28,2,15,4.258,5.940,4.693,5.377,0.678,6.395,3.139,11.205,6.395,184.902,20.529,3.010,False,False,False,False,False,False,False,False
387,4.319,5.653,4.693,0.320,0.450,11.466,0.464,-0.464,12,28,2,16,4.258,5.940,4.693,5.377,0.678,6.395,3.139,11.205,6.395,184.902,20.529,3.010,False,False,False,False,False,False,False,False
388,4.252,5.966,4.693,0.320,0.450,11.466,0.504,-0.504,12,28,1,17,4.258,5.940,4.693,5.377,0.678,6.395,3.139,11.205,6.395,184.902,20.529,3.010,False,False,False,False,False,False,False,False
389,4.186,6.279,4.693,0.320,0.450,11.466,0.490,-0.490,12,28,1,18,4.258,5.940,4.693,5.377,0.678,6.395,3.139,11.205,6.395,184.902,20.529,3.010,False,False,False,False,False,False,False,False
390,4.120,6.591,4.717,0.320,0.450,11.466,0.477,-0.477,12,28,1,19,4.258,5.940,4.693,5.377,0.678,6.395,3.139,11.205,6.395,184.902,20.529,3.010,False,False,False,False,False,False,False,False
391,4.053,6.903,4.743,0.320,0.450,11.466,0.432,-0.432,12,28,1,20,4.258,5.940,4.693,5.377,0.678,6.395,3.139,11.205,6.395,184.902,20.529,3.010,False,False,False,False,False,False,False,False
392,3.987,7.213,4.782,0.320,0.450,11.466,0.412,-0.412,12,28,1,21,4.258,5.940,4.693,5.377,0.678,6.395,3.139,11.205,6.395,184.902,20.529,3.010,False,False,False,False,False,False,False,False
393,3.922,7.523,4.834,0.320,0.450,11.466,0.333,-0.333,12,28,1,22,4.258,5.940,4.693,5.377,0.678,6.395,3.139,11.205,6.395,184.902,20.529,3.010,False,False,False,False,False,False,False,False
394,3.856,7.831,4.889,0.320,0.450,11.466,0.216,-0.216,12,28,1,23,4.258,5.940,4.693,5.377,0.678,6.395,3.139,11.205,6.395,184.902,20.529,3.010,False,False,False,False,False,False,False,False
395,3.792,8.135,4.967,0.320,0.450,11.466,0.105,-0.105,12,28,1,24,4.258,5.940,4.693,5.377,0.678,6.395,3.139,11.205,6.395,184.902,20.529,3.010,False,False,False,False,False,False,False,False
396,3.727,8.439,5.045,0.320,0.450,11.466,0.037,-0.037,12,28,1,25,4.258,5.940,4.693,5.377,0.678,6.395,3.139,11.205,6.395,184.902,20.529,3.010,False,False,False,False,False,False,False,False
397,3.663,8.737,5.141,0.320,0.450,11.466,0.102,-0.102,12,28,1,26,4.258,5.940,4.693,5.377,0.678,6.395,3.139,11.205,6.395,184.902,20.529,3.010,False,False,False,False,False,False,False,False
398,3.600,9.034,5.244,0.320,0.450,11.466,0.274,-0.274,12,28,1,27,4.258,5.940,4.693,5.377,0.678,6.395,3.139,11.205,6.395,184.902,20.529,3.010,False,False,False,False,False,False,False,False
399,3.538,9.328,5.356,0.320,0.450,11.466,0.530,-0.530,12,28,1,28,4.258,5.940,4.693,5.377,0.678,6.395,3.139,11.205,6.395,184.902,20.529,3.010,False,False,False,False,False,False,False,False
400,3.477,9.615,5.483,0.320,0.450,11.466,0.858,-0.858,12,28,1,29,4.258,5.940,4.693,5.377,0.678,6.395,3.139,11.205,6.395,184.902,20.529,3.010,False,False,False,False,False,False,False,False
401,3.416,9.902,5.611,0.320,0.450,11.466,1.213,-1.213,12,28,1,30,4.258,5.940,4.693,5.377,0.678,6.395,3.139,11.205,6.395,184.902,20.529,3.010,False,False,False,False,False,False,False,False
402,3.357,10.179,5.761,0.320,0.450,11.466,1.587,-1.587,12,28,1,31,4.258,5.940,4.693,5.377,0.678,6.395,3.139,11.205,6.395,184.902,20.529,3.010,False,False,False,False,False,False,False,False
403,3.298,10.455,5.912,0.320,0.450,11.466,2.011,-2.011,12,28,1,32,4.258,5.940,4.693,5.377,0.678,6.395,3.139,11.205,6.395,184.902,20.529,3.010,False,False,False,False,False,False,False,False
404,3.241,10.724,6.076,0.320,0.450,11.466,2.425,-2.425,12,28,1,33,4.258,5.940,4.693,5.377,0.678,6.395,3.139,11.205,6.395,184.902,20.529,3.010,False,False,False,False,False,False,False,False
405,5.729,1.185,6.138,0.320,0.450,11.659,0.636,-0.636,13,28,2,0,4.673,6.151,4.693,5.813,0.789,6.395,3.533,11.513,6.395,184.902,20.529,3.010,False,False,False,False,False,False,False,False
406,5.672,1.451,5.969,0.320,0.450,11.659,0.452,-0.452,13,28,2,1,4.673,6.151,4.693,5.813,0.789,6.395,3.533,11.513,6.395,184.902,20.529,3.010,False,False,False,False,False,False,False,False
407,5.613,1.728,5.820,0.320,0.450,11.659,0.316,-0.316,13,28,2,2,4.673,6.151,4.693,5.813,0.789,6.395,3.533,11.513,6.395,184.902,20.529,3.010,False,False,False,False,False,False,False,False
408,5.555,2.005,5.671,0.320,0.450,11.659,0.188,-0.188,13,28,2,3,4.673,6.151,4.693,5.813,0.789,6.395,3.533,11.513,6.395,184.902,20.529,3.010,False,False,False,False,False,False,False,False
409,5.494,2.289,5.537,0.320,0.450,11.659,0.095,-0.095,13,28,2,4,4.673,6.151,4.693,5.813,0.789,6.395,3.533,11.513,6.395,184.902,20.529,3.010,False,False,False,False,False,False,False,False
410,5.433,2.577,5.412,0.320,0.450,11.659,0.036,-0.036,13,28,2,5,4.673,6.151,4.693,5.813,0.789,6.395,3.533,11.513,6.395,184.902,20.529,3.010,False,False,False,False,False,False,False,False
411,5.371,2.867,5.291,0.320,0.450,11.659,0.004,-0.004,13,28,2,6,4.673,6.151,4.693,5.813,0.789,6.395,3.533,11.513,6.395,184.902,20.529,3.010,False,False,False,False,False,False,False,False
412,5.308,3.164,5.190,0.320,0.450,11.659,0.014,-0.014,13,28,2,7,4.673,6.151,4.693,5.813,0.789,6.395,3.533,11.513,6.395,184.902,20.529,3.010,False,False,False,False,False,False,False,False
413,5.245,3.460,5.089,0.320,0.450,11.659,0.038,-0.038,13,28,2,8,4.673,6.151,4.693,5.813,0.789,6.395,3.533,11.513,6.395,184.902,20.529,3.010,False,False,False,False,False,False,False,False
414,5.181,3.763,5.007,0.320,0.450,11.659,0.088,-0.088,13,28,2,9,4.673,6.151,4.693,5.813,0.789,6.395,3.533,11.513,6.395,184.902,20.529,3.010,False,False,False,False,False,False,False,False
415,5.116,4.067,4.930,0.320,0.450,11.659,0.081,-0.081,13,28,2,10,4.673,6.151,4.693,5.813,0.789,6.395,3.533,11.513,6.395,184.902,20.529,3.010,False,False,False,False,False,False,False,False
416,5.051,4.373,4.862,0.320,0.450,11.659,0.087,-0.087,13,28,2,11,4.673,6.151,4.693,5.813,0.789,6.395,3.533,11.513,6.395,184.902,20.529,3.010,False,False,False,False,False,False,False,False
417,4.986,4.682,4.811,0.320,0.450,11.659,0.122,-0.122,13,28,2,12,4.673,6.151,4.693,5.813,0.789,6.395,3.533,11.513,6.395,184.902,20.529,3.010,False,False,False,False,False,False,False,False
418,4.920,4.991,4.760,0.320,0.450,11.659,0.160,-0.160,13,28,2,13,4.673,6.151,4.693,5.813,0.789,6.395,3.533,11.513,6.395,184.902,20.529,3.010,False,False,False,False,False,False,False,False
419,4.854,5.302,4.732,0.320,0.450,11.659,0.252,-0.252,13,28,2,14,4.673,6.151,4.693,5.813,0.789,6.395,3.533,11.513,6.395,184.902,20.529,3.010,False,False,False,False,False,False,False,False
420,4.787,5.614,4.706,0.320,0.450,11.659,0.335,-0.335,13,28,2,15,4.673,6.151,4.693,5.813,0.789,6.395,3.533,11.513,6.395,184.902,20.529,3.010,False,False,False,False,False,False,False,False
421,4.721,5.926,4.693,0.320,0.450,11.659,0.392,-0.392,13,28,2,16,4.673,6.151,4.693,5.813,0.789,6.395,3.533,11.513,6.395,184.902,20.529,3.010,False,False,False,False,False,False,False,False
422,4.654,6.239,4.693,0.320,0.450,11.659,0.442,-0.442,13,28,1,17,4.673,6.151,4.693,5.813,0.789,6.395,3.533,11.513,6.395,184.902,20.529,3.010,False,False,False,False,False,False,False,False
423,4.588,6.552,4.695,0.320,0.450,11.659,0.460,-0.460,13,28,1,18,4.673,6.151,4.693,5.813,0.789,6.395,3.533,11.513,6.395,184.902,20.529,3.010,False,False,False,False,False,False,False,False
424,4.522,6.864,4.721,0.320,0.450,11.659,0.495,-0.495,13,28,1,19,4.673,6.151,4.693,5.813,0.789,6.395,3.533,11.513,6.395,184.902,20.529,3.010,False,False,False,False,False,False,False,False
425,4.455,7.176,4.747,0.320,0.450,11.659,0.501,-0.501,13,28,1,20,4.673,6.151,4.693,5.813,0.789,6.395,3.533,11.513,6.395,184.902,20.529,3.010,False,False,False,False,False,False,False,False
426,4.390,7.486,4.789,0.320,0.450,11.659,0.446,-0.446,13,28,1,21,4.673,6.151,4.693,5.813,0.789,6.395,3.533,11.513,6.395,184.902,20.529,3.010,False,False,False,False,False,False,False,False
427,4.324,7.795,4.840,0.320,0.450,11.659,0.339,-0.339,13,28,1,22,4.673,6.151,4.693,5.813,0.789,6.395,3.533,11.513,6.395,184.902,20.529,3.010,False,False,False,False,False,False,False,False
428,4.258,8.103,4.897,0.320,0.450,11.659,0.195,-0.195,13,28,1,23,4.673,6.151,4.693,5.813,0.789,6.395,3.533,11.513,6.395,184.902,20.529,3.010,False,False,False,False,False,False,False,False
429,4.194,8.407,4.973,0.320,0.450,11.659,0.060,-0.060,13,28,1,24,4.673,6.151,4.693,5.813,0.789,6.395,3.533,11.513,6.395,184.902,20.529,3.010,False,False,False,False,False,False,False,False
430,4.129,8.711,5.050,0.320,0.450,11.659,0.042,-0.042,13,28,1,25,4.673,6.151,4.693,5.813,0.789,6.395,3.533,11.513,6.395,184.902,20.529,3.010,False,False,False,False,False,False,False,False
431,4.066,9.010,5.146,0.320,0.450,11.659,0.149,-0.149,13,28,1,26,4.673,6.151,4.693,5.813,0.789,6.395,3.533,11.513,6.395,184.902,20.529,3.010,False,False,False,False,False,False,False,False
432,4.002,9.307,5.248,0.320,0.450,11.659,0.348,-0.348,13,28,1,27,4.673,6.151,4.693,5.813,0.789,6.395,3.533,11.513,6.395,184.902,20.529,3.010,False,False,False,False,False,False,False,False
433,3.940,9.601,5.358,0.320,0.450,11.659,0.624,-0.624,13,28,1,28,4.673,6.151,4.693,5.813,0.789,6.395,3.533,11.513,6.395,184.902,20.529,3.010,False,False,False,False,False,False,False,False
434,3.879,9.889,5.483,0.320,0.450,11.659,0.971,-0.971,13,28,1,29,4.673,6.151,4.693,5.813,0.789,6.395,3.533,11.513,6.395,184.902,20.529,3.010,False,False,False,False,False,False,False,False
435,3.818,10.176,5.608,0.320,0.450,11.659,1.366,-1.366,13,28,1,30,4.673,6.151,4.693,5.813,0.789,6.395,3.533,11.513,6.395,184.902,20.529,3.010,False,False,False,False,False,False,False,False
436,3.759,10.454,5.755,0.320,0.450,11.659,1.787,-1.787,13,28,1,31,4.673,6.151,4.693,5.813,0.789,6.395,3.533,11.513,6.395,184.902,20.529,3.010,False,False,False,False,False,False,False,False
437,3.700,10.731,5.904,0.320,0.450,11.659,2.211,-2.211,13,28,1,32,4.673,6.151,4.693,5.813,0.789,6.395,3.533,11.513,6.395,184.902,20.529,3.010,False,False,False,False,False,False,False,False
438,3.642,11.002,6.064,0.320,0.450,11.659,2.598,-2.598,13,28,1,33,4.673,6.151,4.693,5.813,0.789,6.395,3.533,11.513,6.395,184.902,20.529,3.010,False,False,False,False,False,False,False,False
439,6.193,1.165,6.224,0.320,0.450,11.684,1.121,-1.121,14,28,3,0,5.107,6.276,4.693,6.249,0.900,6.395,3.964,11.651,6.395,184.902,20.529,3.010,False,False,False,False,False,False,False,False
440,6.137,1.430,6.053,0.320,0.450,11.684,0.933,-0.933,14,28,3,1,5.107,6.276,4.693,6.249,0.900,6.395,3.964,11.651,6.395,184.902,20.529,3.010,False,False,False,False,False,False,False,False
441,6.079,1.702,5.895,0.320,0.450,11.684,0.722,-0.722,14,28,3,2,5.107,6.276,4.693,6.249,0.900,6.395,3.964,11.651,6.395,184.902,20.529,3.010,False,False,False,False,False,False,False,False
442,6.020,1.979,5.747,0.320,0.450,11.684,0.514,-0.514,14,28,3,3,5.107,6.276,4.693,6.249,0.900,6.395,3.964,11.651,6.395,184.902,20.529,3.010,False,False,False,False,False,False,False,False
443,5.961,2.258,5.601,0.320,0.450,11.684,0.342,-0.342,14,28,3,4,5.107,6.276,4.693,6.249,0.900,6.395,3.964,11.651,6.395,184.902,20.529,3.010,False,False,False,False,False,False,False,False
444,5.900,2.546,5.476,0.320,0.450,11.684,0.199,-0.199,14,28,3,5,5.107,6.276,4.693,6.249,0.900,6.395,3.964,11.651,6.395,184.902,20.529,3.010,False,False,False,False,False,False,False,False
445,5.838,2.834,5.351,0.320,0.450,11.684,0.117,-0.117,14,28,3,6,5.107,6.276,4.693,6.249,0.900,6.395,3.964,11.651,6.395,184.902,20.529,3.010,False,False,False,False,False,False,False,False
446,5.776,3.128,5.242,0.320,0.450,11.684,0.080,-0.080,14,28,3,7,5.107,6.276,4.693,6.249,0.900,6.395,3.964,11.651,6.395,184.902,20.529,3.010,False,False,False,False,False,False,False,False
447,5.713,3.425,5.141,0.320,0.450,11.684,0.059,-0.059,14,28,3,8,5.107,6.276,4.693,6.249,0.900,6.395,3.964,11.651,6.395,184.902,20.529,3.010,False,False,False,False,False,False,False,False
448,5.649,3.724,5.047,0.320,0.450,11.684,0.052,-0.052,14,28,3,9,5.107,6.276,4.693,6.249,0.900,6.395,3.964,11.651,6.395,184.902,20.529,3.010,False,False,False,False,False,False,False,False
449,5.585,4.028,4.970,0.320,0.450,11.684,0.051,-0.051,14,28,3,10,5.107,6.276,4.693,6.249,0.900,6.395,3.964,11.651,6.395,184.902,20.529,3.010,False,False,False,False,False,False,False,False
450,5.520,4.332,4.894,0.320,0.450,11.684,0.039,-0.039,14,28,3,11,5.107,6.276,4.693,6.249,0.900,6.395,3.964,11.651,6.395,184.902,20.529,3.010,False,False,False,False,False,False,False,False
451,5.454,4.640,4.838,0.320,0.450,11.684,0.052,-0.052,14,28,3,12,5.107,6.276,4.693,6.249,0.900,6.395,3.964,11.651,6.395,184.902,20.529,3.010,False,False,False,False,False,False,False,False
452,5.389,4.949,4.787,0.320,0.450,11.684,0.074,-0.074,14,28,3,13,5.107,6.276,4.693,6.249,0.900,6.395,3.964,11.651,6.395,184.902,20.529,3.010,False,False,False,False,False,False,False,False
453,5.323,5.259,4.746,0.320,0.450,11.684,0.117,-0.117,14,28,3,14,5.107,6.276,4.693,6.249,0.900,6.395,3.964,11.651,6.395,184.902,20.529,3.010,False,False,False,False,False,False,False,False
454,5.257,5.571,4.720,0.320,0.450,11.684,0.197,-0.197,14,28,3,15,5.107,6.276,4.693,6.249,0.900,6.395,3.964,11.651,6.395,184.902,20.529,3.010,False,False,False,False,False,False,False,False
455,5.190,5.883,4.694,0.320,0.450,11.684,0.288,-0.288,14,28,3,16,5.107,6.276,4.693,6.249,0.900,6.395,3.964,11.651,6.395,184.902,20.529,3.010,False,False,False,False,False,False,False,False
456,5.124,6.196,4.693,0.320,0.450,11.684,0.404,-0.404,14,28,0,17,5.107,6.276,4.693,6.249,0.900,6.395,3.964,11.651,6.395,184.902,20.529,3.010,False,False,False,False,False,False,False,False
457,5.057,6.509,4.693,0.320,0.450,11.684,0.493,-0.493,14,28,0,18,5.107,6.276,4.693,6.249,0.900,6.395,3.964,11.651,6.395,184.902,20.529,3.010,False,False,False,False,False,False,False,False
458,4.991,6.821,4.707,0.320,0.450,11.684,0.571,-0.571,14,28,0,19,5.107,6.276,4.693,6.249,0.900,6.395,3.964,11.651,6.395,184.902,20.529,3.010,False,False,False,False,False,False,False,False
459,4.925,7.133,4.733,0.320,0.450,11.684,0.611,-0.611,14,28,0,20,5.107,6.276,4.693,6.249,0.900,6.395,3.964,11.651,6.395,184.902,20.529,3.010,False,False,False,False,False,False,False,False
460,4.858,7.444,4.761,0.320,0.450,11.684,0.580,-0.580,14,28,0,21,5.107,6.276,4.693,6.249,0.900,6.395,3.964,11.651,6.395,184.902,20.529,3.010,False,False,False,False,False,False,False,False
461,4.793,7.754,4.812,0.320,0.450,11.684,0.495,-0.495,14,28,0,22,5.107,6.276,4.693,6.249,0.900,6.395,3.964,11.651,6.395,184.902,20.529,3.010,False,False,False,False,False,False,False,False
462,4.727,8.063,4.863,0.320,0.450,11.684,0.348,-0.348,14,28,0,23,5.107,6.276,4.693,6.249,0.900,6.395,3.964,11.651,6.395,184.902,20.529,3.010,False,False,False,False,False,False,False,False
463,4.662,8.369,4.931,0.320,0.450,11.684,0.164,-0.164,14,28,0,24,5.107,6.276,4.693,6.249,0.900,6.395,3.964,11.651,6.395,184.902,20.529,3.010,False,False,False,False,False,False,False,False
464,4.597,8.673,5.008,0.320,0.450,11.684,0.052,-0.052,14,28,0,25,5.107,6.276,4.693,6.249,0.900,6.395,3.964,11.651,6.395,184.902,20.529,3.010,False,False,False,False,False,False,False,False
465,4.533,8.975,5.090,0.320,0.450,11.684,0.109,-0.109,14,28,0,26,5.107,6.276,4.693,6.249,0.900,6.395,3.964,11.651,6.395,184.902,20.529,3.010,False,False,False,False,False,False,False,False
466,4.470,9.272,5.191,0.320,0.450,11.684,0.251,-0.251,14,28,0,27,5.107,6.276,4.693,6.249,0.900,6.395,3.964,11.651,6.395,184.902,20.529,3.010,False,False,False,False,False,False,False,False
467,4.407,9.570,5.292,0.320,0.450,11.684,0.499,-0.499,14,28,0,28,5.107,6.276,4.693,6.249,0.900,6.395,3.964,11.651,6.395,184.902,20.529,3.010,False,False,False,False,False,False,False,False
468,4.345,9.860,5.412,0.320,0.450,11.684,0.837,-0.837,14,28,0,29,5.107,6.276,4.693,6.249,0.900,6.395,3.964,11.651,6.395,184.902,20.529,3.010,False,False,False,False,False,False,False,False
469,4.284,10.147,5.537,0.320,0.450,11.684,1.212,-1.212,14,28,0,30,5.107,6.276,4.693,6.249,0.900,6.395,3.964,11.651,6.395,184.902,20.529,3.010,False,False,False,False,False,False,False,False
470,4.224,10.431,5.671,0.320,0.450,11.684,1.621,-1.621,14,28,0,31,5.107,6.276,4.693,6.249,0.900,6.395,3.964,11.651,6.395,184.902,20.529,3.010,False,False,False,False,False,False,False,False
471,4.165,10.708,5.819,0.320,0.450,11.684,2.046,-2.046,14,28,0,32,5.107,6.276,4.693,6.249,0.900,6.395,3.964,11.651,6.395,184.902,20.529,3.010,False,False,False,False,False,False,False,False
472,4.106,10.985,5.968,0.320,0.450,11.684,2.425,-2.425,14,28,0,33,5.107,6.276,4.693,6.249,0.900,6.395,3.964,11.651,6.395,184.902,20.529,3.010,False,False,False,False,False,False,False,False
473,4.049,11.251,6.137,0.320,0.450,11.684,2.795,-2.795,14,28,0,34,5.107,6.276,4.693,6.249,0.900,6.395,3.964,11.651,6.395,184.902,20.529,3.010,False,False,False,False,False,False,False,False
474,6.601,1.411,6.139,0.320,0.450,11.708,1.460,-1.460,15,28,3,0,5.540,6.402,4.693,6.685,1.014,6.395,4.395,11.789,6.395,184.902,20.529,3.010,False,False,False,False,False,False,False,False
475,6.543,1.685,5.966,0.320,0.450,11.708,1.214,-1.214,15,28,3,1,5.540,6.402,4.693,6.685,1.014,6.395,4.395,11.789,6.395,184.902,20.529,3.010,False,False,False,False,False,False,False,False
476,6.482,1.971,5.813,0.320,0.450,11.708,0.990,-0.990,15,28,3,2,5.540,6.402,4.693,6.685,1.014,6.395,4.395,11.789,6.395,184.902,20.529,3.010,False,False,False,False,False,False,False,False
477,6.421,2.256,5.661,0.320,0.450,11.708,0.765,-0.765,15,28,3,3,5.540,6.402,4.693,6.685,1.014,6.395,4.395,11.789,6.395,184.902,20.529,3.010,False,False,False,False,False,False,False,False
478,6.359,2.550,5.525,0.320,0.450,11.708,0.554,-0.554,15,28,3,4,5.540,6.402,4.693,6.685,1.014,6.395,4.395,11.789,6.395,184.902,20.529,3.010,False,False,False,False,False,False,False,False
479,6.296,2.847,5.397,0.320,0.450,11.708,0.374,-0.374,15,28,3,5,5.540,6.402,4.693,6.685,1.014,6.395,4.395,11.789,6.395,184.902,20.529,3.010,False,False,False,False,False,False,False,False
480,6.232,3.146,5.277,0.320,0.450,11.708,0.249,-0.249,15,28,3,6,5.540,6.402,4.693,6.685,1.014,6.395,4.395,11.789,6.395,184.902,20.529,3.010,False,False,False,False,False,False,False,False
481,6.167,3.452,5.173,0.320,0.450,11.708,0.169,-0.169,15,28,3,7,5.540,6.402,4.693,6.685,1.014,6.395,4.395,11.789,6.395,184.902,20.529,3.010,False,False,False,False,False,False,False,False
482,6.102,3.758,5.069,0.320,0.450,11.708,0.094,-0.094,15,28,3,8,5.540,6.402,4.693,6.685,1.014,6.395,4.395,11.789,6.395,184.902,20.529,3.010,False,False,False,False,False,False,False,False
483,6.036,4.071,4.990,0.320,0.450,11.708,0.065,-0.065,15,28,3,9,5.540,6.402,4.693,6.685,1.014,6.395,4.395,11.789,6.395,184.902,20.529,3.010,False,False,False,False,False,False,False,False
484,5.969,4.384,4.911,0.320,0.450,11.708,0.034,-0.034,15,28,3,10,5.540,6.402,4.693,6.685,1.014,6.395,4.395,11.789,6.395,184.902,20.529,3.010,False,False,False,False,False,False,False,False
485,5.902,4.700,4.848,0.320,0.450,11.708,0.019,-0.019,15,28,3,11,5.540,6.402,4.693,6.685,1.014,6.395,4.395,11.789,6.395,184.902,20.529,3.010,False,False,False,False,False,False,False,False
486,5.834,5.018,4.796,0.320,0.450,11.708,0.025,-0.025,15,28,3,12,5.540,6.402,4.693,6.685,1.014,6.395,4.395,11.789,6.395,184.902,20.529,3.010,False,False,False,False,False,False,False,False
487,5.766,5.337,4.750,0.320,0.450,11.708,0.043,-0.043,15,28,3,13,5.540,6.402,4.693,6.685,1.014,6.395,4.395,11.789,6.395,184.902,20.529,3.010,False,False,False,False,False,False,False,False
488,5.698,5.658,4.723,0.320,0.450,11.708,0.096,-0.096,15,28,3,14,5.540,6.402,4.693,6.685,1.014,6.395,4.395,11.789,6.395,184.902,20.529,3.010,False,False,False,False,False,False,False,False
489,5.630,5.979,4.697,0.320,0.450,11.708,0.184,-0.184,15,28,3,15,5.540,6.402,4.693,6.685,1.014,6.395,4.395,11.789,6.395,184.902,20.529,3.010,False,False,False,False,False,False,False,False
490,5.562,6.301,4.693,0.320,0.450,11.708,0.331,-0.331,15,28,0,16,5.540,6.402,4.693,6.685,1.014,6.395,4.395,11.789,6.395,184.902,20.529,3.010,False,False,False,False,False,False,False,False
491,5.493,6.623,4.693,0.320,0.450,11.708,0.466,-0.466,15,28,0,17,5.540,6.402,4.693,6.685,1.014,6.395,4.395,11.789,6.395,184.902,20.529,3.010,False,False,False,False,False,False,False,False
492,5.425,6.944,4.707,0.320,0.450,11.708,0.578,-0.578,15,28,0,18,5.540,6.402,4.693,6.685,1.014,6.395,4.395,11.789,6.395,184.902,20.529,3.010,False,False,False,False,False,False,False,False
493,5.357,7.265,4.733,0.320,0.450,11.708,0.661,-0.661,15,28,0,19,5.540,6.402,4.693,6.685,1.014,6.395,4.395,11.789,6.395,184.902,20.529,3.010,False,False,False,False,False,False,False,False
494,5.288,7.586,4.763,0.320,0.450,11.708,0.653,-0.653,15,28,0,20,5.540,6.402,4.693,6.685,1.014,6.395,4.395,11.789,6.395,184.902,20.529,3.010,False,False,False,False,False,False,False,False
495,5.221,7.904,4.816,0.320,0.450,11.708,0.571,-0.571,15,28,0,21,5.540,6.402,4.693,6.685,1.014,6.395,4.395,11.789,6.395,184.902,20.529,3.010,False,False,False,False,False,False,False,False
496,5.153,8.222,4.868,0.320,0.450,11.708,0.409,-0.409,15,28,0,22,5.540,6.402,4.693,6.685,1.014,6.395,4.395,11.789,6.395,184.902,20.529,3.010,False,False,False,False,False,False,False,False
497,5.086,8.537,4.941,0.320,0.450,11.708,0.240,-0.240,15,28,0,23,5.540,6.402,4.693,6.685,1.014,6.395,4.395,11.789,6.395,184.902,20.529,3.010,False,False,False,False,False,False,False,False
498,5.020,8.850,5.019,0.320,0.450,11.708,0.110,-0.110,15,28,0,24,5.540,6.402,4.693,6.685,1.014,6.395,4.395,11.789,6.395,184.902,20.529,3.010,False,False,False,False,False,False,False,False
499,4.954,9.160,5.108,0.320,0.450,11.708,0.117,-0.117,15,28,0,25,5.540,6.402,4.693,6.685,1.014,6.395,4.395,11.789,6.395,184.902,20.529,3.010,False,False,False,False,False,False,False,False
500,4.889,9.466,5.212,0.320,0.450,11.708,0.304,-0.304,15,28,0,26,5.540,6.402,4.693,6.685,1.014,6.395,4.395,11.789,6.395,184.902,20.529,3.010,False,False,False,False,False,False,False,False
501,4.824,9.772,5.317,0.320,0.450,11.708,0.561,-0.561,15,28,0,27,5.540,6.402,4.693,6.685,1.014,6.395,4.395,11.789,6.395,184.902,20.529,3.010,False,False,False,False,False,False,False,False
502,4.761,10.068,5.445,0.320,0.450,11.708,0.908,-0.908,15,28,0,28,5.540,6.402,4.693,6.685,1.014,6.395,4.395,11.789,6.395,184.902,20.529,3.010,False,False,False,False,False,False,False,False
503,4.698,10.364,5.574,0.320,0.450,11.708,1.300,-1.300,15,28,0,29,5.540,6.402,4.693,6.685,1.014,6.395,4.395,11.789,6.395,184.902,20.529,3.010,False,False,False,False,False,False,False,False
504,4.636,10.654,5.718,0.320,0.450,11.708,1.748,-1.748,15,28,0,30,5.540,6.402,4.693,6.685,1.014,6.395,4.395,11.789,6.395,184.902,20.529,3.010,False,False,False,False,False,False,False,False
505,4.576,10.939,5.870,0.320,0.450,11.708,2.158,-2.158,15,28,0,31,5.540,6.402,4.693,6.685,1.014,6.395,4.395,11.789,6.395,184.902,20.529,3.010,False,False,False,False,False,False,False,False
506,4.516,11.221,6.029,0.320,0.450,11.708,2.554,-2.554,15,28,0,32,5.540,6.402,4.693,6.685,1.014,6.395,4.395,11.789,6.395,184.902,20.529,3.010,False,False,False,False,False,False,False,False
507,4.458,11.493,6.204,0.320,0.450,11.708,2.943,-2.943,15,28,0,33,5.540,6.402,4.693,6.685,1.014,6.395,4.395,11.789,6.395,184.902,20.529,3.010,False,False,False,False,False,False,False,False
508,7.064,1.396,6.225,0.320,0.450,11.729,1.991,-1.991,16,28,3,0,5.973,6.530,4.693,7.120,1.131,6.395,4.826,11.927,6.395,184.902,20.529,3.010,False,False,False,False,False,False,False,False
509,7.008,1.661,6.054,0.320,0.450,11.729,1.779,-1.779,16,28,3,1,5.973,6.530,4.693,7.120,1.131,6.395,4.826,11.927,6.395,184.902,20.529,3.010,False,False,False,False,False,False,False,False
510,6.950,1.933,5.897,0.320,0.450,11.729,1.547,-1.547,16,28,3,2,5.973,6.530,4.693,7.120,1.131,6.395,4.826,11.927,6.395,184.902,20.529,3.010,False,False,False,False,False,False,False,False
511,6.891,2.211,5.749,0.320,0.450,11.729,1.304,-1.304,16,28,3,3,5.973,6.530,4.693,7.120,1.131,6.395,4.826,11.927,6.395,184.902,20.529,3.010,False,False,False,False,False,False,False,False
512,6.832,2.490,5.603,0.320,0.450,11.729,1.067,-1.067,16,28,3,4,5.973,6.530,4.693,7.120,1.131,6.395,4.826,11.927,6.395,184.902,20.529,3.010,False,False,False,False,False,False,False,False
513,6.770,2.778,5.479,0.320,0.450,11.729,0.826,-0.826,16,28,3,5,5.973,6.530,4.693,7.120,1.131,6.395,4.826,11.927,6.395,184.902,20.529,3.010,False,False,False,False,False,False,False,False
514,6.709,3.066,5.354,0.320,0.450,11.729,0.582,-0.582,16,28,3,6,5.973,6.530,4.693,7.120,1.131,6.395,4.826,11.927,6.395,184.902,20.529,3.010,False,False,False,False,False,False,False,False
515,6.647,3.360,5.245,0.320,0.450,11.729,0.380,-0.380,16,28,3,7,5.973,6.530,4.693,7.120,1.131,6.395,4.826,11.927,6.395,184.902,20.529,3.010,False,False,False,False,False,False,False,False
516,6.583,3.657,5.145,0.320,0.450,11.729,0.241,-0.241,16,28,3,8,5.973,6.530,4.693,7.120,1.131,6.395,4.826,11.927,6.395,184.902,20.529,3.010,False,False,False,False,False,False,False,False
517,6.520,3.956,5.049,0.320,0.450,11.729,0.147,-0.147,16,28,3,9,5.973,6.530,4.693,7.120,1.131,6.395,4.826,11.927,6.395,184.902,20.529,3.010,False,False,False,False,False,False,False,False
518,6.455,4.260,4.973,0.320,0.450,11.729,0.085,-0.085,16,28,3,10,5.973,6.530,4.693,7.120,1.131,6.395,4.826,11.927,6.395,184.902,20.529,3.010,False,False,False,False,False,False,False,False
519,6.391,4.564,4.897,0.320,0.450,11.729,0.037,-0.037,16,28,3,11,5.973,6.530,4.693,7.120,1.131,6.395,4.826,11.927,6.395,184.902,20.529,3.010,False,False,False,False,False,False,False,False
520,6.325,4.872,4.841,0.320,0.450,11.729,0.013,-0.013,16,28,3,12,5.973,6.530,4.693,7.120,1.131,6.395,4.826,11.927,6.395,184.902,20.529,3.010,False,False,False,False,False,False,False,False
521,6.260,5.181,4.790,0.320,0.450,11.729,0.002,-0.002,16,28,3,13,5.973,6.530,4.693,7.120,1.131,6.395,4.826,11.927,6.395,184.902,20.529,3.010,False,False,False,False,False,False,False,False
522,6.194,5.491,4.747,0.320,0.450,11.729,0.014,-0.014,16,28,3,14,5.973,6.530,4.693,7.120,1.131,6.395,4.826,11.927,6.395,184.902,20.529,3.010,False,False,False,False,False,False,False,False
523,6.127,5.803,4.722,0.320,0.450,11.729,0.053,-0.053,16,28,3,15,5.973,6.530,4.693,7.120,1.131,6.395,4.826,11.927,6.395,184.902,20.529,3.010,False,False,False,False,False,False,False,False
524,6.061,6.115,4.696,0.320,0.450,11.729,0.108,-0.108,16,28,3,16,5.973,6.530,4.693,7.120,1.131,6.395,4.826,11.927,6.395,184.902,20.529,3.010,False,False,False,False,False,False,False,False
525,5.995,6.428,4.693,0.320,0.450,11.729,0.207,-0.207,16,28,0,17,5.973,6.530,4.693,7.120,1.131,6.395,4.826,11.927,6.395,184.902,20.529,3.010,False,False,False,False,False,False,False,False
526,5.928,6.741,4.693,0.320,0.450,11.729,0.351,-0.351,16,28,0,18,5.973,6.530,4.693,7.120,1.131,6.395,4.826,11.927,6.395,184.902,20.529,3.010,False,False,False,False,False,False,False,False
527,5.862,7.053,4.705,0.320,0.450,11.729,0.496,-0.496,16,28,0,19,5.973,6.530,4.693,7.120,1.131,6.395,4.826,11.927,6.395,184.902,20.529,3.010,False,False,False,False,False,False,False,False
528,5.795,7.365,4.731,0.320,0.450,11.729,0.618,-0.618,16,28,0,20,5.973,6.530,4.693,7.120,1.131,6.395,4.826,11.927,6.395,184.902,20.529,3.010,False,False,False,False,False,False,False,False
529,5.729,7.676,4.756,0.320,0.450,11.729,0.658,-0.658,16,28,0,21,5.973,6.530,4.693,7.120,1.131,6.395,4.826,11.927,6.395,184.902,20.529,3.010,False,False,False,False,False,False,False,False
530,5.663,7.986,4.807,0.320,0.450,11.729,0.611,-0.611,16,28,0,22,5.973,6.530,4.693,7.120,1.131,6.395,4.826,11.927,6.395,184.902,20.529,3.010,False,False,False,False,False,False,False,False
531,5.598,8.295,4.859,0.320,0.450,11.729,0.473,-0.473,16,28,0,23,5.973,6.530,4.693,7.120,1.131,6.395,4.826,11.927,6.395,184.902,20.529,3.010,False,False,False,False,False,False,False,False
532,5.533,8.601,4.924,0.320,0.450,11.729,0.314,-0.314,16,28,0,24,5.973,6.530,4.693,7.120,1.131,6.395,4.826,11.927,6.395,184.902,20.529,3.010,False,False,False,False,False,False,False,False
533,5.468,8.905,5.000,0.320,0.450,11.729,0.183,-0.183,16,28,0,25,5.973,6.530,4.693,7.120,1.131,6.395,4.826,11.927,6.395,184.902,20.529,3.010,False,False,False,False,False,False,False,False
534,5.404,9.208,5.079,0.320,0.450,11.729,0.145,-0.145,16,28,0,26,5.973,6.530,4.693,7.120,1.131,6.395,4.826,11.927,6.395,184.902,20.529,3.010,False,False,False,False,False,False,False,False
535,5.340,9.506,5.180,0.320,0.450,11.729,0.283,-0.283,16,28,0,27,5.973,6.530,4.693,7.120,1.131,6.395,4.826,11.927,6.395,184.902,20.529,3.010,False,False,False,False,False,False,False,False
536,5.277,9.804,5.281,0.320,0.450,11.729,0.539,-0.539,16,28,0,28,5.973,6.530,4.693,7.120,1.131,6.395,4.826,11.927,6.395,184.902,20.529,3.010,False,False,False,False,False,False,False,False
537,5.215,10.094,5.398,0.320,0.450,11.729,0.879,-0.879,16,28,0,29,5.973,6.530,4.693,7.120,1.131,6.395,4.826,11.927,6.395,184.902,20.529,3.010,False,False,False,False,False,False,False,False
538,5.154,10.382,5.523,0.320,0.450,11.729,1.259,-1.259,16,28,0,30,5.973,6.530,4.693,7.120,1.131,6.395,4.826,11.927,6.395,184.902,20.529,3.010,False,False,False,False,False,False,False,False
539,5.093,10.667,5.653,0.320,0.450,11.729,1.649,-1.649,16,28,0,31,5.973,6.530,4.693,7.120,1.131,6.395,4.826,11.927,6.395,184.902,20.529,3.010,False,False,False,False,False,False,False,False
540,5.034,10.945,5.800,0.320,0.450,11.729,2.031,-2.031,16,28,0,32,5.973,6.530,4.693,7.120,1.131,6.395,4.826,11.927,6.395,184.902,20.529,3.010,False,False,False,False,False,False,False,False
541,4.976,11.222,5.948,0.320,0.450,11.729,2.398,-2.398,16,28,0,33,5.973,6.530,4.693,7.120,1.131,6.395,4.826,11.927,6.395,184.902,20.529,3.010,False,False,False,False,False,False,False,False
542,4.919,11.490,6.114,0.320,0.450,11.729,2.762,-2.762,16,28,0,34,5.973,6.530,4.693,7.120,1.131,6.395,4.826,11.927,6.395,184.902,20.529,3.010,False,False,False,False,False,False,False,False
543,7.166,3.081,6.108,0.320,0.450,10.361,1.576,-1.576,17,28,3,0,6.251,7.386,4.694,7.246,2.705,6.395,5.256,12.066,6.395,184.902,20.529,3.010,False,False,False,False,False,False,False,False
544,7.109,3.347,5.919,0.320,0.450,10.361,1.226,-1.226,17,28,3,1,6.251,7.386,4.694,7.246,2.705,6.395,5.256,12.066,6.395,184.902,20.529,3.010,False,False,False,False,False,False,False,False
545,7.051,3.623,5.747,0.320,0.450,10.361,0.942,-0.942,17,28,3,2,6.251,7.386,4.694,7.246,2.705,6.395,5.256,12.066,6.395,184.902,20.529,3.010,False,False,False,False,False,False,False,False
546,6.991,3.903,5.581,0.320,0.450,10.361,0.722,-0.722,17,28,3,3,6.251,7.386,4.694,7.246,2.705,6.395,5.256,12.066,6.395,184.902,20.529,3.010,False,False,False,False,False,False,False,False
547,6.929,4.194,5.435,0.320,0.450,10.361,0.558,-0.558,17,28,3,4,6.251,7.386,4.694,7.246,2.705,6.395,5.256,12.066,6.395,184.902,20.529,3.010,False,False,False,False,False,False,False,False
548,6.867,4.487,5.294,0.320,0.450,10.361,0.445,-0.445,17,28,3,5,6.251,7.386,4.694,7.246,2.705,6.395,5.256,12.066,6.395,184.902,20.529,3.010,False,False,False,False,False,False,False,False
549,6.803,4.789,5.176,0.320,0.450,10.361,0.344,-0.344,17,28,3,6,6.251,7.386,4.694,7.246,2.705,6.395,5.256,12.066,6.395,184.902,20.529,3.010,False,False,False,False,False,False,False,False
550,6.738,5.093,5.060,0.320,0.450,10.361,0.252,-0.252,17,28,3,7,6.251,7.386,4.694,7.246,2.705,6.395,5.256,12.066,6.395,184.902,20.529,3.010,False,False,False,False,False,False,False,False
551,6.672,5.404,4.970,0.320,0.450,10.361,0.219,-0.219,17,28,3,8,6.251,7.386,4.694,7.246,2.705,6.395,5.256,12.066,6.395,184.902,20.529,3.010,False,False,False,False,False,False,False,False
552,6.606,5.716,4.881,0.320,0.450,10.361,0.204,-0.204,17,28,3,9,6.251,7.386,4.694,7.246,2.705,6.395,5.256,12.066,6.395,184.902,20.529,3.010,False,False,False,False,False,False,False,False
553,6.538,6.035,4.821,0.320,0.450,10.361,0.260,-0.260,17,28,3,10,6.251,7.386,4.694,7.246,2.705,6.395,5.256,12.066,6.395,184.902,20.529,3.010,False,False,False,False,False,False,False,False
554,6.470,6.353,4.761,0.320,0.450,10.361,0.355,-0.355,17,28,0,11,6.251,7.386,4.694,7.246,2.705,6.395,5.256,12.066,6.395,184.902,20.529,3.010,False,False,False,False,False,False,False,False
555,6.402,6.675,4.728,0.320,0.450,10.361,0.538,-0.538,17,28,0,12,6.251,7.386,4.694,7.246,2.705,6.395,5.256,12.066,6.395,184.902,20.529,3.010,False,False,False,False,False,False,False,False
556,6.334,6.998,4.698,0.320,0.450,10.361,0.691,-0.691,17,28,0,13,6.251,7.386,4.694,7.246,2.705,6.395,5.256,12.066,6.395,184.902,20.529,3.010,False,False,False,False,False,False,False,False
557,6.265,7.321,4.694,0.320,0.450,10.361,0.770,-0.770,17,28,0,14,6.251,7.386,4.694,7.246,2.705,6.395,5.256,12.066,6.395,184.902,20.529,3.010,False,False,False,False,False,False,False,False
558,6.196,7.645,4.694,0.320,0.450,10.361,0.735,-0.735,17,28,0,15,6.251,7.386,4.694,7.246,2.705,6.395,5.256,12.066,6.395,184.902,20.529,3.010,False,False,False,False,False,False,False,False
559,6.127,7.968,4.716,0.320,0.450,10.361,0.584,-0.584,17,28,0,16,6.251,7.386,4.694,7.246,2.705,6.395,5.256,12.066,6.395,184.902,20.529,3.010,False,False,False,False,False,False,False,False
560,6.059,8.290,4.747,0.320,0.450,10.361,0.416,-0.416,17,28,0,17,6.251,7.386,4.694,7.246,2.705,6.395,5.256,12.066,6.395,184.902,20.529,3.010,False,False,False,False,False,False,False,False
561,5.991,8.609,4.797,0.320,0.450,10.361,0.242,-0.242,17,28,0,18,6.251,7.386,4.694,7.246,2.705,6.395,5.256,12.066,6.395,184.902,20.529,3.010,False,False,False,False,False,False,False,False
562,5.923,8.927,4.857,0.320,0.450,10.361,0.129,-0.129,17,28,0,19,6.251,7.386,4.694,7.246,2.705,6.395,5.256,12.066,6.395,184.902,20.529,3.010,False,False,False,False,False,False,False,False
563,5.857,9.242,4.934,0.320,0.450,10.361,0.113,-0.113,17,28,0,20,6.251,7.386,4.694,7.246,2.705,6.395,5.256,12.066,6.395,184.902,20.529,3.010,False,False,False,False,False,False,False,False
564,5.790,9.554,5.024,0.320,0.450,10.361,0.238,-0.238,17,28,0,21,6.251,7.386,4.694,7.246,2.705,6.395,5.256,12.066,6.395,184.902,20.529,3.010,False,False,False,False,False,False,False,False
565,5.725,9.861,5.128,0.320,0.450,10.361,0.533,-0.533,17,28,0,22,6.251,7.386,4.694,7.246,2.705,6.395,5.256,12.066,6.395,184.902,20.529,3.010,False,False,False,False,False,False,False,False
566,5.661,10.163,5.247,0.320,0.450,10.361,0.897,-0.897,17,28,0,23,6.251,7.386,4.694,7.246,2.705,6.395,5.256,12.066,6.395,184.902,20.529,3.010,False,False,False,False,False,False,False,False
567,5.597,10.461,5.376,0.320,0.450,10.361,1.278,-1.278,17,28,0,24,6.251,7.386,4.694,7.246,2.705,6.395,5.256,12.066,6.395,184.902,20.529,3.010,False,False,False,False,False,False,False,False
568,5.536,10.752,5.523,0.320,0.450,10.361,1.672,-1.672,17,28,0,25,6.251,7.386,4.694,7.246,2.705,6.395,5.256,12.066,6.395,184.902,20.529,3.010,False,False,False,False,False,False,False,False
569,5.475,11.038,5.678,0.320,0.450,10.361,2.037,-2.037,17,28,0,26,6.251,7.386,4.694,7.246,2.705,6.395,5.256,12.066,6.395,184.902,20.529,3.010,False,False,False,False,False,False,False,False
570,5.416,11.314,5.850,0.320,0.450,10.361,2.383,-2.383,17,28,0,27,6.251,7.386,4.694,7.246,2.705,6.395,5.256,12.066,6.395,184.902,20.529,3.010,False,False,False,False,False,False,False,False
571,5.358,11.586,6.029,0.320,0.450,10.361,2.705,-2.705,17,28,0,28,6.251,7.386,4.694,7.246,2.705,6.395,5.256,12.066,6.395,184.902,20.529,3.010,False,False,False,False,False,False,False,False
572,7.927,1.666,6.225,0.320,0.450,11.737,2.713,-2.713,18,28,3,0,6.835,6.804,4.693,7.983,1.401,6.395,5.687,12.206,6.395,184.902,20.529,3.010,False,False,False,False,False,False,False,False
573,7.870,1.931,6.055,0.320,0.450,11.737,2.386,-2.386,18,28,3,1,6.835,6.804,4.693,7.983,1.401,6.395,5.687,12.206,6.395,184.902,20.529,3.010,False,False,False,False,False,False,False,False
574,7.813,2.203,5.897,0.320,0.450,11.737,2.054,-2.054,18,28,3,2,6.835,6.804,4.693,7.983,1.401,6.395,5.687,12.206,6.395,184.902,20.529,3.010,False,False,False,False,False,False,False,False
575,7.754,2.481,5.749,0.320,0.450,11.737,1.727,-1.727,18,28,3,3,6.835,6.804,4.693,7.983,1.401,6.395,5.687,12.206,6.395,184.902,20.529,3.010,False,False,False,False,False,False,False,False
576,7.694,2.760,5.604,0.320,0.450,11.737,1.411,-1.411,18,28,3,4,6.835,6.804,4.693,7.983,1.401,6.395,5.687,12.206,6.395,184.902,20.529,3.010,False,False,False,False,False,False,False,False
577,7.633,3.048,5.479,0.320,0.450,11.737,1.097,-1.097,18,28,3,5,6.835,6.804,4.693,7.983,1.401,6.395,5.687,12.206,6.395,184.902,20.529,3.010,False,False,False,False,False,False,False,False
578,7.572,3.336,5.355,0.320,0.450,11.737,0.776,-0.776,18,28,3,6,6.835,6.804,4.693,7.983,1.401,6.395,5.687,12.206,6.395,184.902,20.529,3.010,False,False,False,False,False,False,False,False
579,7.509,3.631,5.246,0.320,0.450,11.737,0.493,-0.493,18,28,3,7,6.835,6.804,4.693,7.983,1.401,6.395,5.687,12.206,6.395,184.902,20.529,3.010,False,False,False,False,False,False,False,False
580,7.446,3.928,5.145,0.320,0.450,11.737,0.290,-0.290,18,28,3,8,6.835,6.804,4.693,7.983,1.401,6.395,5.687,12.206,6.395,184.902,20.529,3.010,False,False,False,False,False,False,False,False
581,7.383,4.226,5.050,0.320,0.450,11.737,0.168,-0.168,18,28,3,9,6.835,6.804,4.693,7.983,1.401,6.395,5.687,12.206,6.395,184.902,20.529,3.010,False,False,False,False,False,False,False,False
582,7.318,4.530,4.974,0.320,0.450,11.737,0.118,-0.118,18,28,3,10,6.835,6.804,4.693,7.983,1.401,6.395,5.687,12.206,6.395,184.902,20.529,3.010,False,False,False,False,False,False,False,False
583,7.253,4.835,4.898,0.320,0.450,11.737,0.042,-0.042,18,28,3,11,6.835,6.804,4.693,7.983,1.401,6.395,5.687,12.206,6.395,184.902,20.529,3.010,False,False,False,False,False,False,False,False
584,7.188,5.142,4.841,0.320,0.450,11.737,0.032,-0.032,18,28,3,12,6.835,6.804,4.693,7.983,1.401,6.395,5.687,12.206,6.395,184.902,20.529,3.010,False,False,False,False,False,False,False,False
585,7.122,5.451,4.790,0.320,0.450,11.737,0.082,-0.082,18,28,3,13,6.835,6.804,4.693,7.983,1.401,6.395,5.687,12.206,6.395,184.902,20.529,3.010,False,False,False,False,False,False,False,False
586,7.056,5.761,4.748,0.320,0.450,11.737,0.184,-0.184,18,28,3,14,6.835,6.804,4.693,7.983,1.401,6.395,5.687,12.206,6.395,184.902,20.529,3.010,False,False,False,False,False,False,False,False
587,6.990,6.073,4.722,0.320,0.450,11.737,0.354,-0.354,18,28,3,15,6.835,6.804,4.693,7.983,1.401,6.395,5.687,12.206,6.395,184.902,20.529,3.010,False,False,False,False,False,False,False,False
588,6.924,6.385,4.696,0.320,0.450,11.737,0.700,-0.700,18,28,3,16,6.835,6.804,4.693,7.983,1.401,6.395,5.687,12.206,6.395,184.902,20.529,3.010,False,False,False,False,False,False,False,False
589,6.857,6.698,4.693,0.320,0.450,11.737,0.997,-0.997,18,28,0,17,6.835,6.804,4.693,7.983,1.401,6.395,5.687,12.206,6.395,184.902,20.529,3.010,False,False,False,False,False,False,False,False
590,6.791,7.011,4.693,0.320,0.450,11.737,1.163,-1.163,18,28,0,18,6.835,6.804,4.693,7.983,1.401,6.395,5.687,12.206,6.395,184.902,20.529,3.010,False,False,False,False,False,False,False,False
591,6.724,7.323,4.705,0.320,0.450,11.737,1.221,-1.221,18,28,0,19,6.835,6.804,4.693,7.983,1.401,6.395,5.687,12.206,6.395,184.902,20.529,3.010,False,False,False,False,False,False,False,False
592,6.658,7.635,4.730,0.320,0.450,11.737,1.187,-1.187,18,28,0,20,6.835,6.804,4.693,7.983,1.401,6.395,5.687,12.206,6.395,184.902,20.529,3.010,False,False,False,False,False,False,False,False
593,6.592,7.947,4.756,0.320,0.450,11.737,0.950,-0.950,18,28,0,21,6.835,6.804,4.693,7.983,1.401,6.395,5.687,12.206,6.395,184.902,20.529,3.010,False,False,False,False,False,False,False,False
594,6.526,8.256,4.807,0.320,0.450,11.737,0.705,-0.705,18,28,0,22,6.835,6.804,4.693,7.983,1.401,6.395,5.687,12.206,6.395,184.902,20.529,3.010,False,False,False,False,False,False,False,False
595,6.460,8.565,4.858,0.320,0.450,11.737,0.478,-0.478,18,28,0,23,6.835,6.804,4.693,7.983,1.401,6.395,5.687,12.206,6.395,184.902,20.529,3.010,False,False,False,False,False,False,False,False
596,6.395,8.871,4.923,0.320,0.450,11.737,0.349,-0.349,18,28,0,24,6.835,6.804,4.693,7.983,1.401,6.395,5.687,12.206,6.395,184.902,20.529,3.010,False,False,False,False,False,False,False,False
597,6.331,9.175,4.999,0.320,0.450,11.737,0.319,-0.319,18,28,0,25,6.835,6.804,4.693,7.983,1.401,6.395,5.687,12.206,6.395,184.902,20.529,3.010,False,False,False,False,False,False,False,False
598,6.266,9.479,5.077,0.320,0.450,11.737,0.418,-0.418,18,28,0,26,6.835,6.804,4.693,7.983,1.401,6.395,5.687,12.206,6.395,184.902,20.529,3.010,False,False,False,False,False,False,False,False
599,6.203,9.776,5.178,0.320,0.450,11.737,0.649,-0.649,18,28,0,27,6.835,6.804,4.693,7.983,1.401,6.395,5.687,12.206,6.395,184.902,20.529,3.010,False,False,False,False,False,False,False,False
600,6.140,10.074,5.279,0.320,0.450,11.737,0.946,-0.946,18,28,0,28,6.835,6.804,4.693,7.983,1.401,6.395,5.687,12.206,6.395,184.902,20.529,3.010,False,False,False,False,False,False,False,False
601,6.078,10.365,5.396,0.320,0.450,11.737,1.272,-1.272,18,28,0,29,6.835,6.804,4.693,7.983,1.401,6.395,5.687,12.206,6.395,184.902,20.529,3.010,False,False,False,False,False,False,False,False
602,6.017,10.653,5.520,0.320,0.450,11.737,1.630,-1.630,18,28,0,30,6.835,6.804,4.693,7.983,1.401,6.395,5.687,12.206,6.395,184.902,20.529,3.010,False,False,False,False,False,False,False,False
603,5.956,10.938,5.649,0.320,0.450,11.737,1.957,-1.957,18,28,0,31,6.835,6.804,4.693,7.983,1.401,6.395,5.687,12.206,6.395,184.902,20.529,3.010,False,False,False,False,False,False,False,False
604,5.897,11.216,5.797,0.320,0.450,11.737,2.264,-2.264,18,28,0,32,6.835,6.804,4.693,7.983,1.401,6.395,5.687,12.206,6.395,184.902,20.529,3.010,False,False,False,False,False,False,False,False
605,5.838,11.493,5.945,0.320,0.450,11.737,2.538,-2.538,18,28,0,33,6.835,6.804,4.693,7.983,1.401,6.395,5.687,12.206,6.395,184.902,20.529,3.010,False,False,False,False,False,False,False,False
606,5.781,11.761,6.110,0.320,0.450,11.737,2.843,-2.843,18,28,0,34,6.835,6.804,4.693,7.983,1.401,6.395,5.687,12.206,6.395,184.902,20.529,3.010,False,False,False,False,False,False,False,False
607,8.328,1.944,6.139,0.320,0.450,11.730,2.641,-2.641,19,28,3,0,7.265,6.946,4.693,8.412,1.547,6.395,6.117,12.345,6.395,184.902,20.529,3.010,False,False,False,False,False,False,False,False
608,8.269,2.218,5.966,0.320,0.450,11.730,2.276,-2.276,19,28,3,1,7.265,6.946,4.693,8.412,1.547,6.395,6.117,12.345,6.395,184.902,20.529,3.010,False,False,False,False,False,False,False,False
609,8.209,2.504,5.814,0.320,0.450,11.730,1.924,-1.924,19,28,3,2,7.265,6.946,4.693,8.412,1.547,6.395,6.117,12.345,6.395,184.902,20.529,3.010,False,False,False,False,False,False,False,False
610,8.148,2.790,5.662,0.320,0.450,11.730,1.563,-1.563,19,28,3,3,7.265,6.946,4.693,8.412,1.547,6.395,6.117,12.345,6.395,184.902,20.529,3.010,False,False,False,False,False,False,False,False
611,8.086,3.083,5.527,0.320,0.450,11.730,1.208,-1.208,19,28,3,4,7.265,6.946,4.693,8.412,1.547,6.395,6.117,12.345,6.395,184.902,20.529,3.010,False,False,False,False,False,False,False,False
612,8.023,3.380,5.398,0.320,0.450,11.730,0.860,-0.860,19,28,3,5,7.265,6.946,4.693,8.412,1.547,6.395,6.117,12.345,6.395,184.902,20.529,3.010,False,False,False,False,False,False,False,False
613,7.959,3.680,5.278,0.320,0.450,11.730,0.542,-0.542,19,28,3,6,7.265,6.946,4.693,8.412,1.547,6.395,6.117,12.345,6.395,184.902,20.529,3.010,False,False,False,False,False,False,False,False
614,7.894,3.986,5.174,0.320,0.450,11.730,0.318,-0.318,19,28,3,7,7.265,6.946,4.693,8.412,1.547,6.395,6.117,12.345,6.395,184.902,20.529,3.010,False,False,False,False,False,False,False,False
615,7.829,4.292,5.071,0.320,0.450,11.730,0.152,-0.152,19,28,3,8,7.265,6.946,4.693,8.412,1.547,6.395,6.117,12.345,6.395,184.902,20.529,3.010,False,False,False,False,False,False,False,False
616,7.762,4.605,4.991,0.320,0.450,11.730,0.069,-0.069,19,28,3,9,7.265,6.946,4.693,8.412,1.547,6.395,6.117,12.345,6.395,184.902,20.529,3.010,False,False,False,False,False,False,False,False
617,7.696,4.918,4.913,0.320,0.450,11.730,0.030,-0.030,19,28,3,10,7.265,6.946,4.693,8.412,1.547,6.395,6.117,12.345,6.395,184.902,20.529,3.010,False,False,False,False,False,False,False,False
618,7.629,5.234,4.850,0.320,0.450,11.730,0.077,-0.077,19,28,3,11,7.265,6.946,4.693,8.412,1.547,6.395,6.117,12.345,6.395,184.902,20.529,3.010,False,False,False,False,False,False,False,False
619,7.561,5.552,4.797,0.320,0.450,11.730,0.206,-0.206,19,28,3,12,7.265,6.946,4.693,8.412,1.547,6.395,6.117,12.345,6.395,184.902,20.529,3.010,False,False,False,False,False,False,False,False
620,7.493,5.870,4.750,0.320,0.450,11.730,0.463,-0.463,19,28,3,13,7.265,6.946,4.693,8.412,1.547,6.395,6.117,12.345,6.395,184.902,20.529,3.010,False,False,False,False,False,False,False,False
621,7.425,6.191,4.724,0.320,0.450,11.730,0.863,-0.863,19,28,3,14,7.265,6.946,4.693,8.412,1.547,6.395,6.117,12.345,6.395,184.902,20.529,3.010,False,False,False,False,False,False,False,False
622,7.357,6.512,4.698,0.320,0.450,11.730,1.360,-1.360,19,28,3,15,7.265,6.946,4.693,8.412,1.547,6.395,6.117,12.345,6.395,184.902,20.529,3.010,False,False,False,False,False,False,False,False
623,7.288,6.834,4.693,0.320,0.450,11.730,1.592,-1.592,19,28,0,16,7.265,6.946,4.693,8.412,1.547,6.395,6.117,12.345,6.395,184.902,20.529,3.010,False,False,False,False,False,False,False,False
624,7.220,7.156,4.693,0.320,0.450,11.730,1.622,-1.622,19,28,0,17,7.265,6.946,4.693,8.412,1.547,6.395,6.117,12.345,6.395,184.902,20.529,3.010,False,False,False,False,False,False,False,False
625,7.152,7.478,4.706,0.320,0.450,11.730,1.586,-1.586,19,28,0,18,7.265,6.946,4.693,8.412,1.547,6.395,6.117,12.345,6.395,184.902,20.529,3.010,False,False,False,False,False,False,False,False
626,7.083,7.799,4.732,0.320,0.450,11.730,1.462,-1.462,19,28,0,19,7.265,6.946,4.693,8.412,1.547,6.395,6.117,12.345,6.395,184.902,20.529,3.010,False,False,False,False,False,False,False,False
627,7.015,8.120,4.761,0.320,0.450,11.730,1.235,-1.235,19,28,0,20,7.265,6.946,4.693,8.412,1.547,6.395,6.117,12.345,6.395,184.902,20.529,3.010,False,False,False,False,False,False,False,False
628,6.948,8.438,4.813,0.320,0.450,11.730,0.946,-0.946,19,28,0,21,7.265,6.946,4.693,8.412,1.547,6.395,6.117,12.345,6.395,184.902,20.529,3.010,False,False,False,False,False,False,False,False
629,6.880,8.756,4.866,0.320,0.450,11.730,0.701,-0.701,19,28,0,22,7.265,6.946,4.693,8.412,1.547,6.395,6.117,12.345,6.395,184.902,20.529,3.010,False,False,False,False,False,False,False,False
630,6.813,9.071,4.937,0.320,0.450,11.730,0.639,-0.639,19,28,0,23,7.265,6.946,4.693,8.412,1.547,6.395,6.117,12.345,6.395,184.902,20.529,3.010,False,False,False,False,False,False,False,False
631,6.746,9.384,5.015,0.320,0.450,11.730,0.654,-0.654,19,28,0,24,7.265,6.946,4.693,8.412,1.547,6.395,6.117,12.345,6.395,184.902,20.529,3.010,False,False,False,False,False,False,False,False
632,6.680,9.694,5.103,0.320,0.450,11.730,0.742,-0.742,19,28,0,25,7.265,6.946,4.693,8.412,1.547,6.395,6.117,12.345,6.395,184.902,20.529,3.010,False,False,False,False,False,False,False,False
633,6.615,10.001,5.206,0.320,0.450,11.730,0.968,-0.968,19,28,0,26,7.265,6.946,4.693,8.412,1.547,6.395,6.117,12.345,6.395,184.902,20.529,3.010,False,False,False,False,False,False,False,False
634,6.550,10.307,5.310,0.320,0.450,11.730,1.248,-1.248,19,28,0,27,7.265,6.946,4.693,8.412,1.547,6.395,6.117,12.345,6.395,184.902,20.529,3.010,False,False,False,False,False,False,False,False
635,6.487,10.604,5.438,0.320,0.450,11.730,1.574,-1.574,19,28,0,28,7.265,6.946,4.693,8.412,1.547,6.395,6.117,12.345,6.395,184.902,20.529,3.010,False,False,False,False,False,False,False,False
636,6.424,10.900,5.566,0.320,0.450,11.730,1.871,-1.871,19,28,0,29,7.265,6.946,4.693,8.412,1.547,6.395,6.117,12.345,6.395,184.902,20.529,3.010,False,False,False,False,False,False,False,False
637,6.363,11.190,5.709,0.320,0.450,11.730,2.144,-2.144,19,28,0,30,7.265,6.946,4.693,8.412,1.547,6.395,6.117,12.345,6.395,184.902,20.529,3.010,False,False,False,False,False,False,False,False
638,6.302,11.475,5.861,0.320,0.450,11.730,2.394,-2.394,19,28,0,31,7.265,6.946,4.693,8.412,1.547,6.395,6.117,12.345,6.395,184.902,20.529,3.010,False,False,False,False,False,False,False,False
639,6.242,11.758,6.018,0.320,0.450,11.730,2.673,-2.673,19,28,0,32,7.265,6.946,4.693,8.412,1.547,6.395,6.117,12.345,6.395,184.902,20.529,3.010,False,False,False,False,False,False,False,False
640,6.184,12.031,6.193,0.320,0.450,11.730,3.010,-3.010,19,28,0,33,7.265,6.946,4.693,8.412,1.547,6.395,6.117,12.345,6.395,184.902,20.529,3.010,False,False,False,False,False,False,False,False
641,8.784,1.960,6.224,0.320,0.450,11.722,2.813,-2.813,20,28,3,0,7.694,7.091,4.693,8.841,1.695,6.395,6.547,12.485,6.395,184.902,20.529,3.010,False,False,False,False,False,False,False,False
642,8.728,2.225,6.054,0.320,0.450,11.722,2.456,-2.456,20,28,3,1,7.694,7.091,4.693,8.841,1.695,6.395,6.547,12.485,6.395,184.902,20.529,3.010,False,False,False,False,False,False,False,False
643,8.670,2.498,5.896,0.320,0.450,11.722,2.116,-2.116,20,28,3,2,7.694,7.091,4.693,8.841,1.695,6.395,6.547,12.485,6.395,184.902,20.529,3.010,False,False,False,False,False,False,False,False
644,8.611,2.775,5.748,0.320,0.450,11.722,1.769,-1.769,20,28,3,3,7.694,7.091,4.693,8.841,1.695,6.395,6.547,12.485,6.395,184.902,20.529,3.010,False,False,False,False,False,False,False,False
645,8.552,3.054,5.603,0.320,0.450,11.722,1.410,-1.410,20,28,3,4,7.694,7.091,4.693,8.841,1.695,6.395,6.547,12.485,6.395,184.902,20.529,3.010,False,False,False,False,False,False,False,False
646,8.491,3.342,5.478,0.320,0.450,11.722,1.075,-1.075,20,28,3,5,7.694,7.091,4.693,8.841,1.695,6.395,6.547,12.485,6.395,184.902,20.529,3.010,False,False,False,False,False,False,False,False
647,8.429,3.630,5.354,0.320,0.450,11.722,0.774,-0.774,20,28,3,6,7.694,7.091,4.693,8.841,1.695,6.395,6.547,12.485,6.395,184.902,20.529,3.010,False,False,False,False,False,False,False,False
648,8.367,3.925,5.245,0.320,0.450,11.722,0.516,-0.516,20,28,3,7,7.694,7.091,4.693,8.841,1.695,6.395,6.547,12.485,6.395,184.902,20.529,3.010,False,False,False,False,False,False,False,False
649,8.304,4.222,5.144,0.320,0.450,11.722,0.300,-0.300,20,28,3,8,7.694,7.091,4.693,8.841,1.695,6.395,6.547,12.485,6.395,184.902,20.529,3.010,False,False,False,False,False,False,False,False
650,8.240,4.520,5.049,0.320,0.450,11.722,0.130,-0.130,20,28,3,9,7.694,7.091,4.693,8.841,1.695,6.395,6.547,12.485,6.395,184.902,20.529,3.010,False,False,False,False,False,False,False,False
651,8.176,4.824,4.973,0.320,0.450,11.722,0.080,-0.080,20,28,3,10,7.694,7.091,4.693,8.841,1.695,6.395,6.547,12.485,6.395,184.902,20.529,3.010,False,False,False,False,False,False,False,False
652,8.111,5.129,4.897,0.320,0.450,11.722,0.122,-0.122,20,28,3,11,7.694,7.091,4.693,8.841,1.695,6.395,6.547,12.485,6.395,184.902,20.529,3.010,False,False,False,False,False,False,False,False
653,8.046,5.436,4.840,0.320,0.450,11.722,0.283,-0.283,20,28,3,12,7.694,7.091,4.693,8.841,1.695,6.395,6.547,12.485,6.395,184.902,20.529,3.010,False,False,False,False,False,False,False,False
654,7.980,5.745,4.789,0.320,0.450,11.722,0.623,-0.623,20,28,3,13,7.694,7.091,4.693,8.841,1.695,6.395,6.547,12.485,6.395,184.902,20.529,3.010,False,False,False,False,False,False,False,False
655,7.914,6.056,4.747,0.320,0.450,11.722,1.190,-1.190,20,28,3,14,7.694,7.091,4.693,8.841,1.695,6.395,6.547,12.485,6.395,184.902,20.529,3.010,False,False,False,False,False,False,False,False
656,7.848,6.367,4.721,0.320,0.450,11.722,1.695,-1.695,20,28,3,15,7.694,7.091,4.693,8.841,1.695,6.395,6.547,12.485,6.395,184.902,20.529,3.010,False,False,False,False,False,False,False,False
657,7.781,6.679,4.696,0.320,0.450,11.722,2.005,-2.005,20,28,0,16,7.694,7.091,4.693,8.841,1.695,6.395,6.547,12.485,6.395,184.902,20.529,3.010,False,False,False,False,False,False,False,False
658,7.715,6.992,4.693,0.320,0.450,11.722,2.136,-2.136,20,28,0,17,7.694,7.091,4.693,8.841,1.695,6.395,6.547,12.485,6.395,184.902,20.529,3.010,False,False,False,False,False,False,False,False
659,7.648,7.305,4.693,0.320,0.450,11.722,2.122,-2.122,20,28,0,18,7.694,7.091,4.693,8.841,1.695,6.395,6.547,12.485,6.395,184.902,20.529,3.010,False,False,False,False,False,False,False,False
660,7.582,7.617,4.705,0.320,0.450,11.722,1.999,-1.999,20,28,0,19,7.694,7.091,4.693,8.841,1.695,6.395,6.547,12.485,6.395,184.902,20.529,3.010,False,False,False,False,False,False,False,False
661,7.516,7.929,4.731,0.320,0.450,11.722,1.805,-1.805,20,28,0,20,7.694,7.091,4.693,8.841,1.695,6.395,6.547,12.485,6.395,184.902,20.529,3.010,False,False,False,False,False,False,False,False
662,7.449,8.241,4.757,0.320,0.450,11.722,1.523,-1.523,20,28,0,21,7.694,7.091,4.693,8.841,1.695,6.395,6.547,12.485,6.395,184.902,20.529,3.010,False,False,False,False,False,False,False,False
663,7.384,8.550,4.808,0.320,0.450,11.722,1.248,-1.248,20,28,0,22,7.694,7.091,4.693,8.841,1.695,6.395,6.547,12.485,6.395,184.902,20.529,3.010,False,False,False,False,False,False,False,False
664,7.318,8.859,4.859,0.320,0.450,11.722,1.052,-1.052,20,28,0,23,7.694,7.091,4.693,8.841,1.695,6.395,6.547,12.485,6.395,184.902,20.529,3.010,False,False,False,False,False,False,False,False
665,7.253,9.165,4.925,0.320,0.450,11.722,1.072,-1.072,20,28,0,24,7.694,7.091,4.693,8.841,1.695,6.395,6.547,12.485,6.395,184.902,20.529,3.010,False,False,False,False,False,False,False,False
666,7.188,9.469,5.001,0.320,0.450,11.722,1.101,-1.101,20,28,0,25,7.694,7.091,4.693,8.841,1.695,6.395,6.547,12.485,6.395,184.902,20.529,3.010,False,False,False,False,False,False,False,False
667,7.124,9.773,5.081,0.320,0.450,11.722,1.170,-1.170,20,28,0,26,7.694,7.091,4.693,8.841,1.695,6.395,6.547,12.485,6.395,184.902,20.529,3.010,False,False,False,False,False,False,False,False
668,7.061,10.070,5.182,0.320,0.450,11.722,1.286,-1.286,20,28,0,27,7.694,7.091,4.693,8.841,1.695,6.395,6.547,12.485,6.395,184.902,20.529,3.010,False,False,False,False,False,False,False,False
669,6.997,10.368,5.283,0.320,0.450,11.722,1.473,-1.473,20,28,0,28,7.694,7.091,4.693,8.841,1.695,6.395,6.547,12.485,6.395,184.902,20.529,3.010,False,False,False,False,False,False,False,False
670,6.936,10.659,5.400,0.320,0.450,11.722,1.694,-1.694,20,28,0,29,7.694,7.091,4.693,8.841,1.695,6.395,6.547,12.485,6.395,184.902,20.529,3.010,False,False,False,False,False,False,False,False
671,6.874,10.946,5.525,0.320,0.450,11.722,1.912,-1.912,20,28,0,30,7.694,7.091,4.693,8.841,1.695,6.395,6.547,12.485,6.395,184.902,20.529,3.010,False,False,False,False,False,False,False,False
672,6.814,11.231,5.655,0.320,0.450,11.722,2.090,-2.090,20,28,0,31,7.694,7.091,4.693,8.841,1.695,6.395,6.547,12.485,6.395,184.902,20.529,3.010,False,False,False,False,False,False,False,False
673,6.755,11.509,5.803,0.320,0.450,11.722,2.274,-2.274,20,28,0,32,7.694,7.091,4.693,8.841,1.695,6.395,6.547,12.485,6.395,184.902,20.529,3.010,False,False,False,False,False,False,False,False
674,6.696,11.786,5.951,0.320,0.450,11.722,2.575,-2.575,20,28,0,33,7.694,7.091,4.693,8.841,1.695,6.395,6.547,12.485,6.395,184.902,20.529,3.010,False,False,False,False,False,False,False,False
675,6.639,12.053,6.117,0.320,0.450,11.722,2.910,-2.910,20,28,0,34,7.694,7.091,4.693,8.841,1.695,6.395,6.547,12.485,6.395,184.902,20.529,3.010,False,False,False,False,False,False,False,False
676,9.184,2.244,6.139,0.320,0.450,11.713,2.511,-2.511,21,28,3,0,8.123,7.237,4.693,9.269,1.846,6.395,6.977,12.627,6.395,184.902,20.529,3.010,False,False,False,False,False,False,False,False
677,9.128,2.509,5.970,0.320,0.450,11.713,2.165,-2.165,21,28,3,1,8.123,7.237,4.693,9.269,1.846,6.395,6.977,12.627,6.395,184.902,20.529,3.010,False,False,False,False,False,False,False,False
678,9.069,2.787,5.822,0.320,0.450,11.713,1.829,-1.829,21,28,3,2,8.123,7.237,4.693,9.269,1.846,6.395,6.977,12.627,6.395,184.902,20.529,3.010,False,False,False,False,False,False,False,False
679,9.010,3.064,5.674,0.320,0.450,11.713,1.502,-1.502,21,28,3,3,8.123,7.237,4.693,9.269,1.846,6.395,6.977,12.627,6.395,184.902,20.529,3.010,False,False,False,False,False,False,False,False
680,8.949,3.348,5.540,0.320,0.450,11.713,1.199,-1.199,21,28,3,4,8.123,7.237,4.693,9.269,1.846,6.395,6.977,12.627,6.395,184.902,20.529,3.010,False,False,False,False,False,False,False,False
681,8.888,3.637,5.415,0.320,0.450,11.713,0.928,-0.928,21,28,3,5,8.123,7.237,4.693,9.269,1.846,6.395,6.977,12.627,6.395,184.902,20.529,3.010,False,False,False,False,False,False,False,False
682,8.827,3.926,5.295,0.320,0.450,11.713,0.678,-0.678,21,28,3,6,8.123,7.237,4.693,9.269,1.846,6.395,6.977,12.627,6.395,184.902,20.529,3.010,False,False,False,False,False,False,False,False
683,8.763,4.223,5.194,0.320,0.450,11.713,0.482,-0.482,21,28,3,7,8.123,7.237,4.693,9.269,1.846,6.395,6.977,12.627,6.395,184.902,20.529,3.010,False,False,False,False,False,False,False,False
684,8.700,4.521,5.093,0.320,0.450,11.713,0.314,-0.314,21,28,3,8,8.123,7.237,4.693,9.269,1.846,6.395,6.977,12.627,6.395,184.902,20.529,3.010,False,False,False,False,False,False,False,False
685,8.636,4.823,5.010,0.320,0.450,11.713,0.234,-0.234,21,28,3,9,8.123,7.237,4.693,9.269,1.846,6.395,6.977,12.627,6.395,184.902,20.529,3.010,False,False,False,False,False,False,False,False
686,8.571,5.127,4.934,0.320,0.450,11.713,0.293,-0.293,21,28,3,10,8.123,7.237,4.693,9.269,1.846,6.395,6.977,12.627,6.395,184.902,20.529,3.010,False,False,False,False,False,False,False,False
687,8.506,5.432,4.865,0.320,0.450,11.713,0.496,-0.496,21,28,3,11,8.123,7.237,4.693,9.269,1.846,6.395,6.977,12.627,6.395,184.902,20.529,3.010,False,False,False,False,False,False,False,False
688,8.441,5.741,4.814,0.320,0.450,11.713,0.913,-0.913,21,28,3,12,8.123,7.237,4.693,9.269,1.846,6.395,6.977,12.627,6.395,184.902,20.529,3.010,False,False,False,False,False,False,False,False
689,8.375,6.050,4.763,0.320,0.450,11.713,1.494,-1.494,21,28,3,13,8.123,7.237,4.693,9.269,1.846,6.395,6.977,12.627,6.395,184.902,20.529,3.010,False,False,False,False,False,False,False,False
690,8.309,6.362,4.734,0.320,0.450,11.713,1.962,-1.962,21,28,3,14,8.123,7.237,4.693,9.269,1.846,6.395,6.977,12.627,6.395,184.902,20.529,3.010,False,False,False,False,False,False,False,False
691,8.243,6.674,4.708,0.320,0.450,11.713,2.635,-2.635,21,28,3,15,8.123,7.237,4.693,9.269,1.846,6.395,6.977,12.627,6.395,184.902,20.529,3.010,False,False,False,False,False,False,False,False
692,8.176,6.986,4.693,0.320,0.450,11.713,2.838,-2.838,21,28,0,16,8.123,7.237,4.693,9.269,1.846,6.395,6.977,12.627,6.395,184.902,20.529,3.010,False,False,False,False,False,False,False,False
693,8.110,7.299,4.693,0.320,0.450,11.713,2.315,-2.315,21,28,0,17,8.123,7.237,4.693,9.269,1.846,6.395,6.977,12.627,6.395,184.902,20.529,3.010,False,False,False,False,False,False,False,False
694,8.043,7.612,4.693,0.320,0.450,11.713,2.167,-2.167,21,28,0,18,8.123,7.237,4.693,9.269,1.846,6.395,6.977,12.627,6.395,184.902,20.529,3.010,False,False,False,False,False,False,False,False
695,7.977,7.924,4.719,0.320,0.450,11.713,1.983,-1.983,21,28,0,19,8.123,7.237,4.693,9.269,1.846,6.395,6.977,12.627,6.395,184.902,20.529,3.010,False,False,False,False,False,False,False,False
696,7.911,8.235,4.744,0.320,0.450,11.713,1.760,-1.760,21,28,0,20,8.123,7.237,4.693,9.269,1.846,6.395,6.977,12.627,6.395,184.902,20.529,3.010,False,False,False,False,False,False,False,False
697,7.845,8.546,4.784,0.320,0.450,11.713,1.577,-1.577,21,28,0,21,8.123,7.237,4.693,9.269,1.846,6.395,6.977,12.627,6.395,184.902,20.529,3.010,False,False,False,False,False,False,False,False
698,7.779,8.855,4.835,0.320,0.450,11.713,1.445,-1.445,21,28,0,22,8.123,7.237,4.693,9.269,1.846,6.395,6.977,12.627,6.395,184.902,20.529,3.010,False,False,False,False,False,False,False,False
699,7.713,9.164,4.888,0.320,0.450,11.713,1.508,-1.508,21,28,0,23,8.123,7.237,4.693,9.269,1.846,6.395,6.977,12.627,6.395,184.902,20.529,3.010,False,False,False,False,False,False,False,False
700,7.649,9.468,4.965,0.320,0.450,11.713,1.581,-1.581,21,28,0,24,8.123,7.237,4.693,9.269,1.846,6.395,6.977,12.627,6.395,184.902,20.529,3.010,False,False,False,False,False,False,False,False
701,7.584,9.772,5.041,0.320,0.450,11.713,1.617,-1.617,21,28,0,25,8.123,7.237,4.693,9.269,1.846,6.395,6.977,12.627,6.395,184.902,20.529,3.010,False,False,False,False,False,False,False,False
702,7.520,10.072,5.133,0.320,0.450,11.713,1.647,-1.647,21,28,0,26,8.123,7.237,4.693,9.269,1.846,6.395,6.977,12.627,6.395,184.902,20.529,3.010,False,False,False,False,False,False,False,False
703,7.457,10.369,5.235,0.320,0.450,11.713,1.688,-1.688,21,28,0,27,8.123,7.237,4.693,9.269,1.846,6.395,6.977,12.627,6.395,184.902,20.529,3.010,False,False,False,False,False,False,False,False
704,7.394,10.665,5.341,0.320,0.450,11.713,1.774,-1.774,21,28,0,28,8.123,7.237,4.693,9.269,1.846,6.395,6.977,12.627,6.395,184.902,20.529,3.010,False,False,False,False,False,False,False,False
705,7.333,10.952,5.466,0.320,0.450,11.713,1.900,-1.900,21,28,0,29,8.123,7.237,4.693,9.269,1.846,6.395,6.977,12.627,6.395,184.902,20.529,3.010,False,False,False,False,False,False,False,False
706,7.272,11.240,5.590,0.320,0.450,11.713,2.014,-2.014,21,28,0,30,8.123,7.237,4.693,9.269,1.846,6.395,6.977,12.627,6.395,184.902,20.529,3.010,False,False,False,False,False,False,False,False
707,7.213,11.520,5.733,0.320,0.450,11.713,2.133,-2.133,21,28,0,31,8.123,7.237,4.693,9.269,1.846,6.395,6.977,12.627,6.395,184.902,20.529,3.010,False,False,False,False,False,False,False,False
708,7.154,11.797,5.881,0.320,0.450,11.713,2.451,-2.451,21,28,0,32,8.123,7.237,4.693,9.269,1.846,6.395,6.977,12.627,6.395,184.902,20.529,3.010,False,False,False,False,False,False,False,False
709,7.096,12.070,6.037,0.320,0.450,11.713,2.824,-2.824,21,28,0,33,8.123,7.237,4.693,9.269,1.846,6.395,6.977,12.627,6.395,184.902,20.529,3.010,False,False,False,False,False,False,False,False
710,7.039,12.335,6.207,0.320,0.450,11.713,3.276,-3.276,21,28,0,34,8.123,7.237,4.693,9.269,1.846,6.395,6.977,12.627,6.395,184.902,20.529,3.010,False,False,False,False,False,False,False,False
711,9.643,2.248,6.200,0.320,0.450,10.190,2.406,-2.406,22,28,3,0,8.721,6.589,4.694,9.696,1.999,6.395,7.745,11.179,6.395,184.902,20.529,3.010,False,False,False,False,False,False,False,False
712,9.589,2.505,6.000,0.320,0.450,10.190,2.101,-2.101,22,28,3,1,8.721,6.589,4.694,9.696,1.999,6.395,7.745,11.179,6.395,184.902,20.529,3.010,False,False,False,False,False,False,False,False
713,9.531,2.778,5.822,0.320,0.450,10.190,1.789,-1.789,22,28,3,2,8.721,6.589,4.694,9.696,1.999,6.395,7.745,11.179,6.395,184.902,20.529,3.010,False,False,False,False,False,False,False,False
714,9.472,3.053,5.646,0.320,0.450,10.190,1.485,-1.485,22,28,3,3,8.721,6.589,4.694,9.696,1.999,6.395,7.745,11.179,6.395,184.902,20.529,3.010,False,False,False,False,False,False,False,False
715,9.411,3.340,5.494,0.320,0.450,10.190,1.202,-1.202,22,28,3,4,8.721,6.589,4.694,9.696,1.999,6.395,7.745,11.179,6.395,184.902,20.529,3.010,False,False,False,False,False,False,False,False
716,9.350,3.630,5.345,0.320,0.450,10.190,0.930,-0.930,22,28,3,5,8.721,6.589,4.694,9.696,1.999,6.395,7.745,11.179,6.395,184.902,20.529,3.010,False,False,False,False,False,False,False,False
717,9.286,3.929,5.220,0.320,0.450,10.190,0.700,-0.700,22,28,3,6,8.721,6.589,4.694,9.696,1.999,6.395,7.745,11.179,6.395,184.902,20.529,3.010,False,False,False,False,False,False,False,False
718,9.222,4.231,5.099,0.320,0.450,10.190,0.509,-0.509,22,28,3,7,8.721,6.589,4.694,9.696,1.999,6.395,7.745,11.179,6.395,184.902,20.529,3.010,False,False,False,False,False,False,False,False
719,9.156,4.539,5.001,0.320,0.450,10.190,0.381,-0.381,22,28,3,8,8.721,6.589,4.694,9.696,1.999,6.395,7.745,11.179,6.395,184.902,20.529,3.010,False,False,False,False,False,False,False,False
720,9.090,4.850,4.909,0.320,0.450,10.190,0.295,-0.295,22,28,3,9,8.721,6.589,4.694,9.696,1.999,6.395,7.745,11.179,6.395,184.902,20.529,3.010,False,False,False,False,False,False,False,False
721,9.023,5.166,4.839,0.320,0.450,10.190,0.340,-0.340,22,28,3,10,8.721,6.589,4.694,9.696,1.999,6.395,7.745,11.179,6.395,184.902,20.529,3.010,False,False,False,False,False,False,False,False
722,8.955,5.484,4.778,0.320,0.450,10.190,0.561,-0.561,22,28,3,11,8.721,6.589,4.694,9.696,1.999,6.395,7.745,11.179,6.395,184.902,20.529,3.010,False,False,False,False,False,False,False,False
723,8.887,5.805,4.737,0.320,0.450,10.190,0.992,-0.992,22,28,3,12,8.721,6.589,4.694,9.696,1.999,6.395,7.745,11.179,6.395,184.902,20.529,3.010,False,False,False,False,False,False,False,False
724,8.819,6.128,4.706,0.320,0.450,10.190,1.493,-1.493,22,28,3,13,8.721,6.589,4.694,9.696,1.999,6.395,7.745,11.179,6.395,184.902,20.529,3.010,False,False,False,False,False,False,False,False
725,8.750,6.451,4.694,0.320,0.450,10.190,1.876,-1.876,22,28,3,14,8.721,6.589,4.694,9.696,1.999,6.395,7.745,11.179,6.395,184.902,20.529,3.010,False,False,False,False,False,False,False,False
726,8.681,6.775,4.694,0.320,0.450,10.190,2.076,-2.076,22,28,3,15,8.721,6.589,4.694,9.696,1.999,6.395,7.745,11.179,6.395,184.902,20.529,3.010,False,False,False,False,False,False,False,False
727,8.613,7.098,4.710,0.320,0.450,10.190,2.195,-2.195,22,28,0,16,8.721,6.589,4.694,9.696,1.999,6.395,7.745,11.179,6.395,184.902,20.529,3.010,False,False,False,False,False,False,False,False
728,8.544,7.420,4.741,0.320,0.450,10.190,2.168,-2.168,22,28,0,17,8.721,6.589,4.694,9.696,1.999,6.395,7.745,11.179,6.395,184.902,20.529,3.010,False,False,False,False,False,False,False,False
729,8.476,7.740,4.787,0.320,0.450,10.190,2.093,-2.093,22,28,0,18,8.721,6.589,4.694,9.696,1.999,6.395,7.745,11.179,6.395,184.902,20.529,3.010,False,False,False,False,False,False,False,False
730,8.408,8.058,4.848,0.320,0.450,10.190,1.984,-1.984,22,28,0,19,8.721,6.589,4.694,9.696,1.999,6.395,7.745,11.179,6.395,184.902,20.529,3.010,False,False,False,False,False,False,False,False
731,8.341,8.373,4.923,0.320,0.450,10.190,1.855,-1.855,22,28,0,20,8.721,6.589,4.694,9.696,1.999,6.395,7.745,11.179,6.395,184.902,20.529,3.010,False,False,False,False,False,False,False,False
732,8.275,8.684,5.014,0.320,0.450,10.190,1.879,-1.879,22,28,0,21,8.721,6.589,4.694,9.696,1.999,6.395,7.745,11.179,6.395,184.902,20.529,3.010,False,False,False,False,False,False,False,False
733,8.210,8.992,5.117,0.320,0.450,10.190,2.029,-2.029,22,28,0,22,8.721,6.589,4.694,9.696,1.999,6.395,7.745,11.179,6.395,184.902,20.529,3.010,False,False,False,False,False,False,False,False
734,8.146,9.293,5.237,0.320,0.450,10.190,2.210,-2.210,22,28,0,23,8.721,6.589,4.694,9.696,1.999,6.395,7.745,11.179,6.395,184.902,20.529,3.010,False,False,False,False,False,False,False,False
735,8.083,9.590,5.367,0.320,0.450,10.190,2.362,-2.362,22,28,0,24,8.721,6.589,4.694,9.696,1.999,6.395,7.745,11.179,6.395,184.902,20.529,3.010,False,False,False,False,False,False,False,False
736,8.021,9.880,5.516,0.320,0.450,10.190,2.470,-2.470,22,28,0,25,8.721,6.589,4.694,9.696,1.999,6.395,7.745,11.179,6.395,184.902,20.529,3.010,False,False,False,False,False,False,False,False
737,7.960,10.166,5.672,0.320,0.450,10.190,2.539,-2.539,22,28,0,26,8.721,6.589,4.694,9.696,1.999,6.395,7.745,11.179,6.395,184.902,20.529,3.010,False,False,False,False,False,False,False,False
738,7.902,10.441,5.848,0.320,0.450,10.190,2.593,-2.593,22,28,0,27,8.721,6.589,4.694,9.696,1.999,6.395,7.745,11.179,6.395,184.902,20.529,3.010,False,False,False,False,False,False,False,False
739,7.844,10.711,6.029,0.320,0.450,10.190,2.615,-2.615,22,28,0,28,8.721,6.589,4.694,9.696,1.999,6.395,7.745,11.179,6.395,184.902,20.529,3.010,False,False,False,False,False,False,False,False
740,10.039,2.551,6.140,0.320,0.450,11.737,2.120,-2.120,23,28,3,0,8.975,7.557,4.693,10.123,2.154,6.395,7.827,12.959,6.395,184.902,20.529,3.010,False,False,False,False,False,False,False,False
741,9.981,2.825,5.966,0.320,0.450,11.737,1.853,-1.853,23,28,3,1,8.975,7.557,4.693,10.123,2.154,6.395,7.827,12.959,6.395,184.902,20.529,3.010,False,False,False,False,False,False,False,False
742,9.920,3.111,5.814,0.320,0.450,11.737,1.590,-1.590,23,28,3,2,8.975,7.557,4.693,10.123,2.154,6.395,7.827,12.959,6.395,184.902,20.529,3.010,False,False,False,False,False,False,False,False
743,9.859,3.397,5.662,0.320,0.450,11.737,1.339,-1.339,23,28,3,3,8.975,7.557,4.693,10.123,2.154,6.395,7.827,12.959,6.395,184.902,20.529,3.010,False,False,False,False,False,False,False,False
744,9.797,3.690,5.527,0.320,0.450,11.737,1.108,-1.108,23,28,3,4,8.975,7.557,4.693,10.123,2.154,6.395,7.827,12.959,6.395,184.902,20.529,3.010,False,False,False,False,False,False,False,False
745,9.734,3.987,5.399,0.320,0.450,11.737,0.914,-0.914,23,28,3,5,8.975,7.557,4.693,10.123,2.154,6.395,7.827,12.959,6.395,184.902,20.529,3.010,False,False,False,False,False,False,False,False
746,9.670,4.287,5.278,0.320,0.450,11.737,0.759,-0.759,23,28,3,6,8.975,7.557,4.693,10.123,2.154,6.395,7.827,12.959,6.395,184.902,20.529,3.010,False,False,False,False,False,False,False,False
747,9.605,4.593,5.175,0.320,0.450,11.737,0.657,-0.657,23,28,3,7,8.975,7.557,4.693,10.123,2.154,6.395,7.827,12.959,6.395,184.902,20.529,3.010,False,False,False,False,False,False,False,False
748,9.540,4.899,5.071,0.320,0.450,11.737,0.590,-0.590,23,28,3,8,8.975,7.557,4.693,10.123,2.154,6.395,7.827,12.959,6.395,184.902,20.529,3.010,False,False,False,False,False,False,False,False
749,9.474,5.211,4.992,0.320,0.450,11.737,0.589,-0.589,23,28,3,9,8.975,7.557,4.693,10.123,2.154,6.395,7.827,12.959,6.395,184.902,20.529,3.010,False,False,False,False,False,False,False,False
750,9.407,5.524,4.913,0.320,0.450,11.737,0.653,-0.653,23,28,3,10,8.975,7.557,4.693,10.123,2.154,6.395,7.827,12.959,6.395,184.902,20.529,3.010,False,False,False,False,False,False,False,False
751,9.340,5.840,4.850,0.320,0.450,11.737,0.904,-0.904,23,28,3,11,8.975,7.557,4.693,10.123,2.154,6.395,7.827,12.959,6.395,184.902,20.529,3.010,False,False,False,False,False,False,False,False
752,9.272,6.158,4.798,0.320,0.450,11.737,1.248,-1.248,23,28,3,12,8.975,7.557,4.693,10.123,2.154,6.395,7.827,12.959,6.395,184.902,20.529,3.010,False,False,False,False,False,False,False,False
753,9.204,6.477,4.751,0.320,0.450,11.737,1.566,-1.566,23,28,3,13,8.975,7.557,4.693,10.123,2.154,6.395,7.827,12.959,6.395,184.902,20.529,3.010,False,False,False,False,False,False,False,False
754,9.136,6.798,4.724,0.320,0.450,11.737,1.715,-1.715,23,28,3,14,8.975,7.557,4.693,10.123,2.154,6.395,7.827,12.959,6.395,184.902,20.529,3.010,False,False,False,False,False,False,False,False
755,9.068,7.119,4.698,0.320,0.450,11.737,1.793,-1.793,23,28,0,15,8.975,7.557,4.693,10.123,2.154,6.395,7.827,12.959,6.395,184.902,20.529,3.010,False,False,False,False,False,False,False,False
756,9.000,7.441,4.693,0.320,0.450,11.737,1.806,-1.806,23,28,0,16,8.975,7.557,4.693,10.123,2.154,6.395,7.827,12.959,6.395,184.902,20.529,3.010,False,False,False,False,False,False,False,False
757,8.931,7.763,4.693,0.320,0.450,11.737,1.732,-1.732,23,28,0,17,8.975,7.557,4.693,10.123,2.154,6.395,7.827,12.959,6.395,184.902,20.529,3.010,False,False,False,False,False,False,False,False
758,8.863,8.085,4.705,0.320,0.450,11.737,1.626,-1.626,23,28,0,18,8.975,7.557,4.693,10.123,2.154,6.395,7.827,12.959,6.395,184.902,20.529,3.010,False,False,False,False,False,False,False,False
759,8.795,8.406,4.732,0.320,0.450,11.737,1.530,-1.530,23,28,0,19,8.975,7.557,4.693,10.123,2.154,6.395,7.827,12.959,6.395,184.902,20.529,3.010,False,False,False,False,False,False,False,False
760,8.726,8.727,4.760,0.320,0.450,11.737,1.609,-1.609,23,28,0,20,8.975,7.557,4.693,10.123,2.154,6.395,7.827,12.959,6.395,184.902,20.529,3.010,False,False,False,False,False,False,False,False
761,8.659,9.045,4.813,0.320,0.450,11.737,1.828,-1.828,23,28,0,21,8.975,7.557,4.693,10.123,2.154,6.395,7.827,12.959,6.395,184.902,20.529,3.010,False,False,False,False,False,False,False,False
762,8.591,9.363,4.865,0.320,0.450,11.737,1.998,-1.998,23,28,0,22,8.975,7.557,4.693,10.123,2.154,6.395,7.827,12.959,6.395,184.902,20.529,3.010,False,False,False,False,False,False,False,False
763,8.524,9.678,4.936,0.320,0.450,11.737,2.104,-2.104,23,28,0,23,8.975,7.557,4.693,10.123,2.154,6.395,7.827,12.959,6.395,184.902,20.529,3.010,False,False,False,False,False,False,False,False
764,8.458,9.991,5.014,0.320,0.450,11.737,2.160,-2.160,23,28,0,24,8.975,7.557,4.693,10.123,2.154,6.395,7.827,12.959,6.395,184.902,20.529,3.010,False,False,False,False,False,False,False,False
765,8.392,10.302,5.101,0.320,0.450,11.737,2.157,-2.157,23,28,0,25,8.975,7.557,4.693,10.123,2.154,6.395,7.827,12.959,6.395,184.902,20.529,3.010,False,False,False,False,False,False,False,False
766,8.326,10.608,5.205,0.320,0.450,11.737,2.055,-2.055,23,28,0,26,8.975,7.557,4.693,10.123,2.154,6.395,7.827,12.959,6.395,184.902,20.529,3.010,False,False,False,False,False,False,False,False
767,8.261,10.914,5.309,0.320,0.450,11.737,1.955,-1.955,23,28,0,27,8.975,7.557,4.693,10.123,2.154,6.395,7.827,12.959,6.395,184.902,20.529,3.010,False,False,False,False,False,False,False,False
768,8.198,11.211,5.436,0.320,0.450,11.737,1.939,-1.939,23,28,0,28,8.975,7.557,4.693,10.123,2.154,6.395,7.827,12.959,6.395,184.902,20.529,3.010,False,False,False,False,False,False,False,False
769,8.135,11.507,5.564,0.320,0.450,11.737,2.011,-2.011,23,28,0,29,8.975,7.557,4.693,10.123,2.154,6.395,7.827,12.959,6.395,184.902,20.529,3.010,False,False,False,False,False,False,False,False
770,8.074,11.797,5.706,0.320,0.450,11.737,2.091,-2.091,23,28,0,30,8.975,7.557,4.693,10.123,2.154,6.395,7.827,12.959,6.395,184.902,20.529,3.010,False,False,False,False,False,False,False,False
771,8.013,12.083,5.858,0.320,0.450,11.737,2.319,-2.319,23,28,0,31,8.975,7.557,4.693,10.123,2.154,6.395,7.827,12.959,6.395,184.902,20.529,3.010,False,False,False,False,False,False,False,False
772,7.953,12.366,6.014,0.320,0.450,11.737,2.610,-2.610,23,28,0,32,8.975,7.557,4.693,10.123,2.154,6.395,7.827,12.959,6.395,184.902,20.529,3.010,False,False,False,False,False,False,False,False
773,7.895,12.639,6.189,0.320,0.450,11.737,3.167,-3.167,23,28,0,33,8.975,7.557,4.693,10.123,2.154,6.395,7.827,12.959,6.395,184.902,20.529,3.010,False,False,False,False,False,False,False,False
774,10.494,2.575,6.225,0.320,0.450,11.785,2.128,-2.128,24,28,3,0,9.397,7.737,4.693,10.550,2.309,6.395,8.243,13.163,6.395,184.902,20.529,3.010,False,False,False,False,False,False,False,False
775,10.437,2.841,6.056,0.320,0.450,11.785,1.898,-1.898,24,28,3,1,9.397,7.737,4.693,10.550,2.309,6.395,8.243,13.163,6.395,184.902,20.529,3.010,False,False,False,False,False,False,False,False
776,10.380,3.113,5.899,0.320,0.450,11.785,1.642,-1.642,24,28,3,2,9.397,7.737,4.693,10.550,2.309,6.395,8.243,13.163,6.395,184.902,20.529,3.010,False,False,False,False,False,False,False,False
777,10.321,3.391,5.751,0.320,0.450,11.785,1.411,-1.411,24,28,3,3,9.397,7.737,4.693,10.550,2.309,6.395,8.243,13.163,6.395,184.902,20.529,3.010,False,False,False,False,False,False,False,False
778,10.261,3.670,5.606,0.320,0.450,11.785,1.184,-1.184,24,28,3,4,9.397,7.737,4.693,10.550,2.309,6.395,8.243,13.163,6.395,184.902,20.529,3.010,False,False,False,False,False,False,False,False
779,10.200,3.958,5.482,0.320,0.450,11.785,1.019,-1.019,24,28,3,5,9.397,7.737,4.693,10.550,2.309,6.395,8.243,13.163,6.395,184.902,20.529,3.010,False,False,False,False,False,False,False,False
780,10.139,4.247,5.358,0.320,0.450,11.785,0.880,-0.880,24,28,3,6,9.397,7.737,4.693,10.550,2.309,6.395,8.243,13.163,6.395,184.902,20.529,3.010,False,False,False,False,False,False,False,False
781,10.076,4.541,5.249,0.320,0.450,11.785,0.780,-0.780,24,28,3,7,9.397,7.737,4.693,10.550,2.309,6.395,8.243,13.163,6.395,184.902,20.529,3.010,False,False,False,False,False,False,False,False
782,10.013,4.838,5.149,0.320,0.450,11.785,0.719,-0.719,24,28,3,8,9.397,7.737,4.693,10.550,2.309,6.395,8.243,13.163,6.395,184.902,20.529,3.010,False,False,False,False,False,False,False,False
783,9.950,5.136,5.053,0.320,0.450,11.785,0.681,-0.681,24,28,3,9,9.397,7.737,4.693,10.550,2.309,6.395,8.243,13.163,6.395,184.902,20.529,3.010,False,False,False,False,False,False,False,False
784,9.885,5.440,4.977,0.320,0.450,11.785,0.671,-0.671,24,28,3,10,9.397,7.737,4.693,10.550,2.309,6.395,8.243,13.163,6.395,184.902,20.529,3.010,False,False,False,False,False,False,False,False
785,9.820,5.744,4.901,0.320,0.450,11.785,0.678,-0.678,24,28,3,11,9.397,7.737,4.693,10.550,2.309,6.395,8.243,13.163,6.395,184.902,20.529,3.010,False,False,False,False,False,False,False,False
786,9.755,6.052,4.844,0.320,0.450,11.785,0.827,-0.827,24,28,3,12,9.397,7.737,4.693,10.550,2.309,6.395,8.243,13.163,6.395,184.902,20.529,3.010,False,False,False,False,False,False,False,False
787,9.689,6.361,4.793,0.320,0.450,11.785,1.056,-1.056,24,28,3,13,9.397,7.737,4.693,10.550,2.309,6.395,8.243,13.163,6.395,184.902,20.529,3.010,False,False,False,False,False,False,False,False
788,9.623,6.671,4.749,0.320,0.450,11.785,1.223,-1.223,24,28,3,14,9.397,7.737,4.693,10.550,2.309,6.395,8.243,13.163,6.395,184.902,20.529,3.010,False,False,False,False,False,False,False,False
789,9.557,6.983,4.724,0.320,0.450,11.785,1.327,-1.327,24,28,3,15,9.397,7.737,4.693,10.550,2.309,6.395,8.243,13.163,6.395,184.902,20.529,3.010,False,False,False,False,False,False,False,False
790,9.491,7.295,4.698,0.320,0.450,11.785,1.394,-1.394,24,28,0,16,9.397,7.737,4.693,10.550,2.309,6.395,8.243,13.163,6.395,184.902,20.529,3.010,False,False,False,False,False,False,False,False
791,9.424,7.607,4.693,0.320,0.450,11.785,1.380,-1.380,24,28,0,17,9.397,7.737,4.693,10.550,2.309,6.395,8.243,13.163,6.395,184.902,20.529,3.010,False,False,False,False,False,False,False,False
792,9.358,7.920,4.693,0.320,0.450,11.785,1.295,-1.295,24,28,0,18,9.397,7.737,4.693,10.550,2.309,6.395,8.243,13.163,6.395,184.902,20.529,3.010,False,False,False,False,False,False,False,False
793,9.291,8.233,4.703,0.320,0.450,11.785,1.215,-1.215,24,28,0,19,9.397,7.737,4.693,10.550,2.309,6.395,8.243,13.163,6.395,184.902,20.529,3.010,False,False,False,False,False,False,False,False
794,9.225,8.545,4.728,0.320,0.450,11.785,1.261,-1.261,24,28,0,20,9.397,7.737,4.693,10.550,2.309,6.395,8.243,13.163,6.395,184.902,20.529,3.010,False,False,False,False,False,False,False,False
795,9.159,8.856,4.754,0.320,0.450,11.785,1.516,-1.516,24,28,0,21,9.397,7.737,4.693,10.550,2.309,6.395,8.243,13.163,6.395,184.902,20.529,3.010,False,False,False,False,False,False,False,False
796,9.093,9.166,4.802,0.320,0.450,11.785,1.849,-1.849,24,28,0,22,9.397,7.737,4.693,10.550,2.309,6.395,8.243,13.163,6.395,184.902,20.529,3.010,False,False,False,False,False,False,False,False
797,9.027,9.475,4.853,0.320,0.450,11.785,2.016,-2.016,24,28,0,23,9.397,7.737,4.693,10.550,2.309,6.395,8.243,13.163,6.395,184.902,20.529,3.010,False,False,False,False,False,False,False,False
798,8.962,9.782,4.915,0.320,0.450,11.785,2.108,-2.108,24,28,0,24,9.397,7.737,4.693,10.550,2.309,6.395,8.243,13.163,6.395,184.902,20.529,3.010,False,False,False,False,False,False,False,False
799,8.897,10.086,4.991,0.320,0.450,11.785,2.153,-2.153,24,28,0,25,9.397,7.737,4.693,10.550,2.309,6.395,8.243,13.163,6.395,184.902,20.529,3.010,False,False,False,False,False,False,False,False
800,8.833,10.390,5.066,0.320,0.450,11.785,2.138,-2.138,24,28,0,26,9.397,7.737,4.693,10.550,2.309,6.395,8.243,13.163,6.395,184.902,20.529,3.010,False,False,False,False,False,False,False,False
801,8.769,10.688,5.167,0.320,0.450,11.785,2.035,-2.035,24,28,0,27,9.397,7.737,4.693,10.550,2.309,6.395,8.243,13.163,6.395,184.902,20.529,3.010,False,False,False,False,False,False,False,False
802,8.706,10.986,5.267,0.320,0.450,11.785,1.909,-1.909,24,28,0,28,9.397,7.737,4.693,10.550,2.309,6.395,8.243,13.163,6.395,184.902,20.529,3.010,False,False,False,False,False,False,False,False
803,8.644,11.278,5.380,0.320,0.450,11.785,1.865,-1.865,24,28,0,29,9.397,7.737,4.693,10.550,2.309,6.395,8.243,13.163,6.395,184.902,20.529,3.010,False,False,False,False,False,False,False,False
804,8.583,11.566,5.504,0.320,0.450,11.785,1.922,-1.922,24,28,0,30,9.397,7.737,4.693,10.550,2.309,6.395,8.243,13.163,6.395,184.902,20.529,3.010,False,False,False,False,False,False,False,False
805,8.522,11.853,5.630,0.320,0.450,11.785,2.031,-2.031,24,28,0,31,9.397,7.737,4.693,10.550,2.309,6.395,8.243,13.163,6.395,184.902,20.529,3.010,False,False,False,False,False,False,False,False
806,8.463,12.131,5.777,0.320,0.450,11.785,2.156,-2.156,24,28,0,32,9.397,7.737,4.693,10.550,2.309,6.395,8.243,13.163,6.395,184.902,20.529,3.010,False,False,False,False,False,False,False,False
807,8.404,12.408,5.924,0.320,0.450,11.785,2.346,-2.346,24,28,0,33,9.397,7.737,4.693,10.550,2.309,6.395,8.243,13.163,6.395,184.902,20.529,3.010,False,False,False,False,False,False,False,False
808,8.346,12.678,6.085,0.320,0.450,11.785,2.813,-2.813,24,28,0,34,9.397,7.737,4.693,10.550,2.309,6.395,8.243,13.163,6.395,184.902,20.529,3.010,False,False,False,False,False,False,False,False
809,10.892,2.866,6.142,0.320,0.450,11.830,1.976,-1.976,25,28,3,0,9.818,7.918,4.693,10.977,2.467,6.395,8.660,13.369,6.395,184.902,20.529,3.010,False,False,False,False,False,False,False,False
810,10.836,3.132,5.974,0.320,0.450,11.830,1.733,-1.733,25,28,3,1,9.818,7.918,4.693,10.977,2.467,6.395,8.660,13.369,6.395,184.902,20.529,3.010,False,False,False,False,False,False,False,False
811,10.776,3.410,5.827,0.320,0.450,11.830,1.496,-1.496,25,28,3,2,9.818,7.918,4.693,10.977,2.467,6.395,8.660,13.369,6.395,184.902,20.529,3.010,False,False,False,False,False,False,False,False
812,10.717,3.689,5.680,0.320,0.450,11.830,1.266,-1.266,25,28,3,3,9.818,7.918,4.693,10.977,2.467,6.395,8.660,13.369,6.395,184.902,20.529,3.010,False,False,False,False,False,False,False,False
813,10.657,3.973,5.547,0.320,0.450,11.830,1.092,-1.092,25,28,3,4,9.818,7.918,4.693,10.977,2.467,6.395,8.660,13.369,6.395,184.902,20.529,3.010,False,False,False,False,False,False,False,False
814,10.595,4.262,5.423,0.320,0.450,11.830,0.952,-0.952,25,28,3,5,9.818,7.918,4.693,10.977,2.467,6.395,8.660,13.369,6.395,184.902,20.529,3.010,False,False,False,False,False,False,False,False
815,10.534,4.551,5.302,0.320,0.450,11.830,0.841,-0.841,25,28,3,6,9.818,7.918,4.693,10.977,2.467,6.395,8.660,13.369,6.395,184.902,20.529,3.010,False,False,False,False,False,False,False,False
816,10.471,4.849,5.202,0.320,0.450,11.830,0.776,-0.776,25,28,3,7,9.818,7.918,4.693,10.977,2.467,6.395,8.660,13.369,6.395,184.902,20.529,3.010,False,False,False,False,False,False,False,False
817,10.408,5.146,5.102,0.320,0.450,11.830,0.731,-0.731,25,28,3,8,9.818,7.918,4.693,10.977,2.467,6.395,8.660,13.369,6.395,184.902,20.529,3.010,False,False,False,False,False,False,False,False
818,10.343,5.448,5.018,0.320,0.450,11.830,0.705,-0.705,25,28,3,9,9.818,7.918,4.693,10.977,2.467,6.395,8.660,13.369,6.395,184.902,20.529,3.010,False,False,False,False,False,False,False,False
819,10.279,5.752,4.943,0.320,0.450,11.830,0.698,-0.698,25,28,3,10,9.818,7.918,4.693,10.977,2.467,6.395,8.660,13.369,6.395,184.902,20.529,3.010,False,False,False,False,False,False,False,False
820,10.214,6.057,4.872,0.320,0.450,11.830,0.733,-0.733,25,28,3,11,9.818,7.918,4.693,10.977,2.467,6.395,8.660,13.369,6.395,184.902,20.529,3.010,False,False,False,False,False,False,False,False
821,10.148,6.366,4.821,0.320,0.450,11.830,0.839,-0.839,25,28,3,12,9.818,7.918,4.693,10.977,2.467,6.395,8.660,13.369,6.395,184.902,20.529,3.010,False,False,False,False,False,False,False,False
822,10.082,6.675,4.770,0.320,0.450,11.830,0.919,-0.919,25,28,3,13,9.818,7.918,4.693,10.977,2.467,6.395,8.660,13.369,6.395,184.902,20.529,3.010,False,False,False,False,False,False,False,False
823,10.016,6.986,4.738,0.320,0.450,11.830,0.962,-0.962,25,28,3,14,9.818,7.918,4.693,10.977,2.467,6.395,8.660,13.369,6.395,184.902,20.529,3.010,False,False,False,False,False,False,False,False
824,9.950,7.298,4.712,0.320,0.450,11.830,0.951,-0.951,25,28,0,15,9.818,7.918,4.693,10.977,2.467,6.395,8.660,13.369,6.395,184.902,20.529,3.010,False,False,False,False,False,False,False,False
825,9.884,7.610,4.693,0.320,0.450,11.830,0.881,-0.881,25,28,0,16,9.818,7.918,4.693,10.977,2.467,6.395,8.660,13.369,6.395,184.902,20.529,3.010,False,False,False,False,False,False,False,False
826,9.817,7.923,4.693,0.320,0.450,11.830,0.791,-0.791,25,28,0,17,9.818,7.918,4.693,10.977,2.467,6.395,8.660,13.369,6.395,184.902,20.529,3.010,False,False,False,False,False,False,False,False
827,9.751,8.236,4.693,0.320,0.450,11.830,0.693,-0.693,25,28,0,18,9.818,7.918,4.693,10.977,2.467,6.395,8.660,13.369,6.395,184.902,20.529,3.010,False,False,False,False,False,False,False,False
828,9.684,8.548,4.713,0.320,0.450,11.830,0.755,-0.755,25,28,0,19,9.818,7.918,4.693,10.977,2.467,6.395,8.660,13.369,6.395,184.902,20.529,3.010,False,False,False,False,False,False,False,False
829,9.618,8.860,4.739,0.320,0.450,11.830,0.963,-0.963,25,28,0,20,9.818,7.918,4.693,10.977,2.467,6.395,8.660,13.369,6.395,184.902,20.529,3.010,False,False,False,False,False,False,False,False
830,9.552,9.171,4.772,0.320,0.450,11.830,1.498,-1.498,25,28,0,21,9.818,7.918,4.693,10.977,2.467,6.395,8.660,13.369,6.395,184.902,20.529,3.010,False,False,False,False,False,False,False,False
831,9.486,9.480,4.823,0.320,0.450,11.830,1.764,-1.764,25,28,0,22,9.818,7.918,4.693,10.977,2.467,6.395,8.660,13.369,6.395,184.902,20.529,3.010,False,False,False,False,False,False,False,False
832,9.421,9.789,4.873,0.320,0.450,11.830,1.956,-1.956,25,28,0,23,9.818,7.918,4.693,10.977,2.467,6.395,8.660,13.369,6.395,184.902,20.529,3.010,False,False,False,False,False,False,False,False
833,9.356,10.094,4.945,0.320,0.450,11.830,2.023,-2.023,25,28,0,24,9.818,7.918,4.693,10.977,2.467,6.395,8.660,13.369,6.395,184.902,20.529,3.010,False,False,False,False,False,False,False,False
834,9.291,10.398,5.021,0.320,0.450,11.830,2.023,-2.023,25,28,0,25,9.818,7.918,4.693,10.977,2.467,6.395,8.660,13.369,6.395,184.902,20.529,3.010,False,False,False,False,False,False,False,False
835,9.227,10.700,5.106,0.320,0.450,11.830,1.923,-1.923,25,28,0,26,9.818,7.918,4.693,10.977,2.467,6.395,8.660,13.369,6.395,184.902,20.529,3.010,False,False,False,False,False,False,False,False
836,9.164,10.998,5.206,0.320,0.450,11.830,1.779,-1.779,25,28,0,27,9.818,7.918,4.693,10.977,2.467,6.395,8.660,13.369,6.395,184.902,20.529,3.010,False,False,False,False,False,False,False,False
837,9.100,11.296,5.306,0.320,0.450,11.830,1.705,-1.705,25,28,0,28,9.818,7.918,4.693,10.977,2.467,6.395,8.660,13.369,6.395,184.902,20.529,3.010,False,False,False,False,False,False,False,False
838,9.039,11.585,5.428,0.320,0.450,11.830,1.749,-1.749,25,28,0,29,9.818,7.918,4.693,10.977,2.467,6.395,8.660,13.369,6.395,184.902,20.529,3.010,False,False,False,False,False,False,False,False
839,8.978,11.873,5.551,0.320,0.450,11.830,1.887,-1.887,25,28,0,30,9.818,7.918,4.693,10.977,2.467,6.395,8.660,13.369,6.395,184.902,20.529,3.010,False,False,False,False,False,False,False,False
840,8.917,12.156,5.685,0.320,0.450,11.830,2.017,-2.017,25,28,0,31,9.818,7.918,4.693,10.977,2.467,6.395,8.660,13.369,6.395,184.902,20.529,3.010,False,False,False,False,False,False,False,False
841,8.858,12.434,5.832,0.320,0.450,11.830,2.176,-2.176,25,28,0,32,9.818,7.918,4.693,10.977,2.467,6.395,8.660,13.369,6.395,184.902,20.529,3.010,False,False,False,False,False,False,False,False
842,8.799,12.712,5.978,0.320,0.450,11.830,2.492,-2.492,25,28,0,33,9.818,7.918,4.693,10.977,2.467,6.395,8.660,13.369,6.395,184.902,20.529,3.010,False,False,False,False,False,False,False,False
843,8.743,12.978,6.147,0.320,0.450,11.830,3.092,-3.092,25,28,0,34,9.818,7.918,4.693,10.977,2.467,6.395,8.660,13.369,6.395,184.902,20.529,3.010,False,False,False,False,False,False,False,False
844,11.346,2.893,6.226,0.320,0.450,11.874,2.011,-2.011,26,28,3,0,10.239,8.101,4.693,11.403,2.627,6.395,9.076,13.574,6.395,184.902,20.529,3.010,False,False,False,False,False,False,False,False
845,11.290,3.159,6.058,0.320,0.450,11.874,1.759,-1.759,26,28,3,1,10.239,8.101,4.693,11.403,2.627,6.395,9.076,13.574,6.395,184.902,20.529,3.010,False,False,False,False,False,False,False,False
846,11.232,3.432,5.902,0.320,0.450,11.874,1.503,-1.503,26,28,3,2,10.239,8.101,4.693,11.403,2.627,6.395,9.076,13.574,6.395,184.902,20.529,3.010,False,False,False,False,False,False,False,False
847,11.173,3.710,5.756,0.320,0.450,11.874,1.237,-1.237,26,28,3,3,10.239,8.101,4.693,11.403,2.627,6.395,9.076,13.574,6.395,184.902,20.529,3.010,False,False,False,False,False,False,False,False
848,11.113,3.989,5.611,0.320,0.450,11.874,1.040,-1.040,26,28,3,4,10.239,8.101,4.693,11.403,2.627,6.395,9.076,13.574,6.395,184.902,20.529,3.010,False,False,False,False,False,False,False,False
849,11.052,4.278,5.488,0.320,0.450,11.874,0.890,-0.890,26,28,3,5,10.239,8.101,4.693,11.403,2.627,6.395,9.076,13.574,6.395,184.902,20.529,3.010,False,False,False,False,False,False,False,False
850,10.991,4.567,5.364,0.320,0.450,11.874,0.782,-0.782,26,28,3,6,10.239,8.101,4.693,11.403,2.627,6.395,9.076,13.574,6.395,184.902,20.529,3.010,False,False,False,False,False,False,False,False
851,10.928,4.861,5.255,0.320,0.450,11.874,0.713,-0.713,26,28,3,7,10.239,8.101,4.693,11.403,2.627,6.395,9.076,13.574,6.395,184.902,20.529,3.010,False,False,False,False,False,False,False,False
852,10.865,5.159,5.155,0.320,0.450,11.874,0.667,-0.667,26,28,3,8,10.239,8.101,4.693,11.403,2.627,6.395,9.076,13.574,6.395,184.902,20.529,3.010,False,False,False,False,False,False,False,False
853,10.801,5.457,5.058,0.320,0.450,11.874,0.637,-0.637,26,28,3,9,10.239,8.101,4.693,11.403,2.627,6.395,9.076,13.574,6.395,184.902,20.529,3.010,False,False,False,False,False,False,False,False
854,10.737,5.761,4.983,0.320,0.450,11.874,0.636,-0.636,26,28,3,10,10.239,8.101,4.693,11.403,2.627,6.395,9.076,13.574,6.395,184.902,20.529,3.010,False,False,False,False,False,False,False,False
855,10.672,6.065,4.908,0.320,0.450,11.874,0.662,-0.662,26,28,3,11,10.239,8.101,4.693,11.403,2.627,6.395,9.076,13.574,6.395,184.902,20.529,3.010,False,False,False,False,False,False,False,False
856,10.607,6.373,4.849,0.320,0.450,11.874,0.757,-0.757,26,28,3,12,10.239,8.101,4.693,11.403,2.627,6.395,9.076,13.574,6.395,184.902,20.529,3.010,False,False,False,False,False,False,False,False
857,10.541,6.682,4.798,0.320,0.450,11.874,0.831,-0.831,26,28,3,13,10.239,8.101,4.693,11.403,2.627,6.395,9.076,13.574,6.395,184.902,20.529,3.010,False,False,False,False,False,False,False,False
858,10.475,6.992,4.752,0.320,0.450,11.874,0.836,-0.836,26,28,3,14,10.239,8.101,4.693,11.403,2.627,6.395,9.076,13.574,6.395,184.902,20.529,3.010,False,False,False,False,False,False,False,False
859,10.409,7.303,4.727,0.320,0.450,11.874,0.787,-0.787,26,28,0,15,10.239,8.101,4.693,11.403,2.627,6.395,9.076,13.574,6.395,184.902,20.529,3.010,False,False,False,False,False,False,False,False
860,10.343,7.615,4.701,0.320,0.450,11.874,0.656,-0.656,26,28,0,16,10.239,8.101,4.693,11.403,2.627,6.395,9.076,13.574,6.395,184.902,20.529,3.010,False,False,False,False,False,False,False,False
861,10.276,7.928,4.693,0.320,0.450,11.874,0.513,-0.513,26,28,0,17,10.239,8.101,4.693,11.403,2.627,6.395,9.076,13.574,6.395,184.902,20.529,3.010,False,False,False,False,False,False,False,False
862,10.210,8.241,4.693,0.320,0.450,11.874,0.426,-0.426,26,28,0,18,10.239,8.101,4.693,11.403,2.627,6.395,9.076,13.574,6.395,184.902,20.529,3.010,False,False,False,False,False,False,False,False
863,10.143,8.554,4.699,0.320,0.450,11.874,0.396,-0.396,26,28,0,19,10.239,8.101,4.693,11.403,2.627,6.395,9.076,13.574,6.395,184.902,20.529,3.010,False,False,False,False,False,False,False,False
864,10.077,8.865,4.724,0.320,0.450,11.874,0.536,-0.536,26,28,0,20,10.239,8.101,4.693,11.403,2.627,6.395,9.076,13.574,6.395,184.902,20.529,3.010,False,False,False,False,False,False,False,False
865,10.011,9.177,4.749,0.320,0.450,11.874,0.848,-0.848,26,28,0,21,10.239,8.101,4.693,11.403,2.627,6.395,9.076,13.574,6.395,184.902,20.529,3.010,False,False,False,False,False,False,False,False
866,9.945,9.487,4.793,0.320,0.450,11.874,1.298,-1.298,26,28,0,22,10.239,8.101,4.693,11.403,2.627,6.395,9.076,13.574,6.395,184.902,20.529,3.010,False,False,False,False,False,False,False,False
867,9.879,9.796,4.843,0.320,0.450,11.874,1.548,-1.548,26,28,0,23,10.239,8.101,4.693,11.403,2.627,6.395,9.076,13.574,6.395,184.902,20.529,3.010,False,False,False,False,False,False,False,False
868,9.814,10.104,4.900,0.320,0.450,11.874,1.686,-1.686,26,28,0,24,10.239,8.101,4.693,11.403,2.627,6.395,9.076,13.574,6.395,184.902,20.529,3.010,False,False,False,False,False,False,False,False
869,9.749,10.408,4.976,0.320,0.450,11.874,1.721,-1.721,26,28,0,25,10.239,8.101,4.693,11.403,2.627,6.395,9.076,13.574,6.395,184.902,20.529,3.010,False,False,False,False,False,False,False,False
870,9.684,10.713,5.051,0.320,0.450,11.874,1.652,-1.652,26,28,0,26,10.239,8.101,4.693,11.403,2.627,6.395,9.076,13.574,6.395,184.902,20.529,3.010,False,False,False,False,False,False,False,False
871,9.621,11.012,5.145,0.320,0.450,11.874,1.518,-1.518,26,28,0,27,10.239,8.101,4.693,11.403,2.627,6.395,9.076,13.574,6.395,184.902,20.529,3.010,False,False,False,False,False,False,False,False
872,9.557,11.310,5.245,0.320,0.450,11.874,1.450,-1.450,26,28,0,28,10.239,8.101,4.693,11.403,2.627,6.395,9.076,13.574,6.395,184.902,20.529,3.010,False,False,False,False,False,False,False,False
873,9.495,11.605,5.352,0.320,0.450,11.874,1.476,-1.476,26,28,0,29,10.239,8.101,4.693,11.403,2.627,6.395,9.076,13.574,6.395,184.902,20.529,3.010,False,False,False,False,False,False,False,False
874,9.433,11.893,5.475,0.320,0.450,11.874,1.643,-1.643,26,28,0,30,10.239,8.101,4.693,11.403,2.627,6.395,9.076,13.574,6.395,184.902,20.529,3.010,False,False,False,False,False,False,False,False
875,9.372,12.181,5.598,0.320,0.450,11.874,1.834,-1.834,26,28,0,31,10.239,8.101,4.693,11.403,2.627,6.395,9.076,13.574,6.395,184.902,20.529,3.010,False,False,False,False,False,False,False,False
876,9.313,12.461,5.740,0.320,0.450,11.874,2.022,-2.022,26,28,0,32,10.239,8.101,4.693,11.403,2.627,6.395,9.076,13.574,6.395,184.902,20.529,3.010,False,False,False,False,False,False,False,False
877,9.254,12.739,5.886,0.320,0.450,11.874,2.264,-2.264,26,28,0,33,10.239,8.101,4.693,11.403,2.627,6.395,9.076,13.574,6.395,184.902,20.529,3.010,False,False,False,False,False,False,False,False
878,9.195,13.013,6.040,0.320,0.450,11.874,2.702,-2.702,26,28,0,34,10.239,8.101,4.693,11.403,2.627,6.395,9.076,13.574,6.395,184.902,20.529,3.010,False,False,False,False,False,False,False,False
879,9.139,13.279,6.208,0.320,0.450,11.874,3.245,-3.245,26,28,0,35,10.239,8.101,4.693,11.403,2.627,6.395,9.076,13.574,6.395,184.902,20.529,3.010,False,False,False,False,False,False,False,False
880,11.744,3.189,6.143,0.320,0.450,11.917,1.801,-1.801,27,28,3,0,10.660,8.285,4.693,11.829,2.789,6.395,9.492,13.780,6.395,184.902,20.529,3.010,False,False,False,False,False,False,False,False
881,11.685,3.464,5.972,0.320,0.450,11.917,1.476,-1.476,27,28,3,1,10.660,8.285,4.693,11.829,2.789,6.395,9.492,13.780,6.395,184.902,20.529,3.010,False,False,False,False,False,False,False,False
882,11.624,3.751,5.822,0.320,0.450,11.917,1.175,-1.175,27,28,3,2,10.660,8.285,4.693,11.829,2.789,6.395,9.492,13.780,6.395,184.902,20.529,3.010,False,False,False,False,False,False,False,False
883,11.563,4.038,5.672,0.320,0.450,11.917,0.922,-0.922,27,28,3,3,10.660,8.285,4.693,11.829,2.789,6.395,9.492,13.780,6.395,184.902,20.529,3.010,False,False,False,False,False,False,False,False
884,11.501,4.331,5.537,0.320,0.450,11.917,0.716,-0.716,27,28,3,4,10.660,8.285,4.693,11.829,2.789,6.395,9.492,13.780,6.395,184.902,20.529,3.010,False,False,False,False,False,False,False,False
885,11.438,4.629,5.411,0.320,0.450,11.917,0.582,-0.582,27,28,3,5,10.660,8.285,4.693,11.829,2.789,6.395,9.492,13.780,6.395,184.902,20.529,3.010,False,False,False,False,False,False,False,False
886,11.374,4.928,5.290,0.320,0.450,11.917,0.493,-0.493,27,28,3,6,10.660,8.285,4.693,11.829,2.789,6.395,9.492,13.780,6.395,184.902,20.529,3.010,False,False,False,False,False,False,False,False
887,11.309,5.235,5.188,0.320,0.450,11.917,0.460,-0.460,27,28,3,7,10.660,8.285,4.693,11.829,2.789,6.395,9.492,13.780,6.395,184.902,20.529,3.010,False,False,False,False,False,False,False,False
888,11.244,5.541,5.086,0.320,0.450,11.917,0.430,-0.430,27,28,3,8,10.660,8.285,4.693,11.829,2.789,6.395,9.492,13.780,6.395,184.902,20.529,3.010,False,False,False,False,False,False,False,False
889,11.177,5.853,5.004,0.320,0.450,11.917,0.435,-0.435,27,28,3,9,10.660,8.285,4.693,11.829,2.789,6.395,9.492,13.780,6.395,184.902,20.529,3.010,False,False,False,False,False,False,False,False
890,11.111,6.166,4.927,0.320,0.450,11.917,0.455,-0.455,27,28,3,10,10.660,8.285,4.693,11.829,2.789,6.395,9.492,13.780,6.395,184.902,20.529,3.010,False,False,False,False,False,False,False,False
891,11.044,6.482,4.860,0.320,0.450,11.917,0.542,-0.542,27,28,3,11,10.660,8.285,4.693,11.829,2.789,6.395,9.492,13.780,6.395,184.902,20.529,3.010,False,False,False,False,False,False,False,False
892,10.976,6.800,4.808,0.320,0.450,11.917,0.654,-0.654,27,28,3,12,10.660,8.285,4.693,11.829,2.789,6.395,9.492,13.780,6.395,184.902,20.529,3.010,False,False,False,False,False,False,False,False
893,10.908,7.118,4.756,0.320,0.450,11.917,0.689,-0.689,27,28,3,13,10.660,8.285,4.693,11.829,2.789,6.395,9.492,13.780,6.395,184.902,20.529,3.010,False,False,False,False,False,False,False,False
894,10.840,7.439,4.730,0.320,0.450,11.917,0.598,-0.598,27,28,0,14,10.660,8.285,4.693,11.829,2.789,6.395,9.492,13.780,6.395,184.902,20.529,3.010,False,False,False,False,False,False,False,False
895,10.772,7.760,4.704,0.320,0.450,11.917,0.406,-0.406,27,28,0,15,10.660,8.285,4.693,11.829,2.789,6.395,9.492,13.780,6.395,184.902,20.529,3.010,False,False,False,False,False,False,False,False
896,10.704,8.082,4.693,0.320,0.450,11.917,0.227,-0.227,27,28,0,16,10.660,8.285,4.693,11.829,2.789,6.395,9.492,13.780,6.395,184.902,20.529,3.010,False,False,False,False,False,False,False,False
897,10.635,8.404,4.693,0.320,0.450,11.917,0.099,-0.099,27,28,0,17,10.660,8.285,4.693,11.829,2.789,6.395,9.492,13.780,6.395,184.902,20.529,3.010,False,False,False,False,False,False,False,False
898,10.567,8.726,4.698,0.320,0.450,11.917,0.162,-0.162,27,28,0,18,10.660,8.285,4.693,11.829,2.789,6.395,9.492,13.780,6.395,184.902,20.529,3.010,False,False,False,False,False,False,False,False
899,10.498,9.047,4.724,0.320,0.450,11.917,0.315,-0.315,27,28,0,19,10.660,8.285,4.693,11.829,2.789,6.395,9.492,13.780,6.395,184.902,20.529,3.010,False,False,False,False,False,False,False,False
900,10.430,9.368,4.750,0.320,0.450,11.917,0.599,-0.599,27,28,0,20,10.660,8.285,4.693,11.829,2.789,6.395,9.492,13.780,6.395,184.902,20.529,3.010,False,False,False,False,False,False,False,False
901,10.362,9.687,4.795,0.320,0.450,11.917,0.889,-0.889,27,28,0,21,10.660,8.285,4.693,11.829,2.789,6.395,9.492,13.780,6.395,184.902,20.529,3.010,False,False,False,False,False,False,False,False
902,10.295,10.005,4.847,0.320,0.450,11.917,1.160,-1.160,27,28,0,22,10.660,8.285,4.693,11.829,2.789,6.395,9.492,13.780,6.395,184.902,20.529,3.010,False,False,False,False,False,False,False,False
903,10.227,10.322,4.907,0.320,0.450,11.917,1.244,-1.244,27,28,0,23,10.660,8.285,4.693,11.829,2.789,6.395,9.492,13.780,6.395,184.902,20.529,3.010,False,False,False,False,False,False,False,False
904,10.161,10.635,4.984,0.320,0.450,11.917,1.226,-1.226,27,28,0,24,10.660,8.285,4.693,11.829,2.789,6.395,9.492,13.780,6.395,184.902,20.529,3.010,False,False,False,False,False,False,False,False
905,10.094,10.948,5.061,0.320,0.450,11.917,1.127,-1.127,27,28,0,25,10.660,8.285,4.693,11.829,2.789,6.395,9.492,13.780,6.395,184.902,20.529,3.010,False,False,False,False,False,False,False,False
906,10.029,11.255,5.161,0.320,0.450,11.917,1.059,-1.059,27,28,0,26,10.660,8.285,4.693,11.829,2.789,6.395,9.492,13.780,6.395,184.902,20.529,3.010,False,False,False,False,False,False,False,False
907,9.964,11.562,5.264,0.320,0.450,11.917,1.054,-1.054,27,28,0,27,10.660,8.285,4.693,11.829,2.789,6.395,9.492,13.780,6.395,184.902,20.529,3.010,False,False,False,False,False,False,False,False
908,9.900,11.864,5.378,0.320,0.450,11.917,1.220,-1.220,27,28,0,28,10.660,8.285,4.693,11.829,2.789,6.395,9.492,13.780,6.395,184.902,20.529,3.010,False,False,False,False,False,False,False,False
909,9.837,12.160,5.504,0.320,0.450,11.917,1.486,-1.486,27,28,0,29,10.660,8.285,4.693,11.829,2.789,6.395,9.492,13.780,6.395,184.902,20.529,3.010,False,False,False,False,False,False,False,False
910,9.774,12.456,5.633,0.320,0.450,11.917,1.763,-1.763,27,28,0,30,10.660,8.285,4.693,11.829,2.789,6.395,9.492,13.780,6.395,184.902,20.529,3.010,False,False,False,False,False,False,False,False
911,9.713,12.742,5.783,0.320,0.450,11.917,2.046,-2.046,27,28,0,31,10.660,8.285,4.693,11.829,2.789,6.395,9.492,13.780,6.395,184.902,20.529,3.010,False,False,False,False,False,False,False,False
912,9.652,13.029,5.932,0.320,0.450,11.917,2.338,-2.338,27,28,0,32,10.660,8.285,4.693,11.829,2.789,6.395,9.492,13.780,6.395,184.902,20.529,3.010,False,False,False,False,False,False,False,False
913,9.593,13.307,6.098,0.320,0.450,11.917,2.936,-2.936,27,28,0,33,10.660,8.285,4.693,11.829,2.789,6.395,9.492,13.780,6.395,184.902,20.529,3.010,False,False,False,False,False,False,False,False
914,-184.902,-20.529,-3.010,0.000,0.000,0.000,0.000,0.000,0,0,0,0,0.000,0.000,0.000,0.000,0.000,0.000,0.000,0.000,0.000,0.000,0.000,0.000,True,False,False,False,False,False,False,False
915,-183.902,-20.529,-3.010,0.000,0.000,0.000,0.000,0.000,0,0,0,0,0.000,0.000,0.000,0.000,0.000,0.000,0.000,0.000,0.000,0.000,0.000,0.000,False,True,False,False,False,False,False,False
916,-184.902,-20.529,-2.010,0.000,0.000,0.000,0.000,0.000,0,0,0,0,0.000,0.000,0.000,0.000,0.000,0.000,0.000,0.000,0.000,0.000,0.000,0.000,False,False,False,True,False,False,False,False
917,-184.902,-19.529,-3.010,0.000,0.000,0.000,0.000,0.000,0,0,0,0,0.000,0.000,0.000,0.000,0.000,0.000,0.000,0.000,0.000,0.000,0.000,0.000,False,False,True,False,False,False,False,False
918,0.000,0.000,0.000,0.000,0.000,0.000,0.000,0.000,0,0,0,0,0.000,0.000,0.000,0.000,0.000,0.000,0.000,0.000,0.000,0.000,0.000,0.000,False,False,False,False,False,False,True,False
919,1.000,0.000,0.000,0.000,0.000,0.000,0.000,0.000,0,0,0,0,0.000,0.000,0.000,0.000,0.000,0.000,0.000,0.000,0.000,0.000,0.000,0.000,False,False,False,False,True,False,False,False
920,0.000,0.000,1.000,0.000,0.000,0.000,0.000,0.000,0,0,0,0,0.000,0.000,0.000,0.000,0.000,0.000,0.000,0.000,0.000,0.000,0.000,0.000,False,False,False,False,False,True,False,False
921,0.000,1.000,0.000,0.000,0.000,0.000,0.000,0.000,0,0,0,0,0.000,0.000,0.000,0.000,0.000,0.000,0.000,0.000,0.000,0.000,0.000,0.000,False,False,False,False,False,False,False,True
